partition_id,parent_id,depth,status,dimension,facet_id,reported_count,checked_at,url,validation_error
"c0331f26-6d67-478e-ad46-c1793d314f83","6ea5dd2d-aad7-456e-bcf3-854d996819ad",2,"accepted","INDUSTRY","1",20,"2026-07-22T18:49:59.995Z","https://www.linkedin.com/sales/search/people?query=(recentSearchParam:(id:5752546450,doLogHistory:true),filters:List((type:INDUSTRY,values:List((id:1,selectionType:INCLUDED))),(type:GEOGRAPHY,values:List((id:91000007,selectionType:INCLUDED))),(type:FOLLOWS_YOUR_COMPANY,values:List((id:CF,text:Following%2520your%2520company,selectionType:INCLUDED))),(type:RECENTLY_CHANGED_JOBS,values:List((id:RPC,text:Changed%2520jobs,selectionType:INCLUDED))),(type:RELATIONSHIP,values:List((id:O,text:3rd%252B%2520degree%2520connections,selectionType:INCLUDED))),(type:POSTED_ON_LINKEDIN,values:List((id:RPOL,text:Posted%2520on%2520LinkedIn,selectionType:INCLUDED)))))&sessionId=7PDP%2FfqwRIe1fIP96wVAIg%3D%3D&viewAllFilters=true",""
"32b8e9b0-c6c5-47b1-bb1b-d99c27edbc14","6ea5dd2d-aad7-456e-bcf3-854d996819ad",2,"accepted","INDUSTRY","4",83,"2026-07-22T18:50:04.637Z","https://www.linkedin.com/sales/search/people?query=(recentSearchParam:(id:5752546450,doLogHistory:true),filters:List((type:INDUSTRY,values:List((id:4,selectionType:INCLUDED))),(type:GEOGRAPHY,values:List((id:91000007,selectionType:INCLUDED))),(type:FOLLOWS_YOUR_COMPANY,values:List((id:CF,text:Following%2520your%2520company,selectionType:INCLUDED))),(type:RECENTLY_CHANGED_JOBS,values:List((id:RPC,text:Changed%2520jobs,selectionType:INCLUDED))),(type:RELATIONSHIP,values:List((id:O,text:3rd%252B%2520degree%2520connections,selectionType:INCLUDED))),(type:POSTED_ON_LINKEDIN,values:List((id:RPOL,text:Posted%2520on%2520LinkedIn,selectionType:INCLUDED)))))&sessionId=7PDP%2FfqwRIe1fIP96wVAIg%3D%3D&viewAllFilters=true",""
"435f513b-158b-41b5-9954-ce7c0769775f","6ea5dd2d-aad7-456e-bcf3-854d996819ad",2,"accepted","INDUSTRY","5",1,"2026-07-22T18:50:07.036Z","https://www.linkedin.com/sales/search/people?query=(recentSearchParam:(id:5752546450,doLogHistory:true),filters:List((type:INDUSTRY,values:List((id:5,selectionType:INCLUDED))),(type:GEOGRAPHY,values:List((id:91000007,selectionType:INCLUDED))),(type:FOLLOWS_YOUR_COMPANY,values:List((id:CF,text:Following%2520your%2520company,selectionType:INCLUDED))),(type:RECENTLY_CHANGED_JOBS,values:List((id:RPC,text:Changed%2520jobs,selectionType:INCLUDED))),(type:RELATIONSHIP,values:List((id:O,text:3rd%252B%2520degree%2520connections,selectionType:INCLUDED))),(type:POSTED_ON_LINKEDIN,values:List((id:RPOL,text:Posted%2520on%2520LinkedIn,selectionType:INCLUDED)))))&sessionId=7PDP%2FfqwRIe1fIP96wVAIg%3D%3D&viewAllFilters=true",""
"088887e9-037c-4f85-b9b4-172ea9b95e4d","6ea5dd2d-aad7-456e-bcf3-854d996819ad",2,"accepted","INDUSTRY","6",268,"2026-07-22T18:50:09.563Z","https://www.linkedin.com/sales/search/people?query=(recentSearchParam:(id:5752546450,doLogHistory:true),filters:List((type:INDUSTRY,values:List((id:6,selectionType:INCLUDED))),(type:GEOGRAPHY,values:List((id:91000007,selectionType:INCLUDED))),(type:FOLLOWS_YOUR_COMPANY,values:List((id:CF,text:Following%2520your%2520company,selectionType:INCLUDED))),(type:RECENTLY_CHANGED_JOBS,values:List((id:RPC,text:Changed%2520jobs,selectionType:INCLUDED))),(type:RELATIONSHIP,values:List((id:O,text:3rd%252B%2520degree%2520connections,selectionType:INCLUDED))),(type:POSTED_ON_LINKEDIN,values:List((id:RPOL,text:Posted%2520on%2520LinkedIn,selectionType:INCLUDED)))))&sessionId=7PDP%2FfqwRIe1fIP96wVAIg%3D%3D&viewAllFilters=true",""
"8953ae95-5da3-42b9-8528-ffbb6058f489","6ea5dd2d-aad7-456e-bcf3-854d996819ad",2,"accepted","INDUSTRY","7",12,"2026-07-22T18:50:11.963Z","https://www.linkedin.com/sales/search/people?query=(recentSearchParam:(id:5752546450,doLogHistory:true),filters:List((type:INDUSTRY,values:List((id:7,selectionType:INCLUDED))),(type:GEOGRAPHY,values:List((id:91000007,selectionType:INCLUDED))),(type:FOLLOWS_YOUR_COMPANY,values:List((id:CF,text:Following%2520your%2520company,selectionType:INCLUDED))),(type:RECENTLY_CHANGED_JOBS,values:List((id:RPC,text:Changed%2520jobs,selectionType:INCLUDED))),(type:RELATIONSHIP,values:List((id:O,text:3rd%252B%2520degree%2520connections,selectionType:INCLUDED))),(type:POSTED_ON_LINKEDIN,values:List((id:RPOL,text:Posted%2520on%2520LinkedIn,selectionType:INCLUDED)))))&sessionId=7PDP%2FfqwRIe1fIP96wVAIg%3D%3D&viewAllFilters=true",""
"ae3c54b8-73d7-4917-89bf-78cccc2a330b","6ea5dd2d-aad7-456e-bcf3-854d996819ad",2,"accepted","INDUSTRY","8",31,"2026-07-22T18:50:14.473Z","https://www.linkedin.com/sales/search/people?query=(recentSearchParam:(id:5752546450,doLogHistory:true),filters:List((type:INDUSTRY,values:List((id:8,selectionType:INCLUDED))),(type:GEOGRAPHY,values:List((id:91000007,selectionType:INCLUDED))),(type:FOLLOWS_YOUR_COMPANY,values:List((id:CF,text:Following%2520your%2520company,selectionType:INCLUDED))),(type:RECENTLY_CHANGED_JOBS,values:List((id:RPC,text:Changed%2520jobs,selectionType:INCLUDED))),(type:RELATIONSHIP,values:List((id:O,text:3rd%252B%2520degree%2520connections,selectionType:INCLUDED))),(type:POSTED_ON_LINKEDIN,values:List((id:RPOL,text:Posted%2520on%2520LinkedIn,selectionType:INCLUDED)))))&sessionId=7PDP%2FfqwRIe1fIP96wVAIg%3D%3D&viewAllFilters=true",""
"55e9d2ea-3b2e-4232-b74d-d59e75563f29","6ea5dd2d-aad7-456e-bcf3-854d996819ad",2,"accepted","INDUSTRY","9",46,"2026-07-22T18:50:16.836Z","https://www.linkedin.com/sales/search/people?query=(recentSearchParam:(id:5752546450,doLogHistory:true),filters:List((type:INDUSTRY,values:List((id:9,selectionType:INCLUDED))),(type:GEOGRAPHY,values:List((id:91000007,selectionType:INCLUDED))),(type:FOLLOWS_YOUR_COMPANY,values:List((id:CF,text:Following%2520your%2520company,selectionType:INCLUDED))),(type:RECENTLY_CHANGED_JOBS,values:List((id:RPC,text:Changed%2520jobs,selectionType:INCLUDED))),(type:RELATIONSHIP,values:List((id:O,text:3rd%252B%2520degree%2520connections,selectionType:INCLUDED))),(type:POSTED_ON_LINKEDIN,values:List((id:RPOL,text:Posted%2520on%2520LinkedIn,selectionType:INCLUDED)))))&sessionId=7PDP%2FfqwRIe1fIP96wVAIg%3D%3D&viewAllFilters=true",""
"eebfd5bc-803e-45d2-8b76-6673a136d707","6ea5dd2d-aad7-456e-bcf3-854d996819ad",2,"accepted","INDUSTRY","10",111,"2026-07-22T18:50:19.162Z","https://www.linkedin.com/sales/search/people?query=(recentSearchParam:(id:5752546450,doLogHistory:true),filters:List((type:INDUSTRY,values:List((id:10,selectionType:INCLUDED))),(type:GEOGRAPHY,values:List((id:91000007,selectionType:INCLUDED))),(type:FOLLOWS_YOUR_COMPANY,values:List((id:CF,text:Following%2520your%2520company,selectionType:INCLUDED))),(type:RECENTLY_CHANGED_JOBS,values:List((id:RPC,text:Changed%2520jobs,selectionType:INCLUDED))),(type:RELATIONSHIP,values:List((id:O,text:3rd%252B%2520degree%2520connections,selectionType:INCLUDED))),(type:POSTED_ON_LINKEDIN,values:List((id:RPOL,text:Posted%2520on%2520LinkedIn,selectionType:INCLUDED)))))&sessionId=7PDP%2FfqwRIe1fIP96wVAIg%3D%3D&viewAllFilters=true",""
"764409ec-0220-4068-9ce4-040797c8e21d","6ea5dd2d-aad7-456e-bcf3-854d996819ad",2,"accepted","INDUSTRY","11",588,"2026-07-22T18:50:21.929Z","https://www.linkedin.com/sales/search/people?query=(recentSearchParam:(id:5752546450,doLogHistory:true),filters:List((type:INDUSTRY,values:List((id:11,selectionType:INCLUDED))),(type:GEOGRAPHY,values:List((id:91000007,selectionType:INCLUDED))),(type:FOLLOWS_YOUR_COMPANY,values:List((id:CF,text:Following%2520your%2520company,selectionType:INCLUDED))),(type:RECENTLY_CHANGED_JOBS,values:List((id:RPC,text:Changed%2520jobs,selectionType:INCLUDED))),(type:RELATIONSHIP,values:List((id:O,text:3rd%252B%2520degree%2520connections,selectionType:INCLUDED))),(type:POSTED_ON_LINKEDIN,values:List((id:RPOL,text:Posted%2520on%2520LinkedIn,selectionType:INCLUDED)))))&sessionId=7PDP%2FfqwRIe1fIP96wVAIg%3D%3D&viewAllFilters=true",""
"2ef12270-2e9b-4763-821a-e09d9afe1eed","6ea5dd2d-aad7-456e-bcf3-854d996819ad",2,"accepted","INDUSTRY","12",15,"2026-07-22T18:50:24.997Z","https://www.linkedin.com/sales/search/people?query=(recentSearchParam:(id:5752546450,doLogHistory:true),filters:List((type:INDUSTRY,values:List((id:12,selectionType:INCLUDED))),(type:GEOGRAPHY,values:List((id:91000007,selectionType:INCLUDED))),(type:FOLLOWS_YOUR_COMPANY,values:List((id:CF,text:Following%2520your%2520company,selectionType:INCLUDED))),(type:RECENTLY_CHANGED_JOBS,values:List((id:RPC,text:Changed%2520jobs,selectionType:INCLUDED))),(type:RELATIONSHIP,values:List((id:O,text:3rd%252B%2520degree%2520connections,selectionType:INCLUDED))),(type:POSTED_ON_LINKEDIN,values:List((id:RPOL,text:Posted%2520on%2520LinkedIn,selectionType:INCLUDED)))))&sessionId=7PDP%2FfqwRIe1fIP96wVAIg%3D%3D&viewAllFilters=true",""
"f5179950-5c10-4c28-9ca2-f4981e801b7d","6ea5dd2d-aad7-456e-bcf3-854d996819ad",2,"accepted","INDUSTRY","13",11,"2026-07-22T18:50:27.368Z","https://www.linkedin.com/sales/search/people?query=(recentSearchParam:(id:5752546450,doLogHistory:true),filters:List((type:INDUSTRY,values:List((id:13,selectionType:INCLUDED))),(type:GEOGRAPHY,values:List((id:91000007,selectionType:INCLUDED))),(type:FOLLOWS_YOUR_COMPANY,values:List((id:CF,text:Following%2520your%2520company,selectionType:INCLUDED))),(type:RECENTLY_CHANGED_JOBS,values:List((id:RPC,text:Changed%2520jobs,selectionType:INCLUDED))),(type:RELATIONSHIP,values:List((id:O,text:3rd%252B%2520degree%2520connections,selectionType:INCLUDED))),(type:POSTED_ON_LINKEDIN,values:List((id:RPOL,text:Posted%2520on%2520LinkedIn,selectionType:INCLUDED)))))&sessionId=7PDP%2FfqwRIe1fIP96wVAIg%3D%3D&viewAllFilters=true",""
"df024006-dcfc-4a22-b260-e9ec1713e659","6ea5dd2d-aad7-456e-bcf3-854d996819ad",2,"accepted","INDUSTRY","14",112,"2026-07-22T18:50:29.842Z","https://www.linkedin.com/sales/search/people?query=(recentSearchParam:(id:5752546450,doLogHistory:true),filters:List((type:INDUSTRY,values:List((id:14,selectionType:INCLUDED))),(type:GEOGRAPHY,values:List((id:91000007,selectionType:INCLUDED))),(type:FOLLOWS_YOUR_COMPANY,values:List((id:CF,text:Following%2520your%2520company,selectionType:INCLUDED))),(type:RECENTLY_CHANGED_JOBS,values:List((id:RPC,text:Changed%2520jobs,selectionType:INCLUDED))),(type:RELATIONSHIP,values:List((id:O,text:3rd%252B%2520degree%2520connections,selectionType:INCLUDED))),(type:POSTED_ON_LINKEDIN,values:List((id:RPOL,text:Posted%2520on%2520LinkedIn,selectionType:INCLUDED)))))&sessionId=7PDP%2FfqwRIe1fIP96wVAIg%3D%3D&viewAllFilters=true",""
"85b4e03d-70a6-4e4e-a0f6-a2354461c983","6ea5dd2d-aad7-456e-bcf3-854d996819ad",2,"accepted","INDUSTRY","15",26,"2026-07-22T18:50:33.575Z","https://www.linkedin.com/sales/search/people?query=(recentSearchParam:(id:5752546450,doLogHistory:true),filters:List((type:INDUSTRY,values:List((id:15,selectionType:INCLUDED))),(type:GEOGRAPHY,values:List((id:91000007,selectionType:INCLUDED))),(type:FOLLOWS_YOUR_COMPANY,values:List((id:CF,text:Following%2520your%2520company,selectionType:INCLUDED))),(type:RECENTLY_CHANGED_JOBS,values:List((id:RPC,text:Changed%2520jobs,selectionType:INCLUDED))),(type:RELATIONSHIP,values:List((id:O,text:3rd%252B%2520degree%2520connections,selectionType:INCLUDED))),(type:POSTED_ON_LINKEDIN,values:List((id:RPOL,text:Posted%2520on%2520LinkedIn,selectionType:INCLUDED)))))&sessionId=7PDP%2FfqwRIe1fIP96wVAIg%3D%3D&viewAllFilters=true",""
"ec6a2cfe-9e3f-44b8-a85d-8667c7aeb99f","6ea5dd2d-aad7-456e-bcf3-854d996819ad",2,"accepted","INDUSTRY","16",1,"2026-07-22T18:50:35.978Z","https://www.linkedin.com/sales/search/people?query=(recentSearchParam:(id:5752546450,doLogHistory:true),filters:List((type:INDUSTRY,values:List((id:16,selectionType:INCLUDED))),(type:GEOGRAPHY,values:List((id:91000007,selectionType:INCLUDED))),(type:FOLLOWS_YOUR_COMPANY,values:List((id:CF,text:Following%2520your%2520company,selectionType:INCLUDED))),(type:RECENTLY_CHANGED_JOBS,values:List((id:RPC,text:Changed%2520jobs,selectionType:INCLUDED))),(type:RELATIONSHIP,values:List((id:O,text:3rd%252B%2520degree%2520connections,selectionType:INCLUDED))),(type:POSTED_ON_LINKEDIN,values:List((id:RPOL,text:Posted%2520on%2520LinkedIn,selectionType:INCLUDED)))))&sessionId=7PDP%2FfqwRIe1fIP96wVAIg%3D%3D&viewAllFilters=true",""
"bfa4baf2-c935-4b4c-b000-a12211424185","6ea5dd2d-aad7-456e-bcf3-854d996819ad",2,"accepted","INDUSTRY","17",9,"2026-07-22T18:50:38.409Z","https://www.linkedin.com/sales/search/people?query=(recentSearchParam:(id:5752546450,doLogHistory:true),filters:List((type:INDUSTRY,values:List((id:17,selectionType:INCLUDED))),(type:GEOGRAPHY,values:List((id:91000007,selectionType:INCLUDED))),(type:FOLLOWS_YOUR_COMPANY,values:List((id:CF,text:Following%2520your%2520company,selectionType:INCLUDED))),(type:RECENTLY_CHANGED_JOBS,values:List((id:RPC,text:Changed%2520jobs,selectionType:INCLUDED))),(type:RELATIONSHIP,values:List((id:O,text:3rd%252B%2520degree%2520connections,selectionType:INCLUDED))),(type:POSTED_ON_LINKEDIN,values:List((id:RPOL,text:Posted%2520on%2520LinkedIn,selectionType:INCLUDED)))))&sessionId=7PDP%2FfqwRIe1fIP96wVAIg%3D%3D&viewAllFilters=true",""
"1ce14135-d11b-4ebd-a3e7-2e448080896d","6ea5dd2d-aad7-456e-bcf3-854d996819ad",2,"accepted","INDUSTRY","18",4,"2026-07-22T18:50:41.112Z","https://www.linkedin.com/sales/search/people?query=(recentSearchParam:(id:5752546450,doLogHistory:true),filters:List((type:INDUSTRY,values:List((id:18,selectionType:INCLUDED))),(type:GEOGRAPHY,values:List((id:91000007,selectionType:INCLUDED))),(type:FOLLOWS_YOUR_COMPANY,values:List((id:CF,text:Following%2520your%2520company,selectionType:INCLUDED))),(type:RECENTLY_CHANGED_JOBS,values:List((id:RPC,text:Changed%2520jobs,selectionType:INCLUDED))),(type:RELATIONSHIP,values:List((id:O,text:3rd%252B%2520degree%2520connections,selectionType:INCLUDED))),(type:POSTED_ON_LINKEDIN,values:List((id:RPOL,text:Posted%2520on%2520LinkedIn,selectionType:INCLUDED)))))&sessionId=7PDP%2FfqwRIe1fIP96wVAIg%3D%3D&viewAllFilters=true",""
"c4835213-768b-4579-a86b-276617f2ba0f","6ea5dd2d-aad7-456e-bcf3-854d996819ad",2,"accepted","INDUSTRY","19",5,"2026-07-22T18:50:43.498Z","https://www.linkedin.com/sales/search/people?query=(recentSearchParam:(id:5752546450,doLogHistory:true),filters:List((type:INDUSTRY,values:List((id:19,selectionType:INCLUDED))),(type:GEOGRAPHY,values:List((id:91000007,selectionType:INCLUDED))),(type:FOLLOWS_YOUR_COMPANY,values:List((id:CF,text:Following%2520your%2520company,selectionType:INCLUDED))),(type:RECENTLY_CHANGED_JOBS,values:List((id:RPC,text:Changed%2520jobs,selectionType:INCLUDED))),(type:RELATIONSHIP,values:List((id:O,text:3rd%252B%2520degree%2520connections,selectionType:INCLUDED))),(type:POSTED_ON_LINKEDIN,values:List((id:RPOL,text:Posted%2520on%2520LinkedIn,selectionType:INCLUDED)))))&sessionId=7PDP%2FfqwRIe1fIP96wVAIg%3D%3D&viewAllFilters=true",""
"93a65030-cf15-4dec-a9d9-46759b4e601c","6ea5dd2d-aad7-456e-bcf3-854d996819ad",2,"accepted","INDUSTRY","20",1,"2026-07-22T18:50:45.793Z","https://www.linkedin.com/sales/search/people?query=(recentSearchParam:(id:5752546450,doLogHistory:true),filters:List((type:INDUSTRY,values:List((id:20,selectionType:INCLUDED))),(type:GEOGRAPHY,values:List((id:91000007,selectionType:INCLUDED))),(type:FOLLOWS_YOUR_COMPANY,values:List((id:CF,text:Following%2520your%2520company,selectionType:INCLUDED))),(type:RECENTLY_CHANGED_JOBS,values:List((id:RPC,text:Changed%2520jobs,selectionType:INCLUDED))),(type:RELATIONSHIP,values:List((id:O,text:3rd%252B%2520degree%2520connections,selectionType:INCLUDED))),(type:POSTED_ON_LINKEDIN,values:List((id:RPOL,text:Posted%2520on%2520LinkedIn,selectionType:INCLUDED)))))&sessionId=7PDP%2FfqwRIe1fIP96wVAIg%3D%3D&viewAllFilters=true",""
"b9ea75b7-e1bf-453b-af9c-b09236b9cfa9","6ea5dd2d-aad7-456e-bcf3-854d996819ad",2,"accepted","INDUSTRY","21",1,"2026-07-22T18:50:48.163Z","https://www.linkedin.com/sales/search/people?query=(recentSearchParam:(id:5752546450,doLogHistory:true),filters:List((type:INDUSTRY,values:List((id:21,selectionType:INCLUDED))),(type:GEOGRAPHY,values:List((id:91000007,selectionType:INCLUDED))),(type:FOLLOWS_YOUR_COMPANY,values:List((id:CF,text:Following%2520your%2520company,selectionType:INCLUDED))),(type:RECENTLY_CHANGED_JOBS,values:List((id:RPC,text:Changed%2520jobs,selectionType:INCLUDED))),(type:RELATIONSHIP,values:List((id:O,text:3rd%252B%2520degree%2520connections,selectionType:INCLUDED))),(type:POSTED_ON_LINKEDIN,values:List((id:RPOL,text:Posted%2520on%2520LinkedIn,selectionType:INCLUDED)))))&sessionId=7PDP%2FfqwRIe1fIP96wVAIg%3D%3D&viewAllFilters=true",""
"8f275e01-54f0-4269-b016-5aade25f50bd","6ea5dd2d-aad7-456e-bcf3-854d996819ad",2,"accepted","INDUSTRY","22",1,"2026-07-22T18:50:50.554Z","https://www.linkedin.com/sales/search/people?query=(recentSearchParam:(id:5752546450,doLogHistory:true),filters:List((type:INDUSTRY,values:List((id:22,selectionType:INCLUDED))),(type:GEOGRAPHY,values:List((id:91000007,selectionType:INCLUDED))),(type:FOLLOWS_YOUR_COMPANY,values:List((id:CF,text:Following%2520your%2520company,selectionType:INCLUDED))),(type:RECENTLY_CHANGED_JOBS,values:List((id:RPC,text:Changed%2520jobs,selectionType:INCLUDED))),(type:RELATIONSHIP,values:List((id:O,text:3rd%252B%2520degree%2520connections,selectionType:INCLUDED))),(type:POSTED_ON_LINKEDIN,values:List((id:RPOL,text:Posted%2520on%2520LinkedIn,selectionType:INCLUDED)))))&sessionId=7PDP%2FfqwRIe1fIP96wVAIg%3D%3D&viewAllFilters=true",""
"f1262ded-261d-4d51-b144-6d7a4bd7b8d0","6ea5dd2d-aad7-456e-bcf3-854d996819ad",2,"accepted","INDUSTRY","23",19,"2026-07-22T18:50:54.048Z","https://www.linkedin.com/sales/search/people?query=(recentSearchParam:(id:5752546450,doLogHistory:true),filters:List((type:INDUSTRY,values:List((id:23,selectionType:INCLUDED))),(type:GEOGRAPHY,values:List((id:91000007,selectionType:INCLUDED))),(type:FOLLOWS_YOUR_COMPANY,values:List((id:CF,text:Following%2520your%2520company,selectionType:INCLUDED))),(type:RECENTLY_CHANGED_JOBS,values:List((id:RPC,text:Changed%2520jobs,selectionType:INCLUDED))),(type:RELATIONSHIP,values:List((id:O,text:3rd%252B%2520degree%2520connections,selectionType:INCLUDED))),(type:POSTED_ON_LINKEDIN,values:List((id:RPOL,text:Posted%2520on%2520LinkedIn,selectionType:INCLUDED)))))&sessionId=7PDP%2FfqwRIe1fIP96wVAIg%3D%3D&viewAllFilters=true",""
"2e80c138-5cb4-40d7-bc79-784c60710d61","6ea5dd2d-aad7-456e-bcf3-854d996819ad",2,"accepted","INDUSTRY","24",14,"2026-07-22T18:50:56.712Z","https://www.linkedin.com/sales/search/people?query=(recentSearchParam:(id:5752546450,doLogHistory:true),filters:List((type:INDUSTRY,values:List((id:24,selectionType:INCLUDED))),(type:GEOGRAPHY,values:List((id:91000007,selectionType:INCLUDED))),(type:FOLLOWS_YOUR_COMPANY,values:List((id:CF,text:Following%2520your%2520company,selectionType:INCLUDED))),(type:RECENTLY_CHANGED_JOBS,values:List((id:RPC,text:Changed%2520jobs,selectionType:INCLUDED))),(type:RELATIONSHIP,values:List((id:O,text:3rd%252B%2520degree%2520connections,selectionType:INCLUDED))),(type:POSTED_ON_LINKEDIN,values:List((id:RPOL,text:Posted%2520on%2520LinkedIn,selectionType:INCLUDED)))))&sessionId=7PDP%2FfqwRIe1fIP96wVAIg%3D%3D&viewAllFilters=true",""
"02a49d01-23d3-4160-96f2-c7afe6c8cf4a","6ea5dd2d-aad7-456e-bcf3-854d996819ad",2,"accepted","INDUSTRY","25",231,"2026-07-22T18:50:59.476Z","https://www.linkedin.com/sales/search/people?query=(recentSearchParam:(id:5752546450,doLogHistory:true),filters:List((type:INDUSTRY,values:List((id:25,selectionType:INCLUDED))),(type:GEOGRAPHY,values:List((id:91000007,selectionType:INCLUDED))),(type:FOLLOWS_YOUR_COMPANY,values:List((id:CF,text:Following%2520your%2520company,selectionType:INCLUDED))),(type:RECENTLY_CHANGED_JOBS,values:List((id:RPC,text:Changed%2520jobs,selectionType:INCLUDED))),(type:RELATIONSHIP,values:List((id:O,text:3rd%252B%2520degree%2520connections,selectionType:INCLUDED))),(type:POSTED_ON_LINKEDIN,values:List((id:RPOL,text:Posted%2520on%2520LinkedIn,selectionType:INCLUDED)))))&sessionId=7PDP%2FfqwRIe1fIP96wVAIg%3D%3D&viewAllFilters=true",""
"77b71514-2a69-4881-80a4-6de3993eb225","6ea5dd2d-aad7-456e-bcf3-854d996819ad",2,"accepted","INDUSTRY","27",57,"2026-07-22T18:51:04.681Z","https://www.linkedin.com/sales/search/people?query=(recentSearchParam:(id:5752546450,doLogHistory:true),filters:List((type:INDUSTRY,values:List((id:27,selectionType:INCLUDED))),(type:GEOGRAPHY,values:List((id:91000007,selectionType:INCLUDED))),(type:FOLLOWS_YOUR_COMPANY,values:List((id:CF,text:Following%2520your%2520company,selectionType:INCLUDED))),(type:RECENTLY_CHANGED_JOBS,values:List((id:RPC,text:Changed%2520jobs,selectionType:INCLUDED))),(type:RELATIONSHIP,values:List((id:O,text:3rd%252B%2520degree%2520connections,selectionType:INCLUDED))),(type:POSTED_ON_LINKEDIN,values:List((id:RPOL,text:Posted%2520on%2520LinkedIn,selectionType:INCLUDED)))))&sessionId=7PDP%2FfqwRIe1fIP96wVAIg%3D%3D&viewAllFilters=true",""
"652e8e39-e493-401d-8c4d-96dd49e7e44f","6ea5dd2d-aad7-456e-bcf3-854d996819ad",2,"accepted","INDUSTRY","28",65,"2026-07-22T18:51:07.481Z","https://www.linkedin.com/sales/search/people?query=(recentSearchParam:(id:5752546450,doLogHistory:true),filters:List((type:INDUSTRY,values:List((id:28,selectionType:INCLUDED))),(type:GEOGRAPHY,values:List((id:91000007,selectionType:INCLUDED))),(type:FOLLOWS_YOUR_COMPANY,values:List((id:CF,text:Following%2520your%2520company,selectionType:INCLUDED))),(type:RECENTLY_CHANGED_JOBS,values:List((id:RPC,text:Changed%2520jobs,selectionType:INCLUDED))),(type:RELATIONSHIP,values:List((id:O,text:3rd%252B%2520degree%2520connections,selectionType:INCLUDED))),(type:POSTED_ON_LINKEDIN,values:List((id:RPOL,text:Posted%2520on%2520LinkedIn,selectionType:INCLUDED)))))&sessionId=7PDP%2FfqwRIe1fIP96wVAIg%3D%3D&viewAllFilters=true",""
"14fd767f-78f4-4d7b-b42d-aeaa8d57b8b1","6ea5dd2d-aad7-456e-bcf3-854d996819ad",2,"accepted","INDUSTRY","29",4,"2026-07-22T18:51:09.834Z","https://www.linkedin.com/sales/search/people?query=(recentSearchParam:(id:5752546450,doLogHistory:true),filters:List((type:INDUSTRY,values:List((id:29,selectionType:INCLUDED))),(type:GEOGRAPHY,values:List((id:91000007,selectionType:INCLUDED))),(type:FOLLOWS_YOUR_COMPANY,values:List((id:CF,text:Following%2520your%2520company,selectionType:INCLUDED))),(type:RECENTLY_CHANGED_JOBS,values:List((id:RPC,text:Changed%2520jobs,selectionType:INCLUDED))),(type:RELATIONSHIP,values:List((id:O,text:3rd%252B%2520degree%2520connections,selectionType:INCLUDED))),(type:POSTED_ON_LINKEDIN,values:List((id:RPOL,text:Posted%2520on%2520LinkedIn,selectionType:INCLUDED)))))&sessionId=7PDP%2FfqwRIe1fIP96wVAIg%3D%3D&viewAllFilters=true",""
"f42354a9-d5bb-4adf-8a82-3f8f01d7b888","6ea5dd2d-aad7-456e-bcf3-854d996819ad",2,"accepted","INDUSTRY","30",12,"2026-07-22T18:51:12.180Z","https://www.linkedin.com/sales/search/people?query=(recentSearchParam:(id:5752546450,doLogHistory:true),filters:List((type:INDUSTRY,values:List((id:30,selectionType:INCLUDED))),(type:GEOGRAPHY,values:List((id:91000007,selectionType:INCLUDED))),(type:FOLLOWS_YOUR_COMPANY,values:List((id:CF,text:Following%2520your%2520company,selectionType:INCLUDED))),(type:RECENTLY_CHANGED_JOBS,values:List((id:RPC,text:Changed%2520jobs,selectionType:INCLUDED))),(type:RELATIONSHIP,values:List((id:O,text:3rd%252B%2520degree%2520connections,selectionType:INCLUDED))),(type:POSTED_ON_LINKEDIN,values:List((id:RPOL,text:Posted%2520on%2520LinkedIn,selectionType:INCLUDED)))))&sessionId=7PDP%2FfqwRIe1fIP96wVAIg%3D%3D&viewAllFilters=true",""
"6729fd3e-cbf6-41f7-9533-4e881a2eb592","6ea5dd2d-aad7-456e-bcf3-854d996819ad",2,"accepted","INDUSTRY","31",38,"2026-07-22T18:51:14.478Z","https://www.linkedin.com/sales/search/people?query=(recentSearchParam:(id:5752546450,doLogHistory:true),filters:List((type:INDUSTRY,values:List((id:31,selectionType:INCLUDED))),(type:GEOGRAPHY,values:List((id:91000007,selectionType:INCLUDED))),(type:FOLLOWS_YOUR_COMPANY,values:List((id:CF,text:Following%2520your%2520company,selectionType:INCLUDED))),(type:RECENTLY_CHANGED_JOBS,values:List((id:RPC,text:Changed%2520jobs,selectionType:INCLUDED))),(type:RELATIONSHIP,values:List((id:O,text:3rd%252B%2520degree%2520connections,selectionType:INCLUDED))),(type:POSTED_ON_LINKEDIN,values:List((id:RPOL,text:Posted%2520on%2520LinkedIn,selectionType:INCLUDED)))))&sessionId=7PDP%2FfqwRIe1fIP96wVAIg%3D%3D&viewAllFilters=true",""
"dedcb503-7b47-4386-b72c-b2a6db0aceba","6ea5dd2d-aad7-456e-bcf3-854d996819ad",2,"accepted","INDUSTRY","32",1,"2026-07-22T18:51:16.785Z","https://www.linkedin.com/sales/search/people?query=(recentSearchParam:(id:5752546450,doLogHistory:true),filters:List((type:INDUSTRY,values:List((id:32,selectionType:INCLUDED))),(type:GEOGRAPHY,values:List((id:91000007,selectionType:INCLUDED))),(type:FOLLOWS_YOUR_COMPANY,values:List((id:CF,text:Following%2520your%2520company,selectionType:INCLUDED))),(type:RECENTLY_CHANGED_JOBS,values:List((id:RPC,text:Changed%2520jobs,selectionType:INCLUDED))),(type:RELATIONSHIP,values:List((id:O,text:3rd%252B%2520degree%2520connections,selectionType:INCLUDED))),(type:POSTED_ON_LINKEDIN,values:List((id:RPOL,text:Posted%2520on%2520LinkedIn,selectionType:INCLUDED)))))&sessionId=7PDP%2FfqwRIe1fIP96wVAIg%3D%3D&viewAllFilters=true",""
"760d71c3-1d23-4b63-975e-24832215e8c4","6ea5dd2d-aad7-456e-bcf3-854d996819ad",2,"accepted","INDUSTRY","33",17,"2026-07-22T18:51:19.430Z","https://www.linkedin.com/sales/search/people?query=(recentSearchParam:(id:5752546450,doLogHistory:true),filters:List((type:INDUSTRY,values:List((id:33,selectionType:INCLUDED))),(type:GEOGRAPHY,values:List((id:91000007,selectionType:INCLUDED))),(type:FOLLOWS_YOUR_COMPANY,values:List((id:CF,text:Following%2520your%2520company,selectionType:INCLUDED))),(type:RECENTLY_CHANGED_JOBS,values:List((id:RPC,text:Changed%2520jobs,selectionType:INCLUDED))),(type:RELATIONSHIP,values:List((id:O,text:3rd%252B%2520degree%2520connections,selectionType:INCLUDED))),(type:POSTED_ON_LINKEDIN,values:List((id:RPOL,text:Posted%2520on%2520LinkedIn,selectionType:INCLUDED)))))&sessionId=7PDP%2FfqwRIe1fIP96wVAIg%3D%3D&viewAllFilters=true",""
"4737d036-34d5-4ea6-87a8-6400ca7b5285","6ea5dd2d-aad7-456e-bcf3-854d996819ad",2,"accepted","INDUSTRY","34",27,"2026-07-22T18:51:21.821Z","https://www.linkedin.com/sales/search/people?query=(recentSearchParam:(id:5752546450,doLogHistory:true),filters:List((type:INDUSTRY,values:List((id:34,selectionType:INCLUDED))),(type:GEOGRAPHY,values:List((id:91000007,selectionType:INCLUDED))),(type:FOLLOWS_YOUR_COMPANY,values:List((id:CF,text:Following%2520your%2520company,selectionType:INCLUDED))),(type:RECENTLY_CHANGED_JOBS,values:List((id:RPC,text:Changed%2520jobs,selectionType:INCLUDED))),(type:RELATIONSHIP,values:List((id:O,text:3rd%252B%2520degree%2520connections,selectionType:INCLUDED))),(type:POSTED_ON_LINKEDIN,values:List((id:RPOL,text:Posted%2520on%2520LinkedIn,selectionType:INCLUDED)))))&sessionId=7PDP%2FfqwRIe1fIP96wVAIg%3D%3D&viewAllFilters=true",""
"df625903-5882-4dba-871b-00fba7990fb9","6ea5dd2d-aad7-456e-bcf3-854d996819ad",2,"accepted","INDUSTRY","35",9,"2026-07-22T18:51:24.239Z","https://www.linkedin.com/sales/search/people?query=(recentSearchParam:(id:5752546450,doLogHistory:true),filters:List((type:INDUSTRY,values:List((id:35,selectionType:INCLUDED))),(type:GEOGRAPHY,values:List((id:91000007,selectionType:INCLUDED))),(type:FOLLOWS_YOUR_COMPANY,values:List((id:CF,text:Following%2520your%2520company,selectionType:INCLUDED))),(type:RECENTLY_CHANGED_JOBS,values:List((id:RPC,text:Changed%2520jobs,selectionType:INCLUDED))),(type:RELATIONSHIP,values:List((id:O,text:3rd%252B%2520degree%2520connections,selectionType:INCLUDED))),(type:POSTED_ON_LINKEDIN,values:List((id:RPOL,text:Posted%2520on%2520LinkedIn,selectionType:INCLUDED)))))&sessionId=7PDP%2FfqwRIe1fIP96wVAIg%3D%3D&viewAllFilters=true",""
"bc98fb6f-fce5-4510-816c-306292409efe","6ea5dd2d-aad7-456e-bcf3-854d996819ad",2,"accepted","INDUSTRY","36",10,"2026-07-22T18:51:26.996Z","https://www.linkedin.com/sales/search/people?query=(recentSearchParam:(id:5752546450,doLogHistory:true),filters:List((type:INDUSTRY,values:List((id:36,selectionType:INCLUDED))),(type:GEOGRAPHY,values:List((id:91000007,selectionType:INCLUDED))),(type:FOLLOWS_YOUR_COMPANY,values:List((id:CF,text:Following%2520your%2520company,selectionType:INCLUDED))),(type:RECENTLY_CHANGED_JOBS,values:List((id:RPC,text:Changed%2520jobs,selectionType:INCLUDED))),(type:RELATIONSHIP,values:List((id:O,text:3rd%252B%2520degree%2520connections,selectionType:INCLUDED))),(type:POSTED_ON_LINKEDIN,values:List((id:RPOL,text:Posted%2520on%2520LinkedIn,selectionType:INCLUDED)))))&sessionId=7PDP%2FfqwRIe1fIP96wVAIg%3D%3D&viewAllFilters=true",""
"914d4df6-c65e-4c05-9edf-bb8e57217806","6ea5dd2d-aad7-456e-bcf3-854d996819ad",2,"accepted","INDUSTRY","37",3,"2026-07-22T18:51:30.163Z","https://www.linkedin.com/sales/search/people?query=(recentSearchParam:(id:5752546450,doLogHistory:true),filters:List((type:INDUSTRY,values:List((id:37,selectionType:INCLUDED))),(type:GEOGRAPHY,values:List((id:91000007,selectionType:INCLUDED))),(type:FOLLOWS_YOUR_COMPANY,values:List((id:CF,text:Following%2520your%2520company,selectionType:INCLUDED))),(type:RECENTLY_CHANGED_JOBS,values:List((id:RPC,text:Changed%2520jobs,selectionType:INCLUDED))),(type:RELATIONSHIP,values:List((id:O,text:3rd%252B%2520degree%2520connections,selectionType:INCLUDED))),(type:POSTED_ON_LINKEDIN,values:List((id:RPOL,text:Posted%2520on%2520LinkedIn,selectionType:INCLUDED)))))&sessionId=7PDP%2FfqwRIe1fIP96wVAIg%3D%3D&viewAllFilters=true",""
"f35d09fd-3d15-4fdb-873b-5f46da89b473","6ea5dd2d-aad7-456e-bcf3-854d996819ad",2,"accepted","INDUSTRY","38",4,"2026-07-22T18:51:32.521Z","https://www.linkedin.com/sales/search/people?query=(recentSearchParam:(id:5752546450,doLogHistory:true),filters:List((type:INDUSTRY,values:List((id:38,selectionType:INCLUDED))),(type:GEOGRAPHY,values:List((id:91000007,selectionType:INCLUDED))),(type:FOLLOWS_YOUR_COMPANY,values:List((id:CF,text:Following%2520your%2520company,selectionType:INCLUDED))),(type:RECENTLY_CHANGED_JOBS,values:List((id:RPC,text:Changed%2520jobs,selectionType:INCLUDED))),(type:RELATIONSHIP,values:List((id:O,text:3rd%252B%2520degree%2520connections,selectionType:INCLUDED))),(type:POSTED_ON_LINKEDIN,values:List((id:RPOL,text:Posted%2520on%2520LinkedIn,selectionType:INCLUDED)))))&sessionId=7PDP%2FfqwRIe1fIP96wVAIg%3D%3D&viewAllFilters=true",""
"58a31f18-21f2-47d9-a22a-32bdff164b52","6ea5dd2d-aad7-456e-bcf3-854d996819ad",2,"accepted","INDUSTRY","39",7,"2026-07-22T18:51:35.158Z","https://www.linkedin.com/sales/search/people?query=(recentSearchParam:(id:5752546450,doLogHistory:true),filters:List((type:INDUSTRY,values:List((id:39,selectionType:INCLUDED))),(type:GEOGRAPHY,values:List((id:91000007,selectionType:INCLUDED))),(type:FOLLOWS_YOUR_COMPANY,values:List((id:CF,text:Following%2520your%2520company,selectionType:INCLUDED))),(type:RECENTLY_CHANGED_JOBS,values:List((id:RPC,text:Changed%2520jobs,selectionType:INCLUDED))),(type:RELATIONSHIP,values:List((id:O,text:3rd%252B%2520degree%2520connections,selectionType:INCLUDED))),(type:POSTED_ON_LINKEDIN,values:List((id:RPOL,text:Posted%2520on%2520LinkedIn,selectionType:INCLUDED)))))&sessionId=7PDP%2FfqwRIe1fIP96wVAIg%3D%3D&viewAllFilters=true",""
"135df0b7-cf7d-4ff4-9b48-460791573189","6ea5dd2d-aad7-456e-bcf3-854d996819ad",2,"accepted","INDUSTRY","40",24,"2026-07-22T18:51:37.817Z","https://www.linkedin.com/sales/search/people?query=(recentSearchParam:(id:5752546450,doLogHistory:true),filters:List((type:INDUSTRY,values:List((id:40,selectionType:INCLUDED))),(type:GEOGRAPHY,values:List((id:91000007,selectionType:INCLUDED))),(type:FOLLOWS_YOUR_COMPANY,values:List((id:CF,text:Following%2520your%2520company,selectionType:INCLUDED))),(type:RECENTLY_CHANGED_JOBS,values:List((id:RPC,text:Changed%2520jobs,selectionType:INCLUDED))),(type:RELATIONSHIP,values:List((id:O,text:3rd%252B%2520degree%2520connections,selectionType:INCLUDED))),(type:POSTED_ON_LINKEDIN,values:List((id:RPOL,text:Posted%2520on%2520LinkedIn,selectionType:INCLUDED)))))&sessionId=7PDP%2FfqwRIe1fIP96wVAIg%3D%3D&viewAllFilters=true",""
"11918d24-f576-4946-8fd7-4040463fe595","6ea5dd2d-aad7-456e-bcf3-854d996819ad",2,"accepted","INDUSTRY","41",58,"2026-07-22T18:51:41.228Z","https://www.linkedin.com/sales/search/people?query=(recentSearchParam:(id:5752546450,doLogHistory:true),filters:List((type:INDUSTRY,values:List((id:41,selectionType:INCLUDED))),(type:GEOGRAPHY,values:List((id:91000007,selectionType:INCLUDED))),(type:FOLLOWS_YOUR_COMPANY,values:List((id:CF,text:Following%2520your%2520company,selectionType:INCLUDED))),(type:RECENTLY_CHANGED_JOBS,values:List((id:RPC,text:Changed%2520jobs,selectionType:INCLUDED))),(type:RELATIONSHIP,values:List((id:O,text:3rd%252B%2520degree%2520connections,selectionType:INCLUDED))),(type:POSTED_ON_LINKEDIN,values:List((id:RPOL,text:Posted%2520on%2520LinkedIn,selectionType:INCLUDED)))))&sessionId=7PDP%2FfqwRIe1fIP96wVAIg%3D%3D&viewAllFilters=true",""
"097397b1-2899-4d09-82d4-0c8e8af19b33","6ea5dd2d-aad7-456e-bcf3-854d996819ad",2,"accepted","INDUSTRY","42",39,"2026-07-22T18:51:43.562Z","https://www.linkedin.com/sales/search/people?query=(recentSearchParam:(id:5752546450,doLogHistory:true),filters:List((type:INDUSTRY,values:List((id:42,selectionType:INCLUDED))),(type:GEOGRAPHY,values:List((id:91000007,selectionType:INCLUDED))),(type:FOLLOWS_YOUR_COMPANY,values:List((id:CF,text:Following%2520your%2520company,selectionType:INCLUDED))),(type:RECENTLY_CHANGED_JOBS,values:List((id:RPC,text:Changed%2520jobs,selectionType:INCLUDED))),(type:RELATIONSHIP,values:List((id:O,text:3rd%252B%2520degree%2520connections,selectionType:INCLUDED))),(type:POSTED_ON_LINKEDIN,values:List((id:RPOL,text:Posted%2520on%2520LinkedIn,selectionType:INCLUDED)))))&sessionId=7PDP%2FfqwRIe1fIP96wVAIg%3D%3D&viewAllFilters=true",""
"56c02702-1e63-4d13-9dd1-33b384e1f129","6ea5dd2d-aad7-456e-bcf3-854d996819ad",2,"accepted","INDUSTRY","43",511,"2026-07-22T18:51:46.714Z","https://www.linkedin.com/sales/search/people?query=(recentSearchParam:(id:5752546450,doLogHistory:true),filters:List((type:INDUSTRY,values:List((id:43,selectionType:INCLUDED))),(type:GEOGRAPHY,values:List((id:91000007,selectionType:INCLUDED))),(type:FOLLOWS_YOUR_COMPANY,values:List((id:CF,text:Following%2520your%2520company,selectionType:INCLUDED))),(type:RECENTLY_CHANGED_JOBS,values:List((id:RPC,text:Changed%2520jobs,selectionType:INCLUDED))),(type:RELATIONSHIP,values:List((id:O,text:3rd%252B%2520degree%2520connections,selectionType:INCLUDED))),(type:POSTED_ON_LINKEDIN,values:List((id:RPOL,text:Posted%2520on%2520LinkedIn,selectionType:INCLUDED)))))&sessionId=7PDP%2FfqwRIe1fIP96wVAIg%3D%3D&viewAllFilters=true",""
"ceb5e186-629a-45ea-8d13-8b80329ca56f","6ea5dd2d-aad7-456e-bcf3-854d996819ad",2,"accepted","INDUSTRY","44",52,"2026-07-22T18:51:49.562Z","https://www.linkedin.com/sales/search/people?query=(recentSearchParam:(id:5752546450,doLogHistory:true),filters:List((type:INDUSTRY,values:List((id:44,selectionType:INCLUDED))),(type:GEOGRAPHY,values:List((id:91000007,selectionType:INCLUDED))),(type:FOLLOWS_YOUR_COMPANY,values:List((id:CF,text:Following%2520your%2520company,selectionType:INCLUDED))),(type:RECENTLY_CHANGED_JOBS,values:List((id:RPC,text:Changed%2520jobs,selectionType:INCLUDED))),(type:RELATIONSHIP,values:List((id:O,text:3rd%252B%2520degree%2520connections,selectionType:INCLUDED))),(type:POSTED_ON_LINKEDIN,values:List((id:RPOL,text:Posted%2520on%2520LinkedIn,selectionType:INCLUDED)))))&sessionId=7PDP%2FfqwRIe1fIP96wVAIg%3D%3D&viewAllFilters=true",""
"6d481f60-2cd6-4d46-8d37-d9ca8537acc2","6ea5dd2d-aad7-456e-bcf3-854d996819ad",2,"accepted","INDUSTRY","45",10,"2026-07-22T18:51:51.890Z","https://www.linkedin.com/sales/search/people?query=(recentSearchParam:(id:5752546450,doLogHistory:true),filters:List((type:INDUSTRY,values:List((id:45,selectionType:INCLUDED))),(type:GEOGRAPHY,values:List((id:91000007,selectionType:INCLUDED))),(type:FOLLOWS_YOUR_COMPANY,values:List((id:CF,text:Following%2520your%2520company,selectionType:INCLUDED))),(type:RECENTLY_CHANGED_JOBS,values:List((id:RPC,text:Changed%2520jobs,selectionType:INCLUDED))),(type:RELATIONSHIP,values:List((id:O,text:3rd%252B%2520degree%2520connections,selectionType:INCLUDED))),(type:POSTED_ON_LINKEDIN,values:List((id:RPOL,text:Posted%2520on%2520LinkedIn,selectionType:INCLUDED)))))&sessionId=7PDP%2FfqwRIe1fIP96wVAIg%3D%3D&viewAllFilters=true",""
"b7162ad7-0b91-4bb6-8fd4-be1d716766e6","6ea5dd2d-aad7-456e-bcf3-854d996819ad",2,"accepted","INDUSTRY","46",34,"2026-07-22T18:51:54.242Z","https://www.linkedin.com/sales/search/people?query=(recentSearchParam:(id:5752546450,doLogHistory:true),filters:List((type:INDUSTRY,values:List((id:46,selectionType:INCLUDED))),(type:GEOGRAPHY,values:List((id:91000007,selectionType:INCLUDED))),(type:FOLLOWS_YOUR_COMPANY,values:List((id:CF,text:Following%2520your%2520company,selectionType:INCLUDED))),(type:RECENTLY_CHANGED_JOBS,values:List((id:RPC,text:Changed%2520jobs,selectionType:INCLUDED))),(type:RELATIONSHIP,values:List((id:O,text:3rd%252B%2520degree%2520connections,selectionType:INCLUDED))),(type:POSTED_ON_LINKEDIN,values:List((id:RPOL,text:Posted%2520on%2520LinkedIn,selectionType:INCLUDED)))))&sessionId=7PDP%2FfqwRIe1fIP96wVAIg%3D%3D&viewAllFilters=true",""
"103dcdfe-c0dc-4487-a584-917ebe361756","6ea5dd2d-aad7-456e-bcf3-854d996819ad",2,"accepted","INDUSTRY","47",41,"2026-07-22T18:51:56.554Z","https://www.linkedin.com/sales/search/people?query=(recentSearchParam:(id:5752546450,doLogHistory:true),filters:List((type:INDUSTRY,values:List((id:47,selectionType:INCLUDED))),(type:GEOGRAPHY,values:List((id:91000007,selectionType:INCLUDED))),(type:FOLLOWS_YOUR_COMPANY,values:List((id:CF,text:Following%2520your%2520company,selectionType:INCLUDED))),(type:RECENTLY_CHANGED_JOBS,values:List((id:RPC,text:Changed%2520jobs,selectionType:INCLUDED))),(type:RELATIONSHIP,values:List((id:O,text:3rd%252B%2520degree%2520connections,selectionType:INCLUDED))),(type:POSTED_ON_LINKEDIN,values:List((id:RPOL,text:Posted%2520on%2520LinkedIn,selectionType:INCLUDED)))))&sessionId=7PDP%2FfqwRIe1fIP96wVAIg%3D%3D&viewAllFilters=true",""
"a32fa99b-d436-4145-bf47-ea9770cf9b01","6ea5dd2d-aad7-456e-bcf3-854d996819ad",2,"accepted","INDUSTRY","48",124,"2026-07-22T18:51:58.913Z","https://www.linkedin.com/sales/search/people?query=(recentSearchParam:(id:5752546450,doLogHistory:true),filters:List((type:INDUSTRY,values:List((id:48,selectionType:INCLUDED))),(type:GEOGRAPHY,values:List((id:91000007,selectionType:INCLUDED))),(type:FOLLOWS_YOUR_COMPANY,values:List((id:CF,text:Following%2520your%2520company,selectionType:INCLUDED))),(type:RECENTLY_CHANGED_JOBS,values:List((id:RPC,text:Changed%2520jobs,selectionType:INCLUDED))),(type:RELATIONSHIP,values:List((id:O,text:3rd%252B%2520degree%2520connections,selectionType:INCLUDED))),(type:POSTED_ON_LINKEDIN,values:List((id:RPOL,text:Posted%2520on%2520LinkedIn,selectionType:INCLUDED)))))&sessionId=7PDP%2FfqwRIe1fIP96wVAIg%3D%3D&viewAllFilters=true",""
"0c6833c3-7abb-45c2-a57d-4452115e7232","6ea5dd2d-aad7-456e-bcf3-854d996819ad",2,"accepted","INDUSTRY","49",7,"2026-07-22T18:52:01.315Z","https://www.linkedin.com/sales/search/people?query=(recentSearchParam:(id:5752546450,doLogHistory:true),filters:List((type:INDUSTRY,values:List((id:49,selectionType:INCLUDED))),(type:GEOGRAPHY,values:List((id:91000007,selectionType:INCLUDED))),(type:FOLLOWS_YOUR_COMPANY,values:List((id:CF,text:Following%2520your%2520company,selectionType:INCLUDED))),(type:RECENTLY_CHANGED_JOBS,values:List((id:RPC,text:Changed%2520jobs,selectionType:INCLUDED))),(type:RELATIONSHIP,values:List((id:O,text:3rd%252B%2520degree%2520connections,selectionType:INCLUDED))),(type:POSTED_ON_LINKEDIN,values:List((id:RPOL,text:Posted%2520on%2520LinkedIn,selectionType:INCLUDED)))))&sessionId=7PDP%2FfqwRIe1fIP96wVAIg%3D%3D&viewAllFilters=true",""
"db39cb0f-eabb-442f-8250-483f47abaee9","6ea5dd2d-aad7-456e-bcf3-854d996819ad",2,"accepted","INDUSTRY","50",8,"2026-07-22T18:52:03.634Z","https://www.linkedin.com/sales/search/people?query=(recentSearchParam:(id:5752546450,doLogHistory:true),filters:List((type:INDUSTRY,values:List((id:50,selectionType:INCLUDED))),(type:GEOGRAPHY,values:List((id:91000007,selectionType:INCLUDED))),(type:FOLLOWS_YOUR_COMPANY,values:List((id:CF,text:Following%2520your%2520company,selectionType:INCLUDED))),(type:RECENTLY_CHANGED_JOBS,values:List((id:RPC,text:Changed%2520jobs,selectionType:INCLUDED))),(type:RELATIONSHIP,values:List((id:O,text:3rd%252B%2520degree%2520connections,selectionType:INCLUDED))),(type:POSTED_ON_LINKEDIN,values:List((id:RPOL,text:Posted%2520on%2520LinkedIn,selectionType:INCLUDED)))))&sessionId=7PDP%2FfqwRIe1fIP96wVAIg%3D%3D&viewAllFilters=true",""
"a8031874-9969-4100-8adb-c69b23178abb","6ea5dd2d-aad7-456e-bcf3-854d996819ad",2,"accepted","INDUSTRY","51",14,"2026-07-22T18:52:05.987Z","https://www.linkedin.com/sales/search/people?query=(recentSearchParam:(id:5752546450,doLogHistory:true),filters:List((type:INDUSTRY,values:List((id:51,selectionType:INCLUDED))),(type:GEOGRAPHY,values:List((id:91000007,selectionType:INCLUDED))),(type:FOLLOWS_YOUR_COMPANY,values:List((id:CF,text:Following%2520your%2520company,selectionType:INCLUDED))),(type:RECENTLY_CHANGED_JOBS,values:List((id:RPC,text:Changed%2520jobs,selectionType:INCLUDED))),(type:RELATIONSHIP,values:List((id:O,text:3rd%252B%2520degree%2520connections,selectionType:INCLUDED))),(type:POSTED_ON_LINKEDIN,values:List((id:RPOL,text:Posted%2520on%2520LinkedIn,selectionType:INCLUDED)))))&sessionId=7PDP%2FfqwRIe1fIP96wVAIg%3D%3D&viewAllFilters=true",""
"c31ce07b-22fa-4e84-964f-a0509987e88d","6ea5dd2d-aad7-456e-bcf3-854d996819ad",2,"accepted","INDUSTRY","52",11,"2026-07-22T18:52:08.551Z","https://www.linkedin.com/sales/search/people?query=(recentSearchParam:(id:5752546450,doLogHistory:true),filters:List((type:INDUSTRY,values:List((id:52,selectionType:INCLUDED))),(type:GEOGRAPHY,values:List((id:91000007,selectionType:INCLUDED))),(type:FOLLOWS_YOUR_COMPANY,values:List((id:CF,text:Following%2520your%2520company,selectionType:INCLUDED))),(type:RECENTLY_CHANGED_JOBS,values:List((id:RPC,text:Changed%2520jobs,selectionType:INCLUDED))),(type:RELATIONSHIP,values:List((id:O,text:3rd%252B%2520degree%2520connections,selectionType:INCLUDED))),(type:POSTED_ON_LINKEDIN,values:List((id:RPOL,text:Posted%2520on%2520LinkedIn,selectionType:INCLUDED)))))&sessionId=7PDP%2FfqwRIe1fIP96wVAIg%3D%3D&viewAllFilters=true",""
"a46b24b0-9d64-47c1-9ae9-91ab2c90cad2","6ea5dd2d-aad7-456e-bcf3-854d996819ad",2,"accepted","INDUSTRY","53",21,"2026-07-22T18:52:10.953Z","https://www.linkedin.com/sales/search/people?query=(recentSearchParam:(id:5752546450,doLogHistory:true),filters:List((type:INDUSTRY,values:List((id:53,selectionType:INCLUDED))),(type:GEOGRAPHY,values:List((id:91000007,selectionType:INCLUDED))),(type:FOLLOWS_YOUR_COMPANY,values:List((id:CF,text:Following%2520your%2520company,selectionType:INCLUDED))),(type:RECENTLY_CHANGED_JOBS,values:List((id:RPC,text:Changed%2520jobs,selectionType:INCLUDED))),(type:RELATIONSHIP,values:List((id:O,text:3rd%252B%2520degree%2520connections,selectionType:INCLUDED))),(type:POSTED_ON_LINKEDIN,values:List((id:RPOL,text:Posted%2520on%2520LinkedIn,selectionType:INCLUDED)))))&sessionId=7PDP%2FfqwRIe1fIP96wVAIg%3D%3D&viewAllFilters=true",""
"5708e61b-04bf-4e16-9e59-34c059874d61","6ea5dd2d-aad7-456e-bcf3-854d996819ad",2,"accepted","INDUSTRY","54",41,"2026-07-22T18:52:13.259Z","https://www.linkedin.com/sales/search/people?query=(recentSearchParam:(id:5752546450,doLogHistory:true),filters:List((type:INDUSTRY,values:List((id:54,selectionType:INCLUDED))),(type:GEOGRAPHY,values:List((id:91000007,selectionType:INCLUDED))),(type:FOLLOWS_YOUR_COMPANY,values:List((id:CF,text:Following%2520your%2520company,selectionType:INCLUDED))),(type:RECENTLY_CHANGED_JOBS,values:List((id:RPC,text:Changed%2520jobs,selectionType:INCLUDED))),(type:RELATIONSHIP,values:List((id:O,text:3rd%252B%2520degree%2520connections,selectionType:INCLUDED))),(type:POSTED_ON_LINKEDIN,values:List((id:RPOL,text:Posted%2520on%2520LinkedIn,selectionType:INCLUDED)))))&sessionId=7PDP%2FfqwRIe1fIP96wVAIg%3D%3D&viewAllFilters=true",""
"a031c1d4-941c-4a9a-b1e5-07224138c51b","6ea5dd2d-aad7-456e-bcf3-854d996819ad",2,"accepted","INDUSTRY","55",44,"2026-07-22T18:52:15.914Z","https://www.linkedin.com/sales/search/people?query=(recentSearchParam:(id:5752546450,doLogHistory:true),filters:List((type:INDUSTRY,values:List((id:55,selectionType:INCLUDED))),(type:GEOGRAPHY,values:List((id:91000007,selectionType:INCLUDED))),(type:FOLLOWS_YOUR_COMPANY,values:List((id:CF,text:Following%2520your%2520company,selectionType:INCLUDED))),(type:RECENTLY_CHANGED_JOBS,values:List((id:RPC,text:Changed%2520jobs,selectionType:INCLUDED))),(type:RELATIONSHIP,values:List((id:O,text:3rd%252B%2520degree%2520connections,selectionType:INCLUDED))),(type:POSTED_ON_LINKEDIN,values:List((id:RPOL,text:Posted%2520on%2520LinkedIn,selectionType:INCLUDED)))))&sessionId=7PDP%2FfqwRIe1fIP96wVAIg%3D%3D&viewAllFilters=true",""
"8e2c468c-0858-45a2-8983-fbcf217b0ead","6ea5dd2d-aad7-456e-bcf3-854d996819ad",2,"accepted","INDUSTRY","56",22,"2026-07-22T18:52:18.253Z","https://www.linkedin.com/sales/search/people?query=(recentSearchParam:(id:5752546450,doLogHistory:true),filters:List((type:INDUSTRY,values:List((id:56,selectionType:INCLUDED))),(type:GEOGRAPHY,values:List((id:91000007,selectionType:INCLUDED))),(type:FOLLOWS_YOUR_COMPANY,values:List((id:CF,text:Following%2520your%2520company,selectionType:INCLUDED))),(type:RECENTLY_CHANGED_JOBS,values:List((id:RPC,text:Changed%2520jobs,selectionType:INCLUDED))),(type:RELATIONSHIP,values:List((id:O,text:3rd%252B%2520degree%2520connections,selectionType:INCLUDED))),(type:POSTED_ON_LINKEDIN,values:List((id:RPOL,text:Posted%2520on%2520LinkedIn,selectionType:INCLUDED)))))&sessionId=7PDP%2FfqwRIe1fIP96wVAIg%3D%3D&viewAllFilters=true",""
"96f78bcd-3e0d-4e90-ad72-d328224ddc4d","6ea5dd2d-aad7-456e-bcf3-854d996819ad",2,"accepted","INDUSTRY","57",52,"2026-07-22T18:52:20.647Z","https://www.linkedin.com/sales/search/people?query=(recentSearchParam:(id:5752546450,doLogHistory:true),filters:List((type:INDUSTRY,values:List((id:57,selectionType:INCLUDED))),(type:GEOGRAPHY,values:List((id:91000007,selectionType:INCLUDED))),(type:FOLLOWS_YOUR_COMPANY,values:List((id:CF,text:Following%2520your%2520company,selectionType:INCLUDED))),(type:RECENTLY_CHANGED_JOBS,values:List((id:RPC,text:Changed%2520jobs,selectionType:INCLUDED))),(type:RELATIONSHIP,values:List((id:O,text:3rd%252B%2520degree%2520connections,selectionType:INCLUDED))),(type:POSTED_ON_LINKEDIN,values:List((id:RPOL,text:Posted%2520on%2520LinkedIn,selectionType:INCLUDED)))))&sessionId=7PDP%2FfqwRIe1fIP96wVAIg%3D%3D&viewAllFilters=true",""
"f45e4a29-8683-4fa1-b97a-c04ff897cab5","6ea5dd2d-aad7-456e-bcf3-854d996819ad",2,"accepted","INDUSTRY","58",1,"2026-07-22T18:52:23.360Z","https://www.linkedin.com/sales/search/people?query=(recentSearchParam:(id:5752546450,doLogHistory:true),filters:List((type:INDUSTRY,values:List((id:58,selectionType:INCLUDED))),(type:GEOGRAPHY,values:List((id:91000007,selectionType:INCLUDED))),(type:FOLLOWS_YOUR_COMPANY,values:List((id:CF,text:Following%2520your%2520company,selectionType:INCLUDED))),(type:RECENTLY_CHANGED_JOBS,values:List((id:RPC,text:Changed%2520jobs,selectionType:INCLUDED))),(type:RELATIONSHIP,values:List((id:O,text:3rd%252B%2520degree%2520connections,selectionType:INCLUDED))),(type:POSTED_ON_LINKEDIN,values:List((id:RPOL,text:Posted%2520on%2520LinkedIn,selectionType:INCLUDED)))))&sessionId=7PDP%2FfqwRIe1fIP96wVAIg%3D%3D&viewAllFilters=true",""
"45a94044-f1c3-4671-91a3-e82a64388c04","6ea5dd2d-aad7-456e-bcf3-854d996819ad",2,"accepted","INDUSTRY","59",44,"2026-07-22T18:52:25.701Z","https://www.linkedin.com/sales/search/people?query=(recentSearchParam:(id:5752546450,doLogHistory:true),filters:List((type:INDUSTRY,values:List((id:59,selectionType:INCLUDED))),(type:GEOGRAPHY,values:List((id:91000007,selectionType:INCLUDED))),(type:FOLLOWS_YOUR_COMPANY,values:List((id:CF,text:Following%2520your%2520company,selectionType:INCLUDED))),(type:RECENTLY_CHANGED_JOBS,values:List((id:RPC,text:Changed%2520jobs,selectionType:INCLUDED))),(type:RELATIONSHIP,values:List((id:O,text:3rd%252B%2520degree%2520connections,selectionType:INCLUDED))),(type:POSTED_ON_LINKEDIN,values:List((id:RPOL,text:Posted%2520on%2520LinkedIn,selectionType:INCLUDED)))))&sessionId=7PDP%2FfqwRIe1fIP96wVAIg%3D%3D&viewAllFilters=true",""
"7fb706d1-df38-4a90-a626-a874981da6b6","6ea5dd2d-aad7-456e-bcf3-854d996819ad",2,"accepted","INDUSTRY","61",1,"2026-07-22T18:52:31.025Z","https://www.linkedin.com/sales/search/people?query=(recentSearchParam:(id:5752546450,doLogHistory:true),filters:List((type:INDUSTRY,values:List((id:61,selectionType:INCLUDED))),(type:GEOGRAPHY,values:List((id:91000007,selectionType:INCLUDED))),(type:FOLLOWS_YOUR_COMPANY,values:List((id:CF,text:Following%2520your%2520company,selectionType:INCLUDED))),(type:RECENTLY_CHANGED_JOBS,values:List((id:RPC,text:Changed%2520jobs,selectionType:INCLUDED))),(type:RELATIONSHIP,values:List((id:O,text:3rd%252B%2520degree%2520connections,selectionType:INCLUDED))),(type:POSTED_ON_LINKEDIN,values:List((id:RPOL,text:Posted%2520on%2520LinkedIn,selectionType:INCLUDED)))))&sessionId=7PDP%2FfqwRIe1fIP96wVAIg%3D%3D&viewAllFilters=true",""
"99ab8c1d-de85-4fda-b5fc-750742d7164a","6ea5dd2d-aad7-456e-bcf3-854d996819ad",2,"accepted","INDUSTRY","63",4,"2026-07-22T18:52:35.969Z","https://www.linkedin.com/sales/search/people?query=(recentSearchParam:(id:5752546450,doLogHistory:true),filters:List((type:INDUSTRY,values:List((id:63,selectionType:INCLUDED))),(type:GEOGRAPHY,values:List((id:91000007,selectionType:INCLUDED))),(type:FOLLOWS_YOUR_COMPANY,values:List((id:CF,text:Following%2520your%2520company,selectionType:INCLUDED))),(type:RECENTLY_CHANGED_JOBS,values:List((id:RPC,text:Changed%2520jobs,selectionType:INCLUDED))),(type:RELATIONSHIP,values:List((id:O,text:3rd%252B%2520degree%2520connections,selectionType:INCLUDED))),(type:POSTED_ON_LINKEDIN,values:List((id:RPOL,text:Posted%2520on%2520LinkedIn,selectionType:INCLUDED)))))&sessionId=7PDP%2FfqwRIe1fIP96wVAIg%3D%3D&viewAllFilters=true",""
"f98a89f4-6705-4fb9-bc53-d1ac535998a7","6ea5dd2d-aad7-456e-bcf3-854d996819ad",2,"accepted","INDUSTRY","67",7,"2026-07-22T18:52:45.964Z","https://www.linkedin.com/sales/search/people?query=(recentSearchParam:(id:5752546450,doLogHistory:true),filters:List((type:INDUSTRY,values:List((id:67,selectionType:INCLUDED))),(type:GEOGRAPHY,values:List((id:91000007,selectionType:INCLUDED))),(type:FOLLOWS_YOUR_COMPANY,values:List((id:CF,text:Following%2520your%2520company,selectionType:INCLUDED))),(type:RECENTLY_CHANGED_JOBS,values:List((id:RPC,text:Changed%2520jobs,selectionType:INCLUDED))),(type:RELATIONSHIP,values:List((id:O,text:3rd%252B%2520degree%2520connections,selectionType:INCLUDED))),(type:POSTED_ON_LINKEDIN,values:List((id:RPOL,text:Posted%2520on%2520LinkedIn,selectionType:INCLUDED)))))&sessionId=7PDP%2FfqwRIe1fIP96wVAIg%3D%3D&viewAllFilters=true",""
"2258e3ff-bd60-418c-a1ad-67e4fe9e2082","6ea5dd2d-aad7-456e-bcf3-854d996819ad",2,"accepted","INDUSTRY","68",81,"2026-07-22T18:52:48.327Z","https://www.linkedin.com/sales/search/people?query=(recentSearchParam:(id:5752546450,doLogHistory:true),filters:List((type:INDUSTRY,values:List((id:68,selectionType:INCLUDED))),(type:GEOGRAPHY,values:List((id:91000007,selectionType:INCLUDED))),(type:FOLLOWS_YOUR_COMPANY,values:List((id:CF,text:Following%2520your%2520company,selectionType:INCLUDED))),(type:RECENTLY_CHANGED_JOBS,values:List((id:RPC,text:Changed%2520jobs,selectionType:INCLUDED))),(type:RELATIONSHIP,values:List((id:O,text:3rd%252B%2520degree%2520connections,selectionType:INCLUDED))),(type:POSTED_ON_LINKEDIN,values:List((id:RPOL,text:Posted%2520on%2520LinkedIn,selectionType:INCLUDED)))))&sessionId=7PDP%2FfqwRIe1fIP96wVAIg%3D%3D&viewAllFilters=true",""
"53f52224-59bc-4cce-ab4e-8037a869d918","6ea5dd2d-aad7-456e-bcf3-854d996819ad",2,"accepted","INDUSTRY","69",50,"2026-07-22T18:52:50.758Z","https://www.linkedin.com/sales/search/people?query=(recentSearchParam:(id:5752546450,doLogHistory:true),filters:List((type:INDUSTRY,values:List((id:69,selectionType:INCLUDED))),(type:GEOGRAPHY,values:List((id:91000007,selectionType:INCLUDED))),(type:FOLLOWS_YOUR_COMPANY,values:List((id:CF,text:Following%2520your%2520company,selectionType:INCLUDED))),(type:RECENTLY_CHANGED_JOBS,values:List((id:RPC,text:Changed%2520jobs,selectionType:INCLUDED))),(type:RELATIONSHIP,values:List((id:O,text:3rd%252B%2520degree%2520connections,selectionType:INCLUDED))),(type:POSTED_ON_LINKEDIN,values:List((id:RPOL,text:Posted%2520on%2520LinkedIn,selectionType:INCLUDED)))))&sessionId=7PDP%2FfqwRIe1fIP96wVAIg%3D%3D&viewAllFilters=true",""
"ed462a68-62fb-4ae0-ad3b-2a3d16eaa5d3","31636218-c00d-4cd5-86cf-9b8f3a808868",2,"accepted","INDUSTRY","1",20,"2026-07-22T18:52:53.166Z","https://www.linkedin.com/sales/search/people?query=(recentSearchParam:(id:5752546450,doLogHistory:true),filters:List((type:INDUSTRY,values:List((id:1,selectionType:INCLUDED))),(type:GEOGRAPHY,values:List((id:100506914,selectionType:INCLUDED))),(type:FOLLOWS_YOUR_COMPANY,values:List((id:CF,text:Following%2520your%2520company,selectionType:INCLUDED))),(type:RECENTLY_CHANGED_JOBS,values:List((id:RPC,text:Changed%2520jobs,selectionType:INCLUDED))),(type:RELATIONSHIP,values:List((id:O,text:3rd%252B%2520degree%2520connections,selectionType:INCLUDED))),(type:POSTED_ON_LINKEDIN,values:List((id:RPOL,text:Posted%2520on%2520LinkedIn,selectionType:INCLUDED)))))&sessionId=7PDP%2FfqwRIe1fIP96wVAIg%3D%3D&viewAllFilters=true",""
"68508866-d0b0-4028-a617-3702cf75c8e9","31636218-c00d-4cd5-86cf-9b8f3a808868",2,"accepted","INDUSTRY","4",83,"2026-07-22T18:52:57.896Z","https://www.linkedin.com/sales/search/people?query=(recentSearchParam:(id:5752546450,doLogHistory:true),filters:List((type:INDUSTRY,values:List((id:4,selectionType:INCLUDED))),(type:GEOGRAPHY,values:List((id:100506914,selectionType:INCLUDED))),(type:FOLLOWS_YOUR_COMPANY,values:List((id:CF,text:Following%2520your%2520company,selectionType:INCLUDED))),(type:RECENTLY_CHANGED_JOBS,values:List((id:RPC,text:Changed%2520jobs,selectionType:INCLUDED))),(type:RELATIONSHIP,values:List((id:O,text:3rd%252B%2520degree%2520connections,selectionType:INCLUDED))),(type:POSTED_ON_LINKEDIN,values:List((id:RPOL,text:Posted%2520on%2520LinkedIn,selectionType:INCLUDED)))))&sessionId=7PDP%2FfqwRIe1fIP96wVAIg%3D%3D&viewAllFilters=true",""
"54d2d1bd-b280-468a-b1d1-75426c93bce9","31636218-c00d-4cd5-86cf-9b8f3a808868",2,"accepted","INDUSTRY","5",1,"2026-07-22T18:53:00.247Z","https://www.linkedin.com/sales/search/people?query=(recentSearchParam:(id:5752546450,doLogHistory:true),filters:List((type:INDUSTRY,values:List((id:5,selectionType:INCLUDED))),(type:GEOGRAPHY,values:List((id:100506914,selectionType:INCLUDED))),(type:FOLLOWS_YOUR_COMPANY,values:List((id:CF,text:Following%2520your%2520company,selectionType:INCLUDED))),(type:RECENTLY_CHANGED_JOBS,values:List((id:RPC,text:Changed%2520jobs,selectionType:INCLUDED))),(type:RELATIONSHIP,values:List((id:O,text:3rd%252B%2520degree%2520connections,selectionType:INCLUDED))),(type:POSTED_ON_LINKEDIN,values:List((id:RPOL,text:Posted%2520on%2520LinkedIn,selectionType:INCLUDED)))))&sessionId=7PDP%2FfqwRIe1fIP96wVAIg%3D%3D&viewAllFilters=true",""
"40cb3a77-7cd5-4707-8136-6106faa45a7d","31636218-c00d-4cd5-86cf-9b8f3a808868",2,"accepted","INDUSTRY","6",268,"2026-07-22T18:53:02.693Z","https://www.linkedin.com/sales/search/people?query=(recentSearchParam:(id:5752546450,doLogHistory:true),filters:List((type:INDUSTRY,values:List((id:6,selectionType:INCLUDED))),(type:GEOGRAPHY,values:List((id:100506914,selectionType:INCLUDED))),(type:FOLLOWS_YOUR_COMPANY,values:List((id:CF,text:Following%2520your%2520company,selectionType:INCLUDED))),(type:RECENTLY_CHANGED_JOBS,values:List((id:RPC,text:Changed%2520jobs,selectionType:INCLUDED))),(type:RELATIONSHIP,values:List((id:O,text:3rd%252B%2520degree%2520connections,selectionType:INCLUDED))),(type:POSTED_ON_LINKEDIN,values:List((id:RPOL,text:Posted%2520on%2520LinkedIn,selectionType:INCLUDED)))))&sessionId=7PDP%2FfqwRIe1fIP96wVAIg%3D%3D&viewAllFilters=true",""
"490d9488-98fd-4bfc-8ed4-9a65312f031b","31636218-c00d-4cd5-86cf-9b8f3a808868",2,"accepted","INDUSTRY","7",12,"2026-07-22T18:53:05.479Z","https://www.linkedin.com/sales/search/people?query=(recentSearchParam:(id:5752546450,doLogHistory:true),filters:List((type:INDUSTRY,values:List((id:7,selectionType:INCLUDED))),(type:GEOGRAPHY,values:List((id:100506914,selectionType:INCLUDED))),(type:FOLLOWS_YOUR_COMPANY,values:List((id:CF,text:Following%2520your%2520company,selectionType:INCLUDED))),(type:RECENTLY_CHANGED_JOBS,values:List((id:RPC,text:Changed%2520jobs,selectionType:INCLUDED))),(type:RELATIONSHIP,values:List((id:O,text:3rd%252B%2520degree%2520connections,selectionType:INCLUDED))),(type:POSTED_ON_LINKEDIN,values:List((id:RPOL,text:Posted%2520on%2520LinkedIn,selectionType:INCLUDED)))))&sessionId=7PDP%2FfqwRIe1fIP96wVAIg%3D%3D&viewAllFilters=true",""
"6815d055-9a70-4151-b486-9856a568412f","31636218-c00d-4cd5-86cf-9b8f3a808868",2,"accepted","INDUSTRY","8",31,"2026-07-22T18:53:07.839Z","https://www.linkedin.com/sales/search/people?query=(recentSearchParam:(id:5752546450,doLogHistory:true),filters:List((type:INDUSTRY,values:List((id:8,selectionType:INCLUDED))),(type:GEOGRAPHY,values:List((id:100506914,selectionType:INCLUDED))),(type:FOLLOWS_YOUR_COMPANY,values:List((id:CF,text:Following%2520your%2520company,selectionType:INCLUDED))),(type:RECENTLY_CHANGED_JOBS,values:List((id:RPC,text:Changed%2520jobs,selectionType:INCLUDED))),(type:RELATIONSHIP,values:List((id:O,text:3rd%252B%2520degree%2520connections,selectionType:INCLUDED))),(type:POSTED_ON_LINKEDIN,values:List((id:RPOL,text:Posted%2520on%2520LinkedIn,selectionType:INCLUDED)))))&sessionId=7PDP%2FfqwRIe1fIP96wVAIg%3D%3D&viewAllFilters=true",""
"a757b321-4b10-4ecb-9860-a1d6fd982e43","31636218-c00d-4cd5-86cf-9b8f3a808868",2,"accepted","INDUSTRY","9",46,"2026-07-22T18:53:10.165Z","https://www.linkedin.com/sales/search/people?query=(recentSearchParam:(id:5752546450,doLogHistory:true),filters:List((type:INDUSTRY,values:List((id:9,selectionType:INCLUDED))),(type:GEOGRAPHY,values:List((id:100506914,selectionType:INCLUDED))),(type:FOLLOWS_YOUR_COMPANY,values:List((id:CF,text:Following%2520your%2520company,selectionType:INCLUDED))),(type:RECENTLY_CHANGED_JOBS,values:List((id:RPC,text:Changed%2520jobs,selectionType:INCLUDED))),(type:RELATIONSHIP,values:List((id:O,text:3rd%252B%2520degree%2520connections,selectionType:INCLUDED))),(type:POSTED_ON_LINKEDIN,values:List((id:RPOL,text:Posted%2520on%2520LinkedIn,selectionType:INCLUDED)))))&sessionId=7PDP%2FfqwRIe1fIP96wVAIg%3D%3D&viewAllFilters=true",""
"f8fc0ee7-bb16-4ed1-a457-31a8e6974a87","31636218-c00d-4cd5-86cf-9b8f3a808868",2,"accepted","INDUSTRY","10",111,"2026-07-22T18:53:13.064Z","https://www.linkedin.com/sales/search/people?query=(recentSearchParam:(id:5752546450,doLogHistory:true),filters:List((type:INDUSTRY,values:List((id:10,selectionType:INCLUDED))),(type:GEOGRAPHY,values:List((id:100506914,selectionType:INCLUDED))),(type:FOLLOWS_YOUR_COMPANY,values:List((id:CF,text:Following%2520your%2520company,selectionType:INCLUDED))),(type:RECENTLY_CHANGED_JOBS,values:List((id:RPC,text:Changed%2520jobs,selectionType:INCLUDED))),(type:RELATIONSHIP,values:List((id:O,text:3rd%252B%2520degree%2520connections,selectionType:INCLUDED))),(type:POSTED_ON_LINKEDIN,values:List((id:RPOL,text:Posted%2520on%2520LinkedIn,selectionType:INCLUDED)))))&sessionId=7PDP%2FfqwRIe1fIP96wVAIg%3D%3D&viewAllFilters=true",""
"4dfea0aa-655d-4f2a-a7d9-8f0441ec8961","31636218-c00d-4cd5-86cf-9b8f3a808868",2,"accepted","INDUSTRY","11",588,"2026-07-22T18:53:15.544Z","https://www.linkedin.com/sales/search/people?query=(recentSearchParam:(id:5752546450,doLogHistory:true),filters:List((type:INDUSTRY,values:List((id:11,selectionType:INCLUDED))),(type:GEOGRAPHY,values:List((id:100506914,selectionType:INCLUDED))),(type:FOLLOWS_YOUR_COMPANY,values:List((id:CF,text:Following%2520your%2520company,selectionType:INCLUDED))),(type:RECENTLY_CHANGED_JOBS,values:List((id:RPC,text:Changed%2520jobs,selectionType:INCLUDED))),(type:RELATIONSHIP,values:List((id:O,text:3rd%252B%2520degree%2520connections,selectionType:INCLUDED))),(type:POSTED_ON_LINKEDIN,values:List((id:RPOL,text:Posted%2520on%2520LinkedIn,selectionType:INCLUDED)))))&sessionId=7PDP%2FfqwRIe1fIP96wVAIg%3D%3D&viewAllFilters=true",""
"cdc7313d-c15c-4ee5-a107-35733eb8e199","31636218-c00d-4cd5-86cf-9b8f3a808868",2,"accepted","INDUSTRY","12",15,"2026-07-22T18:53:18.000Z","https://www.linkedin.com/sales/search/people?query=(recentSearchParam:(id:5752546450,doLogHistory:true),filters:List((type:INDUSTRY,values:List((id:12,selectionType:INCLUDED))),(type:GEOGRAPHY,values:List((id:100506914,selectionType:INCLUDED))),(type:FOLLOWS_YOUR_COMPANY,values:List((id:CF,text:Following%2520your%2520company,selectionType:INCLUDED))),(type:RECENTLY_CHANGED_JOBS,values:List((id:RPC,text:Changed%2520jobs,selectionType:INCLUDED))),(type:RELATIONSHIP,values:List((id:O,text:3rd%252B%2520degree%2520connections,selectionType:INCLUDED))),(type:POSTED_ON_LINKEDIN,values:List((id:RPOL,text:Posted%2520on%2520LinkedIn,selectionType:INCLUDED)))))&sessionId=7PDP%2FfqwRIe1fIP96wVAIg%3D%3D&viewAllFilters=true",""
"d85eb308-8b70-4b53-b3dc-58cd88bef4cc","31636218-c00d-4cd5-86cf-9b8f3a808868",2,"accepted","INDUSTRY","13",11,"2026-07-22T18:53:20.427Z","https://www.linkedin.com/sales/search/people?query=(recentSearchParam:(id:5752546450,doLogHistory:true),filters:List((type:INDUSTRY,values:List((id:13,selectionType:INCLUDED))),(type:GEOGRAPHY,values:List((id:100506914,selectionType:INCLUDED))),(type:FOLLOWS_YOUR_COMPANY,values:List((id:CF,text:Following%2520your%2520company,selectionType:INCLUDED))),(type:RECENTLY_CHANGED_JOBS,values:List((id:RPC,text:Changed%2520jobs,selectionType:INCLUDED))),(type:RELATIONSHIP,values:List((id:O,text:3rd%252B%2520degree%2520connections,selectionType:INCLUDED))),(type:POSTED_ON_LINKEDIN,values:List((id:RPOL,text:Posted%2520on%2520LinkedIn,selectionType:INCLUDED)))))&sessionId=7PDP%2FfqwRIe1fIP96wVAIg%3D%3D&viewAllFilters=true",""
"1f13986f-2af9-4620-83b3-7d266dacfd60","31636218-c00d-4cd5-86cf-9b8f3a808868",2,"accepted","INDUSTRY","14",112,"2026-07-22T18:53:22.848Z","https://www.linkedin.com/sales/search/people?query=(recentSearchParam:(id:5752546450,doLogHistory:true),filters:List((type:INDUSTRY,values:List((id:14,selectionType:INCLUDED))),(type:GEOGRAPHY,values:List((id:100506914,selectionType:INCLUDED))),(type:FOLLOWS_YOUR_COMPANY,values:List((id:CF,text:Following%2520your%2520company,selectionType:INCLUDED))),(type:RECENTLY_CHANGED_JOBS,values:List((id:RPC,text:Changed%2520jobs,selectionType:INCLUDED))),(type:RELATIONSHIP,values:List((id:O,text:3rd%252B%2520degree%2520connections,selectionType:INCLUDED))),(type:POSTED_ON_LINKEDIN,values:List((id:RPOL,text:Posted%2520on%2520LinkedIn,selectionType:INCLUDED)))))&sessionId=7PDP%2FfqwRIe1fIP96wVAIg%3D%3D&viewAllFilters=true",""
"b052fe08-db3a-487e-b5bb-62d4af8eb560","31636218-c00d-4cd5-86cf-9b8f3a808868",2,"pending","INDUSTRY","15",,"","https://www.linkedin.com/sales/search/people?query=(recentSearchParam:(id:5752546450,doLogHistory:true),filters:List((type:INDUSTRY,values:List((id:15,selectionType:INCLUDED))),(type:GEOGRAPHY,values:List((id:100506914,selectionType:INCLUDED))),(type:FOLLOWS_YOUR_COMPANY,values:List((id:CF,text:Following%2520your%2520company,selectionType:INCLUDED))),(type:RECENTLY_CHANGED_JOBS,values:List((id:RPC,text:Changed%2520jobs,selectionType:INCLUDED))),(type:RELATIONSHIP,values:List((id:O,text:3rd%252B%2520degree%2520connections,selectionType:INCLUDED))),(type:POSTED_ON_LINKEDIN,values:List((id:RPOL,text:Posted%2520on%2520LinkedIn,selectionType:INCLUDED)))))&sessionId=7PDP%2FfqwRIe1fIP96wVAIg%3D%3D&viewAllFilters=true",""
"00b044d8-2772-4700-bd98-b1ca4d7fc898","31636218-c00d-4cd5-86cf-9b8f3a808868",2,"pending","INDUSTRY","16",,"","https://www.linkedin.com/sales/search/people?query=(recentSearchParam:(id:5752546450,doLogHistory:true),filters:List((type:INDUSTRY,values:List((id:16,selectionType:INCLUDED))),(type:GEOGRAPHY,values:List((id:100506914,selectionType:INCLUDED))),(type:FOLLOWS_YOUR_COMPANY,values:List((id:CF,text:Following%2520your%2520company,selectionType:INCLUDED))),(type:RECENTLY_CHANGED_JOBS,values:List((id:RPC,text:Changed%2520jobs,selectionType:INCLUDED))),(type:RELATIONSHIP,values:List((id:O,text:3rd%252B%2520degree%2520connections,selectionType:INCLUDED))),(type:POSTED_ON_LINKEDIN,values:List((id:RPOL,text:Posted%2520on%2520LinkedIn,selectionType:INCLUDED)))))&sessionId=7PDP%2FfqwRIe1fIP96wVAIg%3D%3D&viewAllFilters=true",""
"2a7658d2-9041-458a-a4b0-4cbb4c00af46","31636218-c00d-4cd5-86cf-9b8f3a808868",2,"pending","INDUSTRY","17",,"","https://www.linkedin.com/sales/search/people?query=(recentSearchParam:(id:5752546450,doLogHistory:true),filters:List((type:INDUSTRY,values:List((id:17,selectionType:INCLUDED))),(type:GEOGRAPHY,values:List((id:100506914,selectionType:INCLUDED))),(type:FOLLOWS_YOUR_COMPANY,values:List((id:CF,text:Following%2520your%2520company,selectionType:INCLUDED))),(type:RECENTLY_CHANGED_JOBS,values:List((id:RPC,text:Changed%2520jobs,selectionType:INCLUDED))),(type:RELATIONSHIP,values:List((id:O,text:3rd%252B%2520degree%2520connections,selectionType:INCLUDED))),(type:POSTED_ON_LINKEDIN,values:List((id:RPOL,text:Posted%2520on%2520LinkedIn,selectionType:INCLUDED)))))&sessionId=7PDP%2FfqwRIe1fIP96wVAIg%3D%3D&viewAllFilters=true",""
"453609c9-755e-4d4e-b1bd-8d10e77a8c14","31636218-c00d-4cd5-86cf-9b8f3a808868",2,"pending","INDUSTRY","18",,"","https://www.linkedin.com/sales/search/people?query=(recentSearchParam:(id:5752546450,doLogHistory:true),filters:List((type:INDUSTRY,values:List((id:18,selectionType:INCLUDED))),(type:GEOGRAPHY,values:List((id:100506914,selectionType:INCLUDED))),(type:FOLLOWS_YOUR_COMPANY,values:List((id:CF,text:Following%2520your%2520company,selectionType:INCLUDED))),(type:RECENTLY_CHANGED_JOBS,values:List((id:RPC,text:Changed%2520jobs,selectionType:INCLUDED))),(type:RELATIONSHIP,values:List((id:O,text:3rd%252B%2520degree%2520connections,selectionType:INCLUDED))),(type:POSTED_ON_LINKEDIN,values:List((id:RPOL,text:Posted%2520on%2520LinkedIn,selectionType:INCLUDED)))))&sessionId=7PDP%2FfqwRIe1fIP96wVAIg%3D%3D&viewAllFilters=true",""
"8090f4c5-ed4c-4b03-9b74-0b5e54dfa3ba","31636218-c00d-4cd5-86cf-9b8f3a808868",2,"pending","INDUSTRY","19",,"","https://www.linkedin.com/sales/search/people?query=(recentSearchParam:(id:5752546450,doLogHistory:true),filters:List((type:INDUSTRY,values:List((id:19,selectionType:INCLUDED))),(type:GEOGRAPHY,values:List((id:100506914,selectionType:INCLUDED))),(type:FOLLOWS_YOUR_COMPANY,values:List((id:CF,text:Following%2520your%2520company,selectionType:INCLUDED))),(type:RECENTLY_CHANGED_JOBS,values:List((id:RPC,text:Changed%2520jobs,selectionType:INCLUDED))),(type:RELATIONSHIP,values:List((id:O,text:3rd%252B%2520degree%2520connections,selectionType:INCLUDED))),(type:POSTED_ON_LINKEDIN,values:List((id:RPOL,text:Posted%2520on%2520LinkedIn,selectionType:INCLUDED)))))&sessionId=7PDP%2FfqwRIe1fIP96wVAIg%3D%3D&viewAllFilters=true",""
"08e38ea6-9ac5-443b-b59b-e171a18f4535","31636218-c00d-4cd5-86cf-9b8f3a808868",2,"pending","INDUSTRY","20",,"","https://www.linkedin.com/sales/search/people?query=(recentSearchParam:(id:5752546450,doLogHistory:true),filters:List((type:INDUSTRY,values:List((id:20,selectionType:INCLUDED))),(type:GEOGRAPHY,values:List((id:100506914,selectionType:INCLUDED))),(type:FOLLOWS_YOUR_COMPANY,values:List((id:CF,text:Following%2520your%2520company,selectionType:INCLUDED))),(type:RECENTLY_CHANGED_JOBS,values:List((id:RPC,text:Changed%2520jobs,selectionType:INCLUDED))),(type:RELATIONSHIP,values:List((id:O,text:3rd%252B%2520degree%2520connections,selectionType:INCLUDED))),(type:POSTED_ON_LINKEDIN,values:List((id:RPOL,text:Posted%2520on%2520LinkedIn,selectionType:INCLUDED)))))&sessionId=7PDP%2FfqwRIe1fIP96wVAIg%3D%3D&viewAllFilters=true",""
"c307b59b-1d8b-4531-8234-32b233986aba","31636218-c00d-4cd5-86cf-9b8f3a808868",2,"pending","INDUSTRY","21",,"","https://www.linkedin.com/sales/search/people?query=(recentSearchParam:(id:5752546450,doLogHistory:true),filters:List((type:INDUSTRY,values:List((id:21,selectionType:INCLUDED))),(type:GEOGRAPHY,values:List((id:100506914,selectionType:INCLUDED))),(type:FOLLOWS_YOUR_COMPANY,values:List((id:CF,text:Following%2520your%2520company,selectionType:INCLUDED))),(type:RECENTLY_CHANGED_JOBS,values:List((id:RPC,text:Changed%2520jobs,selectionType:INCLUDED))),(type:RELATIONSHIP,values:List((id:O,text:3rd%252B%2520degree%2520connections,selectionType:INCLUDED))),(type:POSTED_ON_LINKEDIN,values:List((id:RPOL,text:Posted%2520on%2520LinkedIn,selectionType:INCLUDED)))))&sessionId=7PDP%2FfqwRIe1fIP96wVAIg%3D%3D&viewAllFilters=true",""
"d4916806-5835-40f9-b41c-a5ecab936d90","31636218-c00d-4cd5-86cf-9b8f3a808868",2,"pending","INDUSTRY","22",,"","https://www.linkedin.com/sales/search/people?query=(recentSearchParam:(id:5752546450,doLogHistory:true),filters:List((type:INDUSTRY,values:List((id:22,selectionType:INCLUDED))),(type:GEOGRAPHY,values:List((id:100506914,selectionType:INCLUDED))),(type:FOLLOWS_YOUR_COMPANY,values:List((id:CF,text:Following%2520your%2520company,selectionType:INCLUDED))),(type:RECENTLY_CHANGED_JOBS,values:List((id:RPC,text:Changed%2520jobs,selectionType:INCLUDED))),(type:RELATIONSHIP,values:List((id:O,text:3rd%252B%2520degree%2520connections,selectionType:INCLUDED))),(type:POSTED_ON_LINKEDIN,values:List((id:RPOL,text:Posted%2520on%2520LinkedIn,selectionType:INCLUDED)))))&sessionId=7PDP%2FfqwRIe1fIP96wVAIg%3D%3D&viewAllFilters=true",""
"22bdfe7e-337d-4490-8de1-4800815b31ef","31636218-c00d-4cd5-86cf-9b8f3a808868",2,"pending","INDUSTRY","23",,"","https://www.linkedin.com/sales/search/people?query=(recentSearchParam:(id:5752546450,doLogHistory:true),filters:List((type:INDUSTRY,values:List((id:23,selectionType:INCLUDED))),(type:GEOGRAPHY,values:List((id:100506914,selectionType:INCLUDED))),(type:FOLLOWS_YOUR_COMPANY,values:List((id:CF,text:Following%2520your%2520company,selectionType:INCLUDED))),(type:RECENTLY_CHANGED_JOBS,values:List((id:RPC,text:Changed%2520jobs,selectionType:INCLUDED))),(type:RELATIONSHIP,values:List((id:O,text:3rd%252B%2520degree%2520connections,selectionType:INCLUDED))),(type:POSTED_ON_LINKEDIN,values:List((id:RPOL,text:Posted%2520on%2520LinkedIn,selectionType:INCLUDED)))))&sessionId=7PDP%2FfqwRIe1fIP96wVAIg%3D%3D&viewAllFilters=true",""
"9eeeaca5-af64-48ac-a868-13dbde1b9e79","31636218-c00d-4cd5-86cf-9b8f3a808868",2,"pending","INDUSTRY","24",,"","https://www.linkedin.com/sales/search/people?query=(recentSearchParam:(id:5752546450,doLogHistory:true),filters:List((type:INDUSTRY,values:List((id:24,selectionType:INCLUDED))),(type:GEOGRAPHY,values:List((id:100506914,selectionType:INCLUDED))),(type:FOLLOWS_YOUR_COMPANY,values:List((id:CF,text:Following%2520your%2520company,selectionType:INCLUDED))),(type:RECENTLY_CHANGED_JOBS,values:List((id:RPC,text:Changed%2520jobs,selectionType:INCLUDED))),(type:RELATIONSHIP,values:List((id:O,text:3rd%252B%2520degree%2520connections,selectionType:INCLUDED))),(type:POSTED_ON_LINKEDIN,values:List((id:RPOL,text:Posted%2520on%2520LinkedIn,selectionType:INCLUDED)))))&sessionId=7PDP%2FfqwRIe1fIP96wVAIg%3D%3D&viewAllFilters=true",""
"a9fe5538-387b-4535-ae1f-a45eb03ba49f","31636218-c00d-4cd5-86cf-9b8f3a808868",2,"pending","INDUSTRY","25",,"","https://www.linkedin.com/sales/search/people?query=(recentSearchParam:(id:5752546450,doLogHistory:true),filters:List((type:INDUSTRY,values:List((id:25,selectionType:INCLUDED))),(type:GEOGRAPHY,values:List((id:100506914,selectionType:INCLUDED))),(type:FOLLOWS_YOUR_COMPANY,values:List((id:CF,text:Following%2520your%2520company,selectionType:INCLUDED))),(type:RECENTLY_CHANGED_JOBS,values:List((id:RPC,text:Changed%2520jobs,selectionType:INCLUDED))),(type:RELATIONSHIP,values:List((id:O,text:3rd%252B%2520degree%2520connections,selectionType:INCLUDED))),(type:POSTED_ON_LINKEDIN,values:List((id:RPOL,text:Posted%2520on%2520LinkedIn,selectionType:INCLUDED)))))&sessionId=7PDP%2FfqwRIe1fIP96wVAIg%3D%3D&viewAllFilters=true",""
"b6157f9a-d2a0-4047-9128-9bc3ee885f13","31636218-c00d-4cd5-86cf-9b8f3a808868",2,"pending","INDUSTRY","26",,"","https://www.linkedin.com/sales/search/people?query=(recentSearchParam:(id:5752546450,doLogHistory:true),filters:List((type:INDUSTRY,values:List((id:26,selectionType:INCLUDED))),(type:GEOGRAPHY,values:List((id:100506914,selectionType:INCLUDED))),(type:FOLLOWS_YOUR_COMPANY,values:List((id:CF,text:Following%2520your%2520company,selectionType:INCLUDED))),(type:RECENTLY_CHANGED_JOBS,values:List((id:RPC,text:Changed%2520jobs,selectionType:INCLUDED))),(type:RELATIONSHIP,values:List((id:O,text:3rd%252B%2520degree%2520connections,selectionType:INCLUDED))),(type:POSTED_ON_LINKEDIN,values:List((id:RPOL,text:Posted%2520on%2520LinkedIn,selectionType:INCLUDED)))))&sessionId=7PDP%2FfqwRIe1fIP96wVAIg%3D%3D&viewAllFilters=true",""
"9c49d2f5-18ca-415c-b67e-25534e563cd7","31636218-c00d-4cd5-86cf-9b8f3a808868",2,"pending","INDUSTRY","27",,"","https://www.linkedin.com/sales/search/people?query=(recentSearchParam:(id:5752546450,doLogHistory:true),filters:List((type:INDUSTRY,values:List((id:27,selectionType:INCLUDED))),(type:GEOGRAPHY,values:List((id:100506914,selectionType:INCLUDED))),(type:FOLLOWS_YOUR_COMPANY,values:List((id:CF,text:Following%2520your%2520company,selectionType:INCLUDED))),(type:RECENTLY_CHANGED_JOBS,values:List((id:RPC,text:Changed%2520jobs,selectionType:INCLUDED))),(type:RELATIONSHIP,values:List((id:O,text:3rd%252B%2520degree%2520connections,selectionType:INCLUDED))),(type:POSTED_ON_LINKEDIN,values:List((id:RPOL,text:Posted%2520on%2520LinkedIn,selectionType:INCLUDED)))))&sessionId=7PDP%2FfqwRIe1fIP96wVAIg%3D%3D&viewAllFilters=true",""
"8fed0f49-7d1c-4b71-8c04-c917d538f75d","31636218-c00d-4cd5-86cf-9b8f3a808868",2,"pending","INDUSTRY","28",,"","https://www.linkedin.com/sales/search/people?query=(recentSearchParam:(id:5752546450,doLogHistory:true),filters:List((type:INDUSTRY,values:List((id:28,selectionType:INCLUDED))),(type:GEOGRAPHY,values:List((id:100506914,selectionType:INCLUDED))),(type:FOLLOWS_YOUR_COMPANY,values:List((id:CF,text:Following%2520your%2520company,selectionType:INCLUDED))),(type:RECENTLY_CHANGED_JOBS,values:List((id:RPC,text:Changed%2520jobs,selectionType:INCLUDED))),(type:RELATIONSHIP,values:List((id:O,text:3rd%252B%2520degree%2520connections,selectionType:INCLUDED))),(type:POSTED_ON_LINKEDIN,values:List((id:RPOL,text:Posted%2520on%2520LinkedIn,selectionType:INCLUDED)))))&sessionId=7PDP%2FfqwRIe1fIP96wVAIg%3D%3D&viewAllFilters=true",""
"9f177428-1e73-45af-9762-dc575df7e48e","31636218-c00d-4cd5-86cf-9b8f3a808868",2,"pending","INDUSTRY","29",,"","https://www.linkedin.com/sales/search/people?query=(recentSearchParam:(id:5752546450,doLogHistory:true),filters:List((type:INDUSTRY,values:List((id:29,selectionType:INCLUDED))),(type:GEOGRAPHY,values:List((id:100506914,selectionType:INCLUDED))),(type:FOLLOWS_YOUR_COMPANY,values:List((id:CF,text:Following%2520your%2520company,selectionType:INCLUDED))),(type:RECENTLY_CHANGED_JOBS,values:List((id:RPC,text:Changed%2520jobs,selectionType:INCLUDED))),(type:RELATIONSHIP,values:List((id:O,text:3rd%252B%2520degree%2520connections,selectionType:INCLUDED))),(type:POSTED_ON_LINKEDIN,values:List((id:RPOL,text:Posted%2520on%2520LinkedIn,selectionType:INCLUDED)))))&sessionId=7PDP%2FfqwRIe1fIP96wVAIg%3D%3D&viewAllFilters=true",""
"791ed252-f5c9-46a7-8969-318357ea34af","31636218-c00d-4cd5-86cf-9b8f3a808868",2,"pending","INDUSTRY","30",,"","https://www.linkedin.com/sales/search/people?query=(recentSearchParam:(id:5752546450,doLogHistory:true),filters:List((type:INDUSTRY,values:List((id:30,selectionType:INCLUDED))),(type:GEOGRAPHY,values:List((id:100506914,selectionType:INCLUDED))),(type:FOLLOWS_YOUR_COMPANY,values:List((id:CF,text:Following%2520your%2520company,selectionType:INCLUDED))),(type:RECENTLY_CHANGED_JOBS,values:List((id:RPC,text:Changed%2520jobs,selectionType:INCLUDED))),(type:RELATIONSHIP,values:List((id:O,text:3rd%252B%2520degree%2520connections,selectionType:INCLUDED))),(type:POSTED_ON_LINKEDIN,values:List((id:RPOL,text:Posted%2520on%2520LinkedIn,selectionType:INCLUDED)))))&sessionId=7PDP%2FfqwRIe1fIP96wVAIg%3D%3D&viewAllFilters=true",""
"3f18ec36-96c4-4993-8dcf-b5050fdfc01c","31636218-c00d-4cd5-86cf-9b8f3a808868",2,"pending","INDUSTRY","31",,"","https://www.linkedin.com/sales/search/people?query=(recentSearchParam:(id:5752546450,doLogHistory:true),filters:List((type:INDUSTRY,values:List((id:31,selectionType:INCLUDED))),(type:GEOGRAPHY,values:List((id:100506914,selectionType:INCLUDED))),(type:FOLLOWS_YOUR_COMPANY,values:List((id:CF,text:Following%2520your%2520company,selectionType:INCLUDED))),(type:RECENTLY_CHANGED_JOBS,values:List((id:RPC,text:Changed%2520jobs,selectionType:INCLUDED))),(type:RELATIONSHIP,values:List((id:O,text:3rd%252B%2520degree%2520connections,selectionType:INCLUDED))),(type:POSTED_ON_LINKEDIN,values:List((id:RPOL,text:Posted%2520on%2520LinkedIn,selectionType:INCLUDED)))))&sessionId=7PDP%2FfqwRIe1fIP96wVAIg%3D%3D&viewAllFilters=true",""
"7b02d294-20d6-4507-846d-4c45c2d5226f","31636218-c00d-4cd5-86cf-9b8f3a808868",2,"pending","INDUSTRY","32",,"","https://www.linkedin.com/sales/search/people?query=(recentSearchParam:(id:5752546450,doLogHistory:true),filters:List((type:INDUSTRY,values:List((id:32,selectionType:INCLUDED))),(type:GEOGRAPHY,values:List((id:100506914,selectionType:INCLUDED))),(type:FOLLOWS_YOUR_COMPANY,values:List((id:CF,text:Following%2520your%2520company,selectionType:INCLUDED))),(type:RECENTLY_CHANGED_JOBS,values:List((id:RPC,text:Changed%2520jobs,selectionType:INCLUDED))),(type:RELATIONSHIP,values:List((id:O,text:3rd%252B%2520degree%2520connections,selectionType:INCLUDED))),(type:POSTED_ON_LINKEDIN,values:List((id:RPOL,text:Posted%2520on%2520LinkedIn,selectionType:INCLUDED)))))&sessionId=7PDP%2FfqwRIe1fIP96wVAIg%3D%3D&viewAllFilters=true",""
"2aa54651-c65e-4c95-9c0e-801e7280978f","31636218-c00d-4cd5-86cf-9b8f3a808868",2,"pending","INDUSTRY","33",,"","https://www.linkedin.com/sales/search/people?query=(recentSearchParam:(id:5752546450,doLogHistory:true),filters:List((type:INDUSTRY,values:List((id:33,selectionType:INCLUDED))),(type:GEOGRAPHY,values:List((id:100506914,selectionType:INCLUDED))),(type:FOLLOWS_YOUR_COMPANY,values:List((id:CF,text:Following%2520your%2520company,selectionType:INCLUDED))),(type:RECENTLY_CHANGED_JOBS,values:List((id:RPC,text:Changed%2520jobs,selectionType:INCLUDED))),(type:RELATIONSHIP,values:List((id:O,text:3rd%252B%2520degree%2520connections,selectionType:INCLUDED))),(type:POSTED_ON_LINKEDIN,values:List((id:RPOL,text:Posted%2520on%2520LinkedIn,selectionType:INCLUDED)))))&sessionId=7PDP%2FfqwRIe1fIP96wVAIg%3D%3D&viewAllFilters=true",""
"222a39eb-44ca-4546-8793-2a3d9c51b96b","31636218-c00d-4cd5-86cf-9b8f3a808868",2,"pending","INDUSTRY","34",,"","https://www.linkedin.com/sales/search/people?query=(recentSearchParam:(id:5752546450,doLogHistory:true),filters:List((type:INDUSTRY,values:List((id:34,selectionType:INCLUDED))),(type:GEOGRAPHY,values:List((id:100506914,selectionType:INCLUDED))),(type:FOLLOWS_YOUR_COMPANY,values:List((id:CF,text:Following%2520your%2520company,selectionType:INCLUDED))),(type:RECENTLY_CHANGED_JOBS,values:List((id:RPC,text:Changed%2520jobs,selectionType:INCLUDED))),(type:RELATIONSHIP,values:List((id:O,text:3rd%252B%2520degree%2520connections,selectionType:INCLUDED))),(type:POSTED_ON_LINKEDIN,values:List((id:RPOL,text:Posted%2520on%2520LinkedIn,selectionType:INCLUDED)))))&sessionId=7PDP%2FfqwRIe1fIP96wVAIg%3D%3D&viewAllFilters=true",""
"56687f9b-5074-4d72-8d29-f95c9214a8bd","31636218-c00d-4cd5-86cf-9b8f3a808868",2,"pending","INDUSTRY","35",,"","https://www.linkedin.com/sales/search/people?query=(recentSearchParam:(id:5752546450,doLogHistory:true),filters:List((type:INDUSTRY,values:List((id:35,selectionType:INCLUDED))),(type:GEOGRAPHY,values:List((id:100506914,selectionType:INCLUDED))),(type:FOLLOWS_YOUR_COMPANY,values:List((id:CF,text:Following%2520your%2520company,selectionType:INCLUDED))),(type:RECENTLY_CHANGED_JOBS,values:List((id:RPC,text:Changed%2520jobs,selectionType:INCLUDED))),(type:RELATIONSHIP,values:List((id:O,text:3rd%252B%2520degree%2520connections,selectionType:INCLUDED))),(type:POSTED_ON_LINKEDIN,values:List((id:RPOL,text:Posted%2520on%2520LinkedIn,selectionType:INCLUDED)))))&sessionId=7PDP%2FfqwRIe1fIP96wVAIg%3D%3D&viewAllFilters=true",""
"c23df1ee-1268-4587-b325-f3d716822700","31636218-c00d-4cd5-86cf-9b8f3a808868",2,"pending","INDUSTRY","36",,"","https://www.linkedin.com/sales/search/people?query=(recentSearchParam:(id:5752546450,doLogHistory:true),filters:List((type:INDUSTRY,values:List((id:36,selectionType:INCLUDED))),(type:GEOGRAPHY,values:List((id:100506914,selectionType:INCLUDED))),(type:FOLLOWS_YOUR_COMPANY,values:List((id:CF,text:Following%2520your%2520company,selectionType:INCLUDED))),(type:RECENTLY_CHANGED_JOBS,values:List((id:RPC,text:Changed%2520jobs,selectionType:INCLUDED))),(type:RELATIONSHIP,values:List((id:O,text:3rd%252B%2520degree%2520connections,selectionType:INCLUDED))),(type:POSTED_ON_LINKEDIN,values:List((id:RPOL,text:Posted%2520on%2520LinkedIn,selectionType:INCLUDED)))))&sessionId=7PDP%2FfqwRIe1fIP96wVAIg%3D%3D&viewAllFilters=true",""
"50ebd89d-9bc0-4ee9-b441-bb4908654b7a","31636218-c00d-4cd5-86cf-9b8f3a808868",2,"pending","INDUSTRY","37",,"","https://www.linkedin.com/sales/search/people?query=(recentSearchParam:(id:5752546450,doLogHistory:true),filters:List((type:INDUSTRY,values:List((id:37,selectionType:INCLUDED))),(type:GEOGRAPHY,values:List((id:100506914,selectionType:INCLUDED))),(type:FOLLOWS_YOUR_COMPANY,values:List((id:CF,text:Following%2520your%2520company,selectionType:INCLUDED))),(type:RECENTLY_CHANGED_JOBS,values:List((id:RPC,text:Changed%2520jobs,selectionType:INCLUDED))),(type:RELATIONSHIP,values:List((id:O,text:3rd%252B%2520degree%2520connections,selectionType:INCLUDED))),(type:POSTED_ON_LINKEDIN,values:List((id:RPOL,text:Posted%2520on%2520LinkedIn,selectionType:INCLUDED)))))&sessionId=7PDP%2FfqwRIe1fIP96wVAIg%3D%3D&viewAllFilters=true",""
"621b1257-33ef-4e7f-b778-1e8868c5ae64","31636218-c00d-4cd5-86cf-9b8f3a808868",2,"pending","INDUSTRY","38",,"","https://www.linkedin.com/sales/search/people?query=(recentSearchParam:(id:5752546450,doLogHistory:true),filters:List((type:INDUSTRY,values:List((id:38,selectionType:INCLUDED))),(type:GEOGRAPHY,values:List((id:100506914,selectionType:INCLUDED))),(type:FOLLOWS_YOUR_COMPANY,values:List((id:CF,text:Following%2520your%2520company,selectionType:INCLUDED))),(type:RECENTLY_CHANGED_JOBS,values:List((id:RPC,text:Changed%2520jobs,selectionType:INCLUDED))),(type:RELATIONSHIP,values:List((id:O,text:3rd%252B%2520degree%2520connections,selectionType:INCLUDED))),(type:POSTED_ON_LINKEDIN,values:List((id:RPOL,text:Posted%2520on%2520LinkedIn,selectionType:INCLUDED)))))&sessionId=7PDP%2FfqwRIe1fIP96wVAIg%3D%3D&viewAllFilters=true",""
"8d4fbfab-0601-43a7-b8f2-32a590d498ae","31636218-c00d-4cd5-86cf-9b8f3a808868",2,"pending","INDUSTRY","39",,"","https://www.linkedin.com/sales/search/people?query=(recentSearchParam:(id:5752546450,doLogHistory:true),filters:List((type:INDUSTRY,values:List((id:39,selectionType:INCLUDED))),(type:GEOGRAPHY,values:List((id:100506914,selectionType:INCLUDED))),(type:FOLLOWS_YOUR_COMPANY,values:List((id:CF,text:Following%2520your%2520company,selectionType:INCLUDED))),(type:RECENTLY_CHANGED_JOBS,values:List((id:RPC,text:Changed%2520jobs,selectionType:INCLUDED))),(type:RELATIONSHIP,values:List((id:O,text:3rd%252B%2520degree%2520connections,selectionType:INCLUDED))),(type:POSTED_ON_LINKEDIN,values:List((id:RPOL,text:Posted%2520on%2520LinkedIn,selectionType:INCLUDED)))))&sessionId=7PDP%2FfqwRIe1fIP96wVAIg%3D%3D&viewAllFilters=true",""
"6b5696fe-b821-4683-8436-5694d8369c7d","31636218-c00d-4cd5-86cf-9b8f3a808868",2,"pending","INDUSTRY","40",,"","https://www.linkedin.com/sales/search/people?query=(recentSearchParam:(id:5752546450,doLogHistory:true),filters:List((type:INDUSTRY,values:List((id:40,selectionType:INCLUDED))),(type:GEOGRAPHY,values:List((id:100506914,selectionType:INCLUDED))),(type:FOLLOWS_YOUR_COMPANY,values:List((id:CF,text:Following%2520your%2520company,selectionType:INCLUDED))),(type:RECENTLY_CHANGED_JOBS,values:List((id:RPC,text:Changed%2520jobs,selectionType:INCLUDED))),(type:RELATIONSHIP,values:List((id:O,text:3rd%252B%2520degree%2520connections,selectionType:INCLUDED))),(type:POSTED_ON_LINKEDIN,values:List((id:RPOL,text:Posted%2520on%2520LinkedIn,selectionType:INCLUDED)))))&sessionId=7PDP%2FfqwRIe1fIP96wVAIg%3D%3D&viewAllFilters=true",""
"3cd974b8-452d-457f-85e2-5a5acc9a8320","31636218-c00d-4cd5-86cf-9b8f3a808868",2,"pending","INDUSTRY","41",,"","https://www.linkedin.com/sales/search/people?query=(recentSearchParam:(id:5752546450,doLogHistory:true),filters:List((type:INDUSTRY,values:List((id:41,selectionType:INCLUDED))),(type:GEOGRAPHY,values:List((id:100506914,selectionType:INCLUDED))),(type:FOLLOWS_YOUR_COMPANY,values:List((id:CF,text:Following%2520your%2520company,selectionType:INCLUDED))),(type:RECENTLY_CHANGED_JOBS,values:List((id:RPC,text:Changed%2520jobs,selectionType:INCLUDED))),(type:RELATIONSHIP,values:List((id:O,text:3rd%252B%2520degree%2520connections,selectionType:INCLUDED))),(type:POSTED_ON_LINKEDIN,values:List((id:RPOL,text:Posted%2520on%2520LinkedIn,selectionType:INCLUDED)))))&sessionId=7PDP%2FfqwRIe1fIP96wVAIg%3D%3D&viewAllFilters=true",""
"2d7f47e0-319c-4f1a-9f75-2bbbff30378b","31636218-c00d-4cd5-86cf-9b8f3a808868",2,"pending","INDUSTRY","42",,"","https://www.linkedin.com/sales/search/people?query=(recentSearchParam:(id:5752546450,doLogHistory:true),filters:List((type:INDUSTRY,values:List((id:42,selectionType:INCLUDED))),(type:GEOGRAPHY,values:List((id:100506914,selectionType:INCLUDED))),(type:FOLLOWS_YOUR_COMPANY,values:List((id:CF,text:Following%2520your%2520company,selectionType:INCLUDED))),(type:RECENTLY_CHANGED_JOBS,values:List((id:RPC,text:Changed%2520jobs,selectionType:INCLUDED))),(type:RELATIONSHIP,values:List((id:O,text:3rd%252B%2520degree%2520connections,selectionType:INCLUDED))),(type:POSTED_ON_LINKEDIN,values:List((id:RPOL,text:Posted%2520on%2520LinkedIn,selectionType:INCLUDED)))))&sessionId=7PDP%2FfqwRIe1fIP96wVAIg%3D%3D&viewAllFilters=true",""
"f8548c48-3ade-430b-b902-f692caa344b5","31636218-c00d-4cd5-86cf-9b8f3a808868",2,"pending","INDUSTRY","43",,"","https://www.linkedin.com/sales/search/people?query=(recentSearchParam:(id:5752546450,doLogHistory:true),filters:List((type:INDUSTRY,values:List((id:43,selectionType:INCLUDED))),(type:GEOGRAPHY,values:List((id:100506914,selectionType:INCLUDED))),(type:FOLLOWS_YOUR_COMPANY,values:List((id:CF,text:Following%2520your%2520company,selectionType:INCLUDED))),(type:RECENTLY_CHANGED_JOBS,values:List((id:RPC,text:Changed%2520jobs,selectionType:INCLUDED))),(type:RELATIONSHIP,values:List((id:O,text:3rd%252B%2520degree%2520connections,selectionType:INCLUDED))),(type:POSTED_ON_LINKEDIN,values:List((id:RPOL,text:Posted%2520on%2520LinkedIn,selectionType:INCLUDED)))))&sessionId=7PDP%2FfqwRIe1fIP96wVAIg%3D%3D&viewAllFilters=true",""
"8eb7c14c-bc6a-4761-8162-edb1f303cc2b","31636218-c00d-4cd5-86cf-9b8f3a808868",2,"pending","INDUSTRY","44",,"","https://www.linkedin.com/sales/search/people?query=(recentSearchParam:(id:5752546450,doLogHistory:true),filters:List((type:INDUSTRY,values:List((id:44,selectionType:INCLUDED))),(type:GEOGRAPHY,values:List((id:100506914,selectionType:INCLUDED))),(type:FOLLOWS_YOUR_COMPANY,values:List((id:CF,text:Following%2520your%2520company,selectionType:INCLUDED))),(type:RECENTLY_CHANGED_JOBS,values:List((id:RPC,text:Changed%2520jobs,selectionType:INCLUDED))),(type:RELATIONSHIP,values:List((id:O,text:3rd%252B%2520degree%2520connections,selectionType:INCLUDED))),(type:POSTED_ON_LINKEDIN,values:List((id:RPOL,text:Posted%2520on%2520LinkedIn,selectionType:INCLUDED)))))&sessionId=7PDP%2FfqwRIe1fIP96wVAIg%3D%3D&viewAllFilters=true",""
"de5ced53-473c-4bb2-a4ca-077fbc26f6ea","31636218-c00d-4cd5-86cf-9b8f3a808868",2,"pending","INDUSTRY","45",,"","https://www.linkedin.com/sales/search/people?query=(recentSearchParam:(id:5752546450,doLogHistory:true),filters:List((type:INDUSTRY,values:List((id:45,selectionType:INCLUDED))),(type:GEOGRAPHY,values:List((id:100506914,selectionType:INCLUDED))),(type:FOLLOWS_YOUR_COMPANY,values:List((id:CF,text:Following%2520your%2520company,selectionType:INCLUDED))),(type:RECENTLY_CHANGED_JOBS,values:List((id:RPC,text:Changed%2520jobs,selectionType:INCLUDED))),(type:RELATIONSHIP,values:List((id:O,text:3rd%252B%2520degree%2520connections,selectionType:INCLUDED))),(type:POSTED_ON_LINKEDIN,values:List((id:RPOL,text:Posted%2520on%2520LinkedIn,selectionType:INCLUDED)))))&sessionId=7PDP%2FfqwRIe1fIP96wVAIg%3D%3D&viewAllFilters=true",""
"fe9dce37-3607-415a-92c8-155b7e2e002d","31636218-c00d-4cd5-86cf-9b8f3a808868",2,"pending","INDUSTRY","46",,"","https://www.linkedin.com/sales/search/people?query=(recentSearchParam:(id:5752546450,doLogHistory:true),filters:List((type:INDUSTRY,values:List((id:46,selectionType:INCLUDED))),(type:GEOGRAPHY,values:List((id:100506914,selectionType:INCLUDED))),(type:FOLLOWS_YOUR_COMPANY,values:List((id:CF,text:Following%2520your%2520company,selectionType:INCLUDED))),(type:RECENTLY_CHANGED_JOBS,values:List((id:RPC,text:Changed%2520jobs,selectionType:INCLUDED))),(type:RELATIONSHIP,values:List((id:O,text:3rd%252B%2520degree%2520connections,selectionType:INCLUDED))),(type:POSTED_ON_LINKEDIN,values:List((id:RPOL,text:Posted%2520on%2520LinkedIn,selectionType:INCLUDED)))))&sessionId=7PDP%2FfqwRIe1fIP96wVAIg%3D%3D&viewAllFilters=true",""
"1538dfca-88af-4de2-93c4-1d3a086847a6","31636218-c00d-4cd5-86cf-9b8f3a808868",2,"pending","INDUSTRY","47",,"","https://www.linkedin.com/sales/search/people?query=(recentSearchParam:(id:5752546450,doLogHistory:true),filters:List((type:INDUSTRY,values:List((id:47,selectionType:INCLUDED))),(type:GEOGRAPHY,values:List((id:100506914,selectionType:INCLUDED))),(type:FOLLOWS_YOUR_COMPANY,values:List((id:CF,text:Following%2520your%2520company,selectionType:INCLUDED))),(type:RECENTLY_CHANGED_JOBS,values:List((id:RPC,text:Changed%2520jobs,selectionType:INCLUDED))),(type:RELATIONSHIP,values:List((id:O,text:3rd%252B%2520degree%2520connections,selectionType:INCLUDED))),(type:POSTED_ON_LINKEDIN,values:List((id:RPOL,text:Posted%2520on%2520LinkedIn,selectionType:INCLUDED)))))&sessionId=7PDP%2FfqwRIe1fIP96wVAIg%3D%3D&viewAllFilters=true",""
"55f1368b-cf1b-4a4c-9996-16d4e3cb20e7","31636218-c00d-4cd5-86cf-9b8f3a808868",2,"pending","INDUSTRY","48",,"","https://www.linkedin.com/sales/search/people?query=(recentSearchParam:(id:5752546450,doLogHistory:true),filters:List((type:INDUSTRY,values:List((id:48,selectionType:INCLUDED))),(type:GEOGRAPHY,values:List((id:100506914,selectionType:INCLUDED))),(type:FOLLOWS_YOUR_COMPANY,values:List((id:CF,text:Following%2520your%2520company,selectionType:INCLUDED))),(type:RECENTLY_CHANGED_JOBS,values:List((id:RPC,text:Changed%2520jobs,selectionType:INCLUDED))),(type:RELATIONSHIP,values:List((id:O,text:3rd%252B%2520degree%2520connections,selectionType:INCLUDED))),(type:POSTED_ON_LINKEDIN,values:List((id:RPOL,text:Posted%2520on%2520LinkedIn,selectionType:INCLUDED)))))&sessionId=7PDP%2FfqwRIe1fIP96wVAIg%3D%3D&viewAllFilters=true",""
"83bb505d-e98a-45da-98f9-43b3e2f3716c","31636218-c00d-4cd5-86cf-9b8f3a808868",2,"pending","INDUSTRY","49",,"","https://www.linkedin.com/sales/search/people?query=(recentSearchParam:(id:5752546450,doLogHistory:true),filters:List((type:INDUSTRY,values:List((id:49,selectionType:INCLUDED))),(type:GEOGRAPHY,values:List((id:100506914,selectionType:INCLUDED))),(type:FOLLOWS_YOUR_COMPANY,values:List((id:CF,text:Following%2520your%2520company,selectionType:INCLUDED))),(type:RECENTLY_CHANGED_JOBS,values:List((id:RPC,text:Changed%2520jobs,selectionType:INCLUDED))),(type:RELATIONSHIP,values:List((id:O,text:3rd%252B%2520degree%2520connections,selectionType:INCLUDED))),(type:POSTED_ON_LINKEDIN,values:List((id:RPOL,text:Posted%2520on%2520LinkedIn,selectionType:INCLUDED)))))&sessionId=7PDP%2FfqwRIe1fIP96wVAIg%3D%3D&viewAllFilters=true",""
"fa78a8e2-6424-4408-9a38-dcb1c38ea906","31636218-c00d-4cd5-86cf-9b8f3a808868",2,"pending","INDUSTRY","50",,"","https://www.linkedin.com/sales/search/people?query=(recentSearchParam:(id:5752546450,doLogHistory:true),filters:List((type:INDUSTRY,values:List((id:50,selectionType:INCLUDED))),(type:GEOGRAPHY,values:List((id:100506914,selectionType:INCLUDED))),(type:FOLLOWS_YOUR_COMPANY,values:List((id:CF,text:Following%2520your%2520company,selectionType:INCLUDED))),(type:RECENTLY_CHANGED_JOBS,values:List((id:RPC,text:Changed%2520jobs,selectionType:INCLUDED))),(type:RELATIONSHIP,values:List((id:O,text:3rd%252B%2520degree%2520connections,selectionType:INCLUDED))),(type:POSTED_ON_LINKEDIN,values:List((id:RPOL,text:Posted%2520on%2520LinkedIn,selectionType:INCLUDED)))))&sessionId=7PDP%2FfqwRIe1fIP96wVAIg%3D%3D&viewAllFilters=true",""
"b19f546b-4c9b-47e7-b0c8-4c1f37db538f","31636218-c00d-4cd5-86cf-9b8f3a808868",2,"pending","INDUSTRY","51",,"","https://www.linkedin.com/sales/search/people?query=(recentSearchParam:(id:5752546450,doLogHistory:true),filters:List((type:INDUSTRY,values:List((id:51,selectionType:INCLUDED))),(type:GEOGRAPHY,values:List((id:100506914,selectionType:INCLUDED))),(type:FOLLOWS_YOUR_COMPANY,values:List((id:CF,text:Following%2520your%2520company,selectionType:INCLUDED))),(type:RECENTLY_CHANGED_JOBS,values:List((id:RPC,text:Changed%2520jobs,selectionType:INCLUDED))),(type:RELATIONSHIP,values:List((id:O,text:3rd%252B%2520degree%2520connections,selectionType:INCLUDED))),(type:POSTED_ON_LINKEDIN,values:List((id:RPOL,text:Posted%2520on%2520LinkedIn,selectionType:INCLUDED)))))&sessionId=7PDP%2FfqwRIe1fIP96wVAIg%3D%3D&viewAllFilters=true",""
"5de67d8e-6e5f-4512-b735-518dde4a07f0","31636218-c00d-4cd5-86cf-9b8f3a808868",2,"pending","INDUSTRY","52",,"","https://www.linkedin.com/sales/search/people?query=(recentSearchParam:(id:5752546450,doLogHistory:true),filters:List((type:INDUSTRY,values:List((id:52,selectionType:INCLUDED))),(type:GEOGRAPHY,values:List((id:100506914,selectionType:INCLUDED))),(type:FOLLOWS_YOUR_COMPANY,values:List((id:CF,text:Following%2520your%2520company,selectionType:INCLUDED))),(type:RECENTLY_CHANGED_JOBS,values:List((id:RPC,text:Changed%2520jobs,selectionType:INCLUDED))),(type:RELATIONSHIP,values:List((id:O,text:3rd%252B%2520degree%2520connections,selectionType:INCLUDED))),(type:POSTED_ON_LINKEDIN,values:List((id:RPOL,text:Posted%2520on%2520LinkedIn,selectionType:INCLUDED)))))&sessionId=7PDP%2FfqwRIe1fIP96wVAIg%3D%3D&viewAllFilters=true",""
"e4cad133-5d60-40b9-9ec2-e94bdf3587d2","31636218-c00d-4cd5-86cf-9b8f3a808868",2,"pending","INDUSTRY","53",,"","https://www.linkedin.com/sales/search/people?query=(recentSearchParam:(id:5752546450,doLogHistory:true),filters:List((type:INDUSTRY,values:List((id:53,selectionType:INCLUDED))),(type:GEOGRAPHY,values:List((id:100506914,selectionType:INCLUDED))),(type:FOLLOWS_YOUR_COMPANY,values:List((id:CF,text:Following%2520your%2520company,selectionType:INCLUDED))),(type:RECENTLY_CHANGED_JOBS,values:List((id:RPC,text:Changed%2520jobs,selectionType:INCLUDED))),(type:RELATIONSHIP,values:List((id:O,text:3rd%252B%2520degree%2520connections,selectionType:INCLUDED))),(type:POSTED_ON_LINKEDIN,values:List((id:RPOL,text:Posted%2520on%2520LinkedIn,selectionType:INCLUDED)))))&sessionId=7PDP%2FfqwRIe1fIP96wVAIg%3D%3D&viewAllFilters=true",""
"0fe50401-cded-4012-8528-f7503e03a69a","31636218-c00d-4cd5-86cf-9b8f3a808868",2,"pending","INDUSTRY","54",,"","https://www.linkedin.com/sales/search/people?query=(recentSearchParam:(id:5752546450,doLogHistory:true),filters:List((type:INDUSTRY,values:List((id:54,selectionType:INCLUDED))),(type:GEOGRAPHY,values:List((id:100506914,selectionType:INCLUDED))),(type:FOLLOWS_YOUR_COMPANY,values:List((id:CF,text:Following%2520your%2520company,selectionType:INCLUDED))),(type:RECENTLY_CHANGED_JOBS,values:List((id:RPC,text:Changed%2520jobs,selectionType:INCLUDED))),(type:RELATIONSHIP,values:List((id:O,text:3rd%252B%2520degree%2520connections,selectionType:INCLUDED))),(type:POSTED_ON_LINKEDIN,values:List((id:RPOL,text:Posted%2520on%2520LinkedIn,selectionType:INCLUDED)))))&sessionId=7PDP%2FfqwRIe1fIP96wVAIg%3D%3D&viewAllFilters=true",""
"0d04691e-0ee7-436e-a526-5e1d007019fe","31636218-c00d-4cd5-86cf-9b8f3a808868",2,"pending","INDUSTRY","55",,"","https://www.linkedin.com/sales/search/people?query=(recentSearchParam:(id:5752546450,doLogHistory:true),filters:List((type:INDUSTRY,values:List((id:55,selectionType:INCLUDED))),(type:GEOGRAPHY,values:List((id:100506914,selectionType:INCLUDED))),(type:FOLLOWS_YOUR_COMPANY,values:List((id:CF,text:Following%2520your%2520company,selectionType:INCLUDED))),(type:RECENTLY_CHANGED_JOBS,values:List((id:RPC,text:Changed%2520jobs,selectionType:INCLUDED))),(type:RELATIONSHIP,values:List((id:O,text:3rd%252B%2520degree%2520connections,selectionType:INCLUDED))),(type:POSTED_ON_LINKEDIN,values:List((id:RPOL,text:Posted%2520on%2520LinkedIn,selectionType:INCLUDED)))))&sessionId=7PDP%2FfqwRIe1fIP96wVAIg%3D%3D&viewAllFilters=true",""
"4bb63671-b38a-455a-ac99-c8af396e1a15","31636218-c00d-4cd5-86cf-9b8f3a808868",2,"pending","INDUSTRY","56",,"","https://www.linkedin.com/sales/search/people?query=(recentSearchParam:(id:5752546450,doLogHistory:true),filters:List((type:INDUSTRY,values:List((id:56,selectionType:INCLUDED))),(type:GEOGRAPHY,values:List((id:100506914,selectionType:INCLUDED))),(type:FOLLOWS_YOUR_COMPANY,values:List((id:CF,text:Following%2520your%2520company,selectionType:INCLUDED))),(type:RECENTLY_CHANGED_JOBS,values:List((id:RPC,text:Changed%2520jobs,selectionType:INCLUDED))),(type:RELATIONSHIP,values:List((id:O,text:3rd%252B%2520degree%2520connections,selectionType:INCLUDED))),(type:POSTED_ON_LINKEDIN,values:List((id:RPOL,text:Posted%2520on%2520LinkedIn,selectionType:INCLUDED)))))&sessionId=7PDP%2FfqwRIe1fIP96wVAIg%3D%3D&viewAllFilters=true",""
"705db4b0-1a7a-4a0b-807e-7cefd8ed30e6","31636218-c00d-4cd5-86cf-9b8f3a808868",2,"pending","INDUSTRY","57",,"","https://www.linkedin.com/sales/search/people?query=(recentSearchParam:(id:5752546450,doLogHistory:true),filters:List((type:INDUSTRY,values:List((id:57,selectionType:INCLUDED))),(type:GEOGRAPHY,values:List((id:100506914,selectionType:INCLUDED))),(type:FOLLOWS_YOUR_COMPANY,values:List((id:CF,text:Following%2520your%2520company,selectionType:INCLUDED))),(type:RECENTLY_CHANGED_JOBS,values:List((id:RPC,text:Changed%2520jobs,selectionType:INCLUDED))),(type:RELATIONSHIP,values:List((id:O,text:3rd%252B%2520degree%2520connections,selectionType:INCLUDED))),(type:POSTED_ON_LINKEDIN,values:List((id:RPOL,text:Posted%2520on%2520LinkedIn,selectionType:INCLUDED)))))&sessionId=7PDP%2FfqwRIe1fIP96wVAIg%3D%3D&viewAllFilters=true",""
"d2bf5334-b378-43dd-b7b1-ba51d4a08cba","31636218-c00d-4cd5-86cf-9b8f3a808868",2,"pending","INDUSTRY","58",,"","https://www.linkedin.com/sales/search/people?query=(recentSearchParam:(id:5752546450,doLogHistory:true),filters:List((type:INDUSTRY,values:List((id:58,selectionType:INCLUDED))),(type:GEOGRAPHY,values:List((id:100506914,selectionType:INCLUDED))),(type:FOLLOWS_YOUR_COMPANY,values:List((id:CF,text:Following%2520your%2520company,selectionType:INCLUDED))),(type:RECENTLY_CHANGED_JOBS,values:List((id:RPC,text:Changed%2520jobs,selectionType:INCLUDED))),(type:RELATIONSHIP,values:List((id:O,text:3rd%252B%2520degree%2520connections,selectionType:INCLUDED))),(type:POSTED_ON_LINKEDIN,values:List((id:RPOL,text:Posted%2520on%2520LinkedIn,selectionType:INCLUDED)))))&sessionId=7PDP%2FfqwRIe1fIP96wVAIg%3D%3D&viewAllFilters=true",""
"93cc2714-e4de-470d-a34a-f88385da685b","31636218-c00d-4cd5-86cf-9b8f3a808868",2,"pending","INDUSTRY","59",,"","https://www.linkedin.com/sales/search/people?query=(recentSearchParam:(id:5752546450,doLogHistory:true),filters:List((type:INDUSTRY,values:List((id:59,selectionType:INCLUDED))),(type:GEOGRAPHY,values:List((id:100506914,selectionType:INCLUDED))),(type:FOLLOWS_YOUR_COMPANY,values:List((id:CF,text:Following%2520your%2520company,selectionType:INCLUDED))),(type:RECENTLY_CHANGED_JOBS,values:List((id:RPC,text:Changed%2520jobs,selectionType:INCLUDED))),(type:RELATIONSHIP,values:List((id:O,text:3rd%252B%2520degree%2520connections,selectionType:INCLUDED))),(type:POSTED_ON_LINKEDIN,values:List((id:RPOL,text:Posted%2520on%2520LinkedIn,selectionType:INCLUDED)))))&sessionId=7PDP%2FfqwRIe1fIP96wVAIg%3D%3D&viewAllFilters=true",""
"cea5466d-dd5f-49ba-ace0-041ce5c8c744","31636218-c00d-4cd5-86cf-9b8f3a808868",2,"pending","INDUSTRY","60",,"","https://www.linkedin.com/sales/search/people?query=(recentSearchParam:(id:5752546450,doLogHistory:true),filters:List((type:INDUSTRY,values:List((id:60,selectionType:INCLUDED))),(type:GEOGRAPHY,values:List((id:100506914,selectionType:INCLUDED))),(type:FOLLOWS_YOUR_COMPANY,values:List((id:CF,text:Following%2520your%2520company,selectionType:INCLUDED))),(type:RECENTLY_CHANGED_JOBS,values:List((id:RPC,text:Changed%2520jobs,selectionType:INCLUDED))),(type:RELATIONSHIP,values:List((id:O,text:3rd%252B%2520degree%2520connections,selectionType:INCLUDED))),(type:POSTED_ON_LINKEDIN,values:List((id:RPOL,text:Posted%2520on%2520LinkedIn,selectionType:INCLUDED)))))&sessionId=7PDP%2FfqwRIe1fIP96wVAIg%3D%3D&viewAllFilters=true",""
"c1a29d81-48ac-489b-b400-1d1a8cda4fd1","31636218-c00d-4cd5-86cf-9b8f3a808868",2,"pending","INDUSTRY","61",,"","https://www.linkedin.com/sales/search/people?query=(recentSearchParam:(id:5752546450,doLogHistory:true),filters:List((type:INDUSTRY,values:List((id:61,selectionType:INCLUDED))),(type:GEOGRAPHY,values:List((id:100506914,selectionType:INCLUDED))),(type:FOLLOWS_YOUR_COMPANY,values:List((id:CF,text:Following%2520your%2520company,selectionType:INCLUDED))),(type:RECENTLY_CHANGED_JOBS,values:List((id:RPC,text:Changed%2520jobs,selectionType:INCLUDED))),(type:RELATIONSHIP,values:List((id:O,text:3rd%252B%2520degree%2520connections,selectionType:INCLUDED))),(type:POSTED_ON_LINKEDIN,values:List((id:RPOL,text:Posted%2520on%2520LinkedIn,selectionType:INCLUDED)))))&sessionId=7PDP%2FfqwRIe1fIP96wVAIg%3D%3D&viewAllFilters=true",""
"b809f38e-1aea-4dc0-a320-1dba39c674b6","31636218-c00d-4cd5-86cf-9b8f3a808868",2,"pending","INDUSTRY","62",,"","https://www.linkedin.com/sales/search/people?query=(recentSearchParam:(id:5752546450,doLogHistory:true),filters:List((type:INDUSTRY,values:List((id:62,selectionType:INCLUDED))),(type:GEOGRAPHY,values:List((id:100506914,selectionType:INCLUDED))),(type:FOLLOWS_YOUR_COMPANY,values:List((id:CF,text:Following%2520your%2520company,selectionType:INCLUDED))),(type:RECENTLY_CHANGED_JOBS,values:List((id:RPC,text:Changed%2520jobs,selectionType:INCLUDED))),(type:RELATIONSHIP,values:List((id:O,text:3rd%252B%2520degree%2520connections,selectionType:INCLUDED))),(type:POSTED_ON_LINKEDIN,values:List((id:RPOL,text:Posted%2520on%2520LinkedIn,selectionType:INCLUDED)))))&sessionId=7PDP%2FfqwRIe1fIP96wVAIg%3D%3D&viewAllFilters=true",""
"0752e804-37bd-4211-b205-8ca9dd7c9662","31636218-c00d-4cd5-86cf-9b8f3a808868",2,"pending","INDUSTRY","63",,"","https://www.linkedin.com/sales/search/people?query=(recentSearchParam:(id:5752546450,doLogHistory:true),filters:List((type:INDUSTRY,values:List((id:63,selectionType:INCLUDED))),(type:GEOGRAPHY,values:List((id:100506914,selectionType:INCLUDED))),(type:FOLLOWS_YOUR_COMPANY,values:List((id:CF,text:Following%2520your%2520company,selectionType:INCLUDED))),(type:RECENTLY_CHANGED_JOBS,values:List((id:RPC,text:Changed%2520jobs,selectionType:INCLUDED))),(type:RELATIONSHIP,values:List((id:O,text:3rd%252B%2520degree%2520connections,selectionType:INCLUDED))),(type:POSTED_ON_LINKEDIN,values:List((id:RPOL,text:Posted%2520on%2520LinkedIn,selectionType:INCLUDED)))))&sessionId=7PDP%2FfqwRIe1fIP96wVAIg%3D%3D&viewAllFilters=true",""
"5dc6ad4a-ceb4-4174-a80e-90bbf2be27e6","31636218-c00d-4cd5-86cf-9b8f3a808868",2,"pending","INDUSTRY","64",,"","https://www.linkedin.com/sales/search/people?query=(recentSearchParam:(id:5752546450,doLogHistory:true),filters:List((type:INDUSTRY,values:List((id:64,selectionType:INCLUDED))),(type:GEOGRAPHY,values:List((id:100506914,selectionType:INCLUDED))),(type:FOLLOWS_YOUR_COMPANY,values:List((id:CF,text:Following%2520your%2520company,selectionType:INCLUDED))),(type:RECENTLY_CHANGED_JOBS,values:List((id:RPC,text:Changed%2520jobs,selectionType:INCLUDED))),(type:RELATIONSHIP,values:List((id:O,text:3rd%252B%2520degree%2520connections,selectionType:INCLUDED))),(type:POSTED_ON_LINKEDIN,values:List((id:RPOL,text:Posted%2520on%2520LinkedIn,selectionType:INCLUDED)))))&sessionId=7PDP%2FfqwRIe1fIP96wVAIg%3D%3D&viewAllFilters=true",""
"e50ab3d3-73ce-4863-960b-9a026f301c96","31636218-c00d-4cd5-86cf-9b8f3a808868",2,"pending","INDUSTRY","65",,"","https://www.linkedin.com/sales/search/people?query=(recentSearchParam:(id:5752546450,doLogHistory:true),filters:List((type:INDUSTRY,values:List((id:65,selectionType:INCLUDED))),(type:GEOGRAPHY,values:List((id:100506914,selectionType:INCLUDED))),(type:FOLLOWS_YOUR_COMPANY,values:List((id:CF,text:Following%2520your%2520company,selectionType:INCLUDED))),(type:RECENTLY_CHANGED_JOBS,values:List((id:RPC,text:Changed%2520jobs,selectionType:INCLUDED))),(type:RELATIONSHIP,values:List((id:O,text:3rd%252B%2520degree%2520connections,selectionType:INCLUDED))),(type:POSTED_ON_LINKEDIN,values:List((id:RPOL,text:Posted%2520on%2520LinkedIn,selectionType:INCLUDED)))))&sessionId=7PDP%2FfqwRIe1fIP96wVAIg%3D%3D&viewAllFilters=true",""
"97afff0c-8886-4f83-b217-d114804bfb4d","31636218-c00d-4cd5-86cf-9b8f3a808868",2,"pending","INDUSTRY","66",,"","https://www.linkedin.com/sales/search/people?query=(recentSearchParam:(id:5752546450,doLogHistory:true),filters:List((type:INDUSTRY,values:List((id:66,selectionType:INCLUDED))),(type:GEOGRAPHY,values:List((id:100506914,selectionType:INCLUDED))),(type:FOLLOWS_YOUR_COMPANY,values:List((id:CF,text:Following%2520your%2520company,selectionType:INCLUDED))),(type:RECENTLY_CHANGED_JOBS,values:List((id:RPC,text:Changed%2520jobs,selectionType:INCLUDED))),(type:RELATIONSHIP,values:List((id:O,text:3rd%252B%2520degree%2520connections,selectionType:INCLUDED))),(type:POSTED_ON_LINKEDIN,values:List((id:RPOL,text:Posted%2520on%2520LinkedIn,selectionType:INCLUDED)))))&sessionId=7PDP%2FfqwRIe1fIP96wVAIg%3D%3D&viewAllFilters=true",""
"0ce6ea4c-57d1-4613-af69-beb59da7bb68","31636218-c00d-4cd5-86cf-9b8f3a808868",2,"pending","INDUSTRY","67",,"","https://www.linkedin.com/sales/search/people?query=(recentSearchParam:(id:5752546450,doLogHistory:true),filters:List((type:INDUSTRY,values:List((id:67,selectionType:INCLUDED))),(type:GEOGRAPHY,values:List((id:100506914,selectionType:INCLUDED))),(type:FOLLOWS_YOUR_COMPANY,values:List((id:CF,text:Following%2520your%2520company,selectionType:INCLUDED))),(type:RECENTLY_CHANGED_JOBS,values:List((id:RPC,text:Changed%2520jobs,selectionType:INCLUDED))),(type:RELATIONSHIP,values:List((id:O,text:3rd%252B%2520degree%2520connections,selectionType:INCLUDED))),(type:POSTED_ON_LINKEDIN,values:List((id:RPOL,text:Posted%2520on%2520LinkedIn,selectionType:INCLUDED)))))&sessionId=7PDP%2FfqwRIe1fIP96wVAIg%3D%3D&viewAllFilters=true",""
"2108658b-3159-4ac9-8d5f-5a90b698ed66","31636218-c00d-4cd5-86cf-9b8f3a808868",2,"pending","INDUSTRY","68",,"","https://www.linkedin.com/sales/search/people?query=(recentSearchParam:(id:5752546450,doLogHistory:true),filters:List((type:INDUSTRY,values:List((id:68,selectionType:INCLUDED))),(type:GEOGRAPHY,values:List((id:100506914,selectionType:INCLUDED))),(type:FOLLOWS_YOUR_COMPANY,values:List((id:CF,text:Following%2520your%2520company,selectionType:INCLUDED))),(type:RECENTLY_CHANGED_JOBS,values:List((id:RPC,text:Changed%2520jobs,selectionType:INCLUDED))),(type:RELATIONSHIP,values:List((id:O,text:3rd%252B%2520degree%2520connections,selectionType:INCLUDED))),(type:POSTED_ON_LINKEDIN,values:List((id:RPOL,text:Posted%2520on%2520LinkedIn,selectionType:INCLUDED)))))&sessionId=7PDP%2FfqwRIe1fIP96wVAIg%3D%3D&viewAllFilters=true",""
"cb93aaa5-51c5-488c-89ec-827587c9f1ab","31636218-c00d-4cd5-86cf-9b8f3a808868",2,"pending","INDUSTRY","69",,"","https://www.linkedin.com/sales/search/people?query=(recentSearchParam:(id:5752546450,doLogHistory:true),filters:List((type:INDUSTRY,values:List((id:69,selectionType:INCLUDED))),(type:GEOGRAPHY,values:List((id:100506914,selectionType:INCLUDED))),(type:FOLLOWS_YOUR_COMPANY,values:List((id:CF,text:Following%2520your%2520company,selectionType:INCLUDED))),(type:RECENTLY_CHANGED_JOBS,values:List((id:RPC,text:Changed%2520jobs,selectionType:INCLUDED))),(type:RELATIONSHIP,values:List((id:O,text:3rd%252B%2520degree%2520connections,selectionType:INCLUDED))),(type:POSTED_ON_LINKEDIN,values:List((id:RPOL,text:Posted%2520on%2520LinkedIn,selectionType:INCLUDED)))))&sessionId=7PDP%2FfqwRIe1fIP96wVAIg%3D%3D&viewAllFilters=true",""
"74c34e05-96ab-4e9a-a560-1ba63403a7a6","af3d56f6-2fc9-426a-a7d2-b7f317597aa3",2,"pending","INDUSTRY","1",,"","https://www.linkedin.com/sales/search/people?query=(recentSearchParam:(id:5752546450,doLogHistory:true),filters:List((type:INDUSTRY,values:List((id:1,selectionType:INCLUDED))),(type:GEOGRAPHY,values:List((id:102221843,selectionType:INCLUDED))),(type:FOLLOWS_YOUR_COMPANY,values:List((id:CF,text:Following%2520your%2520company,selectionType:INCLUDED))),(type:RECENTLY_CHANGED_JOBS,values:List((id:RPC,text:Changed%2520jobs,selectionType:INCLUDED))),(type:RELATIONSHIP,values:List((id:O,text:3rd%252B%2520degree%2520connections,selectionType:INCLUDED))),(type:POSTED_ON_LINKEDIN,values:List((id:RPOL,text:Posted%2520on%2520LinkedIn,selectionType:INCLUDED)))))&sessionId=7PDP%2FfqwRIe1fIP96wVAIg%3D%3D&viewAllFilters=true",""
"48ddcf6b-9fbc-4280-8aca-e5f07662aca4","af3d56f6-2fc9-426a-a7d2-b7f317597aa3",2,"pending","INDUSTRY","3",,"","https://www.linkedin.com/sales/search/people?query=(recentSearchParam:(id:5752546450,doLogHistory:true),filters:List((type:INDUSTRY,values:List((id:3,selectionType:INCLUDED))),(type:GEOGRAPHY,values:List((id:102221843,selectionType:INCLUDED))),(type:FOLLOWS_YOUR_COMPANY,values:List((id:CF,text:Following%2520your%2520company,selectionType:INCLUDED))),(type:RECENTLY_CHANGED_JOBS,values:List((id:RPC,text:Changed%2520jobs,selectionType:INCLUDED))),(type:RELATIONSHIP,values:List((id:O,text:3rd%252B%2520degree%2520connections,selectionType:INCLUDED))),(type:POSTED_ON_LINKEDIN,values:List((id:RPOL,text:Posted%2520on%2520LinkedIn,selectionType:INCLUDED)))))&sessionId=7PDP%2FfqwRIe1fIP96wVAIg%3D%3D&viewAllFilters=true",""
"56676748-e92c-46e6-99bd-e123e9b05eb0","af3d56f6-2fc9-426a-a7d2-b7f317597aa3",2,"pending","INDUSTRY","4",,"","https://www.linkedin.com/sales/search/people?query=(recentSearchParam:(id:5752546450,doLogHistory:true),filters:List((type:INDUSTRY,values:List((id:4,selectionType:INCLUDED))),(type:GEOGRAPHY,values:List((id:102221843,selectionType:INCLUDED))),(type:FOLLOWS_YOUR_COMPANY,values:List((id:CF,text:Following%2520your%2520company,selectionType:INCLUDED))),(type:RECENTLY_CHANGED_JOBS,values:List((id:RPC,text:Changed%2520jobs,selectionType:INCLUDED))),(type:RELATIONSHIP,values:List((id:O,text:3rd%252B%2520degree%2520connections,selectionType:INCLUDED))),(type:POSTED_ON_LINKEDIN,values:List((id:RPOL,text:Posted%2520on%2520LinkedIn,selectionType:INCLUDED)))))&sessionId=7PDP%2FfqwRIe1fIP96wVAIg%3D%3D&viewAllFilters=true",""
"6a146c7d-f91b-4a75-96e6-fae94ea9f6a7","af3d56f6-2fc9-426a-a7d2-b7f317597aa3",2,"pending","INDUSTRY","5",,"","https://www.linkedin.com/sales/search/people?query=(recentSearchParam:(id:5752546450,doLogHistory:true),filters:List((type:INDUSTRY,values:List((id:5,selectionType:INCLUDED))),(type:GEOGRAPHY,values:List((id:102221843,selectionType:INCLUDED))),(type:FOLLOWS_YOUR_COMPANY,values:List((id:CF,text:Following%2520your%2520company,selectionType:INCLUDED))),(type:RECENTLY_CHANGED_JOBS,values:List((id:RPC,text:Changed%2520jobs,selectionType:INCLUDED))),(type:RELATIONSHIP,values:List((id:O,text:3rd%252B%2520degree%2520connections,selectionType:INCLUDED))),(type:POSTED_ON_LINKEDIN,values:List((id:RPOL,text:Posted%2520on%2520LinkedIn,selectionType:INCLUDED)))))&sessionId=7PDP%2FfqwRIe1fIP96wVAIg%3D%3D&viewAllFilters=true",""
"25ff4898-279c-43c9-86f2-8b8095ef78c0","af3d56f6-2fc9-426a-a7d2-b7f317597aa3",2,"pending","INDUSTRY","6",,"","https://www.linkedin.com/sales/search/people?query=(recentSearchParam:(id:5752546450,doLogHistory:true),filters:List((type:INDUSTRY,values:List((id:6,selectionType:INCLUDED))),(type:GEOGRAPHY,values:List((id:102221843,selectionType:INCLUDED))),(type:FOLLOWS_YOUR_COMPANY,values:List((id:CF,text:Following%2520your%2520company,selectionType:INCLUDED))),(type:RECENTLY_CHANGED_JOBS,values:List((id:RPC,text:Changed%2520jobs,selectionType:INCLUDED))),(type:RELATIONSHIP,values:List((id:O,text:3rd%252B%2520degree%2520connections,selectionType:INCLUDED))),(type:POSTED_ON_LINKEDIN,values:List((id:RPOL,text:Posted%2520on%2520LinkedIn,selectionType:INCLUDED)))))&sessionId=7PDP%2FfqwRIe1fIP96wVAIg%3D%3D&viewAllFilters=true",""
"aba2e51a-5c1b-4b55-a97d-35cd685502aa","af3d56f6-2fc9-426a-a7d2-b7f317597aa3",2,"pending","INDUSTRY","7",,"","https://www.linkedin.com/sales/search/people?query=(recentSearchParam:(id:5752546450,doLogHistory:true),filters:List((type:INDUSTRY,values:List((id:7,selectionType:INCLUDED))),(type:GEOGRAPHY,values:List((id:102221843,selectionType:INCLUDED))),(type:FOLLOWS_YOUR_COMPANY,values:List((id:CF,text:Following%2520your%2520company,selectionType:INCLUDED))),(type:RECENTLY_CHANGED_JOBS,values:List((id:RPC,text:Changed%2520jobs,selectionType:INCLUDED))),(type:RELATIONSHIP,values:List((id:O,text:3rd%252B%2520degree%2520connections,selectionType:INCLUDED))),(type:POSTED_ON_LINKEDIN,values:List((id:RPOL,text:Posted%2520on%2520LinkedIn,selectionType:INCLUDED)))))&sessionId=7PDP%2FfqwRIe1fIP96wVAIg%3D%3D&viewAllFilters=true",""
"de198bf8-f30e-43e3-a2b5-66d5181cbc4f","af3d56f6-2fc9-426a-a7d2-b7f317597aa3",2,"pending","INDUSTRY","8",,"","https://www.linkedin.com/sales/search/people?query=(recentSearchParam:(id:5752546450,doLogHistory:true),filters:List((type:INDUSTRY,values:List((id:8,selectionType:INCLUDED))),(type:GEOGRAPHY,values:List((id:102221843,selectionType:INCLUDED))),(type:FOLLOWS_YOUR_COMPANY,values:List((id:CF,text:Following%2520your%2520company,selectionType:INCLUDED))),(type:RECENTLY_CHANGED_JOBS,values:List((id:RPC,text:Changed%2520jobs,selectionType:INCLUDED))),(type:RELATIONSHIP,values:List((id:O,text:3rd%252B%2520degree%2520connections,selectionType:INCLUDED))),(type:POSTED_ON_LINKEDIN,values:List((id:RPOL,text:Posted%2520on%2520LinkedIn,selectionType:INCLUDED)))))&sessionId=7PDP%2FfqwRIe1fIP96wVAIg%3D%3D&viewAllFilters=true",""
"d23702ce-be62-4378-b7ce-3bb089a700be","af3d56f6-2fc9-426a-a7d2-b7f317597aa3",2,"pending","INDUSTRY","9",,"","https://www.linkedin.com/sales/search/people?query=(recentSearchParam:(id:5752546450,doLogHistory:true),filters:List((type:INDUSTRY,values:List((id:9,selectionType:INCLUDED))),(type:GEOGRAPHY,values:List((id:102221843,selectionType:INCLUDED))),(type:FOLLOWS_YOUR_COMPANY,values:List((id:CF,text:Following%2520your%2520company,selectionType:INCLUDED))),(type:RECENTLY_CHANGED_JOBS,values:List((id:RPC,text:Changed%2520jobs,selectionType:INCLUDED))),(type:RELATIONSHIP,values:List((id:O,text:3rd%252B%2520degree%2520connections,selectionType:INCLUDED))),(type:POSTED_ON_LINKEDIN,values:List((id:RPOL,text:Posted%2520on%2520LinkedIn,selectionType:INCLUDED)))))&sessionId=7PDP%2FfqwRIe1fIP96wVAIg%3D%3D&viewAllFilters=true",""
"0481a196-c27c-4a48-87d7-d4fa036a4284","af3d56f6-2fc9-426a-a7d2-b7f317597aa3",2,"pending","INDUSTRY","10",,"","https://www.linkedin.com/sales/search/people?query=(recentSearchParam:(id:5752546450,doLogHistory:true),filters:List((type:INDUSTRY,values:List((id:10,selectionType:INCLUDED))),(type:GEOGRAPHY,values:List((id:102221843,selectionType:INCLUDED))),(type:FOLLOWS_YOUR_COMPANY,values:List((id:CF,text:Following%2520your%2520company,selectionType:INCLUDED))),(type:RECENTLY_CHANGED_JOBS,values:List((id:RPC,text:Changed%2520jobs,selectionType:INCLUDED))),(type:RELATIONSHIP,values:List((id:O,text:3rd%252B%2520degree%2520connections,selectionType:INCLUDED))),(type:POSTED_ON_LINKEDIN,values:List((id:RPOL,text:Posted%2520on%2520LinkedIn,selectionType:INCLUDED)))))&sessionId=7PDP%2FfqwRIe1fIP96wVAIg%3D%3D&viewAllFilters=true",""
"ae91ff37-3943-4530-9b78-0b198914c09d","af3d56f6-2fc9-426a-a7d2-b7f317597aa3",2,"pending","INDUSTRY","11",,"","https://www.linkedin.com/sales/search/people?query=(recentSearchParam:(id:5752546450,doLogHistory:true),filters:List((type:INDUSTRY,values:List((id:11,selectionType:INCLUDED))),(type:GEOGRAPHY,values:List((id:102221843,selectionType:INCLUDED))),(type:FOLLOWS_YOUR_COMPANY,values:List((id:CF,text:Following%2520your%2520company,selectionType:INCLUDED))),(type:RECENTLY_CHANGED_JOBS,values:List((id:RPC,text:Changed%2520jobs,selectionType:INCLUDED))),(type:RELATIONSHIP,values:List((id:O,text:3rd%252B%2520degree%2520connections,selectionType:INCLUDED))),(type:POSTED_ON_LINKEDIN,values:List((id:RPOL,text:Posted%2520on%2520LinkedIn,selectionType:INCLUDED)))))&sessionId=7PDP%2FfqwRIe1fIP96wVAIg%3D%3D&viewAllFilters=true",""
"1091c0b7-c418-465f-883f-9dc9ea33f62a","af3d56f6-2fc9-426a-a7d2-b7f317597aa3",2,"pending","INDUSTRY","12",,"","https://www.linkedin.com/sales/search/people?query=(recentSearchParam:(id:5752546450,doLogHistory:true),filters:List((type:INDUSTRY,values:List((id:12,selectionType:INCLUDED))),(type:GEOGRAPHY,values:List((id:102221843,selectionType:INCLUDED))),(type:FOLLOWS_YOUR_COMPANY,values:List((id:CF,text:Following%2520your%2520company,selectionType:INCLUDED))),(type:RECENTLY_CHANGED_JOBS,values:List((id:RPC,text:Changed%2520jobs,selectionType:INCLUDED))),(type:RELATIONSHIP,values:List((id:O,text:3rd%252B%2520degree%2520connections,selectionType:INCLUDED))),(type:POSTED_ON_LINKEDIN,values:List((id:RPOL,text:Posted%2520on%2520LinkedIn,selectionType:INCLUDED)))))&sessionId=7PDP%2FfqwRIe1fIP96wVAIg%3D%3D&viewAllFilters=true",""
"92f3c3ef-e91e-4146-ac33-324e6f868cac","af3d56f6-2fc9-426a-a7d2-b7f317597aa3",2,"pending","INDUSTRY","13",,"","https://www.linkedin.com/sales/search/people?query=(recentSearchParam:(id:5752546450,doLogHistory:true),filters:List((type:INDUSTRY,values:List((id:13,selectionType:INCLUDED))),(type:GEOGRAPHY,values:List((id:102221843,selectionType:INCLUDED))),(type:FOLLOWS_YOUR_COMPANY,values:List((id:CF,text:Following%2520your%2520company,selectionType:INCLUDED))),(type:RECENTLY_CHANGED_JOBS,values:List((id:RPC,text:Changed%2520jobs,selectionType:INCLUDED))),(type:RELATIONSHIP,values:List((id:O,text:3rd%252B%2520degree%2520connections,selectionType:INCLUDED))),(type:POSTED_ON_LINKEDIN,values:List((id:RPOL,text:Posted%2520on%2520LinkedIn,selectionType:INCLUDED)))))&sessionId=7PDP%2FfqwRIe1fIP96wVAIg%3D%3D&viewAllFilters=true",""
"0d88c90d-a41f-4c41-a279-833e9d3e2df1","af3d56f6-2fc9-426a-a7d2-b7f317597aa3",2,"pending","INDUSTRY","14",,"","https://www.linkedin.com/sales/search/people?query=(recentSearchParam:(id:5752546450,doLogHistory:true),filters:List((type:INDUSTRY,values:List((id:14,selectionType:INCLUDED))),(type:GEOGRAPHY,values:List((id:102221843,selectionType:INCLUDED))),(type:FOLLOWS_YOUR_COMPANY,values:List((id:CF,text:Following%2520your%2520company,selectionType:INCLUDED))),(type:RECENTLY_CHANGED_JOBS,values:List((id:RPC,text:Changed%2520jobs,selectionType:INCLUDED))),(type:RELATIONSHIP,values:List((id:O,text:3rd%252B%2520degree%2520connections,selectionType:INCLUDED))),(type:POSTED_ON_LINKEDIN,values:List((id:RPOL,text:Posted%2520on%2520LinkedIn,selectionType:INCLUDED)))))&sessionId=7PDP%2FfqwRIe1fIP96wVAIg%3D%3D&viewAllFilters=true",""
"82a88c99-458a-44cd-af41-b50bf102e1f9","af3d56f6-2fc9-426a-a7d2-b7f317597aa3",2,"pending","INDUSTRY","15",,"","https://www.linkedin.com/sales/search/people?query=(recentSearchParam:(id:5752546450,doLogHistory:true),filters:List((type:INDUSTRY,values:List((id:15,selectionType:INCLUDED))),(type:GEOGRAPHY,values:List((id:102221843,selectionType:INCLUDED))),(type:FOLLOWS_YOUR_COMPANY,values:List((id:CF,text:Following%2520your%2520company,selectionType:INCLUDED))),(type:RECENTLY_CHANGED_JOBS,values:List((id:RPC,text:Changed%2520jobs,selectionType:INCLUDED))),(type:RELATIONSHIP,values:List((id:O,text:3rd%252B%2520degree%2520connections,selectionType:INCLUDED))),(type:POSTED_ON_LINKEDIN,values:List((id:RPOL,text:Posted%2520on%2520LinkedIn,selectionType:INCLUDED)))))&sessionId=7PDP%2FfqwRIe1fIP96wVAIg%3D%3D&viewAllFilters=true",""
"0b2af16a-8ea2-4c76-b053-f2e46aba8be7","af3d56f6-2fc9-426a-a7d2-b7f317597aa3",2,"pending","INDUSTRY","16",,"","https://www.linkedin.com/sales/search/people?query=(recentSearchParam:(id:5752546450,doLogHistory:true),filters:List((type:INDUSTRY,values:List((id:16,selectionType:INCLUDED))),(type:GEOGRAPHY,values:List((id:102221843,selectionType:INCLUDED))),(type:FOLLOWS_YOUR_COMPANY,values:List((id:CF,text:Following%2520your%2520company,selectionType:INCLUDED))),(type:RECENTLY_CHANGED_JOBS,values:List((id:RPC,text:Changed%2520jobs,selectionType:INCLUDED))),(type:RELATIONSHIP,values:List((id:O,text:3rd%252B%2520degree%2520connections,selectionType:INCLUDED))),(type:POSTED_ON_LINKEDIN,values:List((id:RPOL,text:Posted%2520on%2520LinkedIn,selectionType:INCLUDED)))))&sessionId=7PDP%2FfqwRIe1fIP96wVAIg%3D%3D&viewAllFilters=true",""
"8e6f4734-326e-40ac-a66b-ff7230d7b169","af3d56f6-2fc9-426a-a7d2-b7f317597aa3",2,"pending","INDUSTRY","17",,"","https://www.linkedin.com/sales/search/people?query=(recentSearchParam:(id:5752546450,doLogHistory:true),filters:List((type:INDUSTRY,values:List((id:17,selectionType:INCLUDED))),(type:GEOGRAPHY,values:List((id:102221843,selectionType:INCLUDED))),(type:FOLLOWS_YOUR_COMPANY,values:List((id:CF,text:Following%2520your%2520company,selectionType:INCLUDED))),(type:RECENTLY_CHANGED_JOBS,values:List((id:RPC,text:Changed%2520jobs,selectionType:INCLUDED))),(type:RELATIONSHIP,values:List((id:O,text:3rd%252B%2520degree%2520connections,selectionType:INCLUDED))),(type:POSTED_ON_LINKEDIN,values:List((id:RPOL,text:Posted%2520on%2520LinkedIn,selectionType:INCLUDED)))))&sessionId=7PDP%2FfqwRIe1fIP96wVAIg%3D%3D&viewAllFilters=true",""
"ae6df2b8-ca89-4bf3-8e3f-a4fbbf33e96a","af3d56f6-2fc9-426a-a7d2-b7f317597aa3",2,"pending","INDUSTRY","18",,"","https://www.linkedin.com/sales/search/people?query=(recentSearchParam:(id:5752546450,doLogHistory:true),filters:List((type:INDUSTRY,values:List((id:18,selectionType:INCLUDED))),(type:GEOGRAPHY,values:List((id:102221843,selectionType:INCLUDED))),(type:FOLLOWS_YOUR_COMPANY,values:List((id:CF,text:Following%2520your%2520company,selectionType:INCLUDED))),(type:RECENTLY_CHANGED_JOBS,values:List((id:RPC,text:Changed%2520jobs,selectionType:INCLUDED))),(type:RELATIONSHIP,values:List((id:O,text:3rd%252B%2520degree%2520connections,selectionType:INCLUDED))),(type:POSTED_ON_LINKEDIN,values:List((id:RPOL,text:Posted%2520on%2520LinkedIn,selectionType:INCLUDED)))))&sessionId=7PDP%2FfqwRIe1fIP96wVAIg%3D%3D&viewAllFilters=true",""
"5a717f6c-7e73-4abb-9563-ada015037515","af3d56f6-2fc9-426a-a7d2-b7f317597aa3",2,"pending","INDUSTRY","19",,"","https://www.linkedin.com/sales/search/people?query=(recentSearchParam:(id:5752546450,doLogHistory:true),filters:List((type:INDUSTRY,values:List((id:19,selectionType:INCLUDED))),(type:GEOGRAPHY,values:List((id:102221843,selectionType:INCLUDED))),(type:FOLLOWS_YOUR_COMPANY,values:List((id:CF,text:Following%2520your%2520company,selectionType:INCLUDED))),(type:RECENTLY_CHANGED_JOBS,values:List((id:RPC,text:Changed%2520jobs,selectionType:INCLUDED))),(type:RELATIONSHIP,values:List((id:O,text:3rd%252B%2520degree%2520connections,selectionType:INCLUDED))),(type:POSTED_ON_LINKEDIN,values:List((id:RPOL,text:Posted%2520on%2520LinkedIn,selectionType:INCLUDED)))))&sessionId=7PDP%2FfqwRIe1fIP96wVAIg%3D%3D&viewAllFilters=true",""
"35c8b4e9-9685-48f8-a476-abe8e1535145","af3d56f6-2fc9-426a-a7d2-b7f317597aa3",2,"pending","INDUSTRY","20",,"","https://www.linkedin.com/sales/search/people?query=(recentSearchParam:(id:5752546450,doLogHistory:true),filters:List((type:INDUSTRY,values:List((id:20,selectionType:INCLUDED))),(type:GEOGRAPHY,values:List((id:102221843,selectionType:INCLUDED))),(type:FOLLOWS_YOUR_COMPANY,values:List((id:CF,text:Following%2520your%2520company,selectionType:INCLUDED))),(type:RECENTLY_CHANGED_JOBS,values:List((id:RPC,text:Changed%2520jobs,selectionType:INCLUDED))),(type:RELATIONSHIP,values:List((id:O,text:3rd%252B%2520degree%2520connections,selectionType:INCLUDED))),(type:POSTED_ON_LINKEDIN,values:List((id:RPOL,text:Posted%2520on%2520LinkedIn,selectionType:INCLUDED)))))&sessionId=7PDP%2FfqwRIe1fIP96wVAIg%3D%3D&viewAllFilters=true",""
"48b76102-4a00-4a1c-a47c-60169788b169","af3d56f6-2fc9-426a-a7d2-b7f317597aa3",2,"pending","INDUSTRY","21",,"","https://www.linkedin.com/sales/search/people?query=(recentSearchParam:(id:5752546450,doLogHistory:true),filters:List((type:INDUSTRY,values:List((id:21,selectionType:INCLUDED))),(type:GEOGRAPHY,values:List((id:102221843,selectionType:INCLUDED))),(type:FOLLOWS_YOUR_COMPANY,values:List((id:CF,text:Following%2520your%2520company,selectionType:INCLUDED))),(type:RECENTLY_CHANGED_JOBS,values:List((id:RPC,text:Changed%2520jobs,selectionType:INCLUDED))),(type:RELATIONSHIP,values:List((id:O,text:3rd%252B%2520degree%2520connections,selectionType:INCLUDED))),(type:POSTED_ON_LINKEDIN,values:List((id:RPOL,text:Posted%2520on%2520LinkedIn,selectionType:INCLUDED)))))&sessionId=7PDP%2FfqwRIe1fIP96wVAIg%3D%3D&viewAllFilters=true",""
"3c439a60-9b40-41a3-9d9d-27f5edcf8ef6","af3d56f6-2fc9-426a-a7d2-b7f317597aa3",2,"pending","INDUSTRY","22",,"","https://www.linkedin.com/sales/search/people?query=(recentSearchParam:(id:5752546450,doLogHistory:true),filters:List((type:INDUSTRY,values:List((id:22,selectionType:INCLUDED))),(type:GEOGRAPHY,values:List((id:102221843,selectionType:INCLUDED))),(type:FOLLOWS_YOUR_COMPANY,values:List((id:CF,text:Following%2520your%2520company,selectionType:INCLUDED))),(type:RECENTLY_CHANGED_JOBS,values:List((id:RPC,text:Changed%2520jobs,selectionType:INCLUDED))),(type:RELATIONSHIP,values:List((id:O,text:3rd%252B%2520degree%2520connections,selectionType:INCLUDED))),(type:POSTED_ON_LINKEDIN,values:List((id:RPOL,text:Posted%2520on%2520LinkedIn,selectionType:INCLUDED)))))&sessionId=7PDP%2FfqwRIe1fIP96wVAIg%3D%3D&viewAllFilters=true",""
"8e92d462-9be3-4c68-874b-304c0e6b0e72","af3d56f6-2fc9-426a-a7d2-b7f317597aa3",2,"pending","INDUSTRY","23",,"","https://www.linkedin.com/sales/search/people?query=(recentSearchParam:(id:5752546450,doLogHistory:true),filters:List((type:INDUSTRY,values:List((id:23,selectionType:INCLUDED))),(type:GEOGRAPHY,values:List((id:102221843,selectionType:INCLUDED))),(type:FOLLOWS_YOUR_COMPANY,values:List((id:CF,text:Following%2520your%2520company,selectionType:INCLUDED))),(type:RECENTLY_CHANGED_JOBS,values:List((id:RPC,text:Changed%2520jobs,selectionType:INCLUDED))),(type:RELATIONSHIP,values:List((id:O,text:3rd%252B%2520degree%2520connections,selectionType:INCLUDED))),(type:POSTED_ON_LINKEDIN,values:List((id:RPOL,text:Posted%2520on%2520LinkedIn,selectionType:INCLUDED)))))&sessionId=7PDP%2FfqwRIe1fIP96wVAIg%3D%3D&viewAllFilters=true",""
"641c7fcd-2e63-4aed-b6b8-7784a5bbe480","af3d56f6-2fc9-426a-a7d2-b7f317597aa3",2,"pending","INDUSTRY","24",,"","https://www.linkedin.com/sales/search/people?query=(recentSearchParam:(id:5752546450,doLogHistory:true),filters:List((type:INDUSTRY,values:List((id:24,selectionType:INCLUDED))),(type:GEOGRAPHY,values:List((id:102221843,selectionType:INCLUDED))),(type:FOLLOWS_YOUR_COMPANY,values:List((id:CF,text:Following%2520your%2520company,selectionType:INCLUDED))),(type:RECENTLY_CHANGED_JOBS,values:List((id:RPC,text:Changed%2520jobs,selectionType:INCLUDED))),(type:RELATIONSHIP,values:List((id:O,text:3rd%252B%2520degree%2520connections,selectionType:INCLUDED))),(type:POSTED_ON_LINKEDIN,values:List((id:RPOL,text:Posted%2520on%2520LinkedIn,selectionType:INCLUDED)))))&sessionId=7PDP%2FfqwRIe1fIP96wVAIg%3D%3D&viewAllFilters=true",""
"c9bc3015-7960-41d2-ac5f-4ec93b3f31b9","af3d56f6-2fc9-426a-a7d2-b7f317597aa3",2,"pending","INDUSTRY","25",,"","https://www.linkedin.com/sales/search/people?query=(recentSearchParam:(id:5752546450,doLogHistory:true),filters:List((type:INDUSTRY,values:List((id:25,selectionType:INCLUDED))),(type:GEOGRAPHY,values:List((id:102221843,selectionType:INCLUDED))),(type:FOLLOWS_YOUR_COMPANY,values:List((id:CF,text:Following%2520your%2520company,selectionType:INCLUDED))),(type:RECENTLY_CHANGED_JOBS,values:List((id:RPC,text:Changed%2520jobs,selectionType:INCLUDED))),(type:RELATIONSHIP,values:List((id:O,text:3rd%252B%2520degree%2520connections,selectionType:INCLUDED))),(type:POSTED_ON_LINKEDIN,values:List((id:RPOL,text:Posted%2520on%2520LinkedIn,selectionType:INCLUDED)))))&sessionId=7PDP%2FfqwRIe1fIP96wVAIg%3D%3D&viewAllFilters=true",""
"82c9edaf-39bb-4d73-8b9f-a42dda80ed6e","af3d56f6-2fc9-426a-a7d2-b7f317597aa3",2,"pending","INDUSTRY","26",,"","https://www.linkedin.com/sales/search/people?query=(recentSearchParam:(id:5752546450,doLogHistory:true),filters:List((type:INDUSTRY,values:List((id:26,selectionType:INCLUDED))),(type:GEOGRAPHY,values:List((id:102221843,selectionType:INCLUDED))),(type:FOLLOWS_YOUR_COMPANY,values:List((id:CF,text:Following%2520your%2520company,selectionType:INCLUDED))),(type:RECENTLY_CHANGED_JOBS,values:List((id:RPC,text:Changed%2520jobs,selectionType:INCLUDED))),(type:RELATIONSHIP,values:List((id:O,text:3rd%252B%2520degree%2520connections,selectionType:INCLUDED))),(type:POSTED_ON_LINKEDIN,values:List((id:RPOL,text:Posted%2520on%2520LinkedIn,selectionType:INCLUDED)))))&sessionId=7PDP%2FfqwRIe1fIP96wVAIg%3D%3D&viewAllFilters=true",""
"00c64ff4-865d-441f-b21c-87550a0fb49b","af3d56f6-2fc9-426a-a7d2-b7f317597aa3",2,"pending","INDUSTRY","27",,"","https://www.linkedin.com/sales/search/people?query=(recentSearchParam:(id:5752546450,doLogHistory:true),filters:List((type:INDUSTRY,values:List((id:27,selectionType:INCLUDED))),(type:GEOGRAPHY,values:List((id:102221843,selectionType:INCLUDED))),(type:FOLLOWS_YOUR_COMPANY,values:List((id:CF,text:Following%2520your%2520company,selectionType:INCLUDED))),(type:RECENTLY_CHANGED_JOBS,values:List((id:RPC,text:Changed%2520jobs,selectionType:INCLUDED))),(type:RELATIONSHIP,values:List((id:O,text:3rd%252B%2520degree%2520connections,selectionType:INCLUDED))),(type:POSTED_ON_LINKEDIN,values:List((id:RPOL,text:Posted%2520on%2520LinkedIn,selectionType:INCLUDED)))))&sessionId=7PDP%2FfqwRIe1fIP96wVAIg%3D%3D&viewAllFilters=true",""
"8dca96e3-f21b-4665-a5bb-d5d3d9cdd335","af3d56f6-2fc9-426a-a7d2-b7f317597aa3",2,"pending","INDUSTRY","28",,"","https://www.linkedin.com/sales/search/people?query=(recentSearchParam:(id:5752546450,doLogHistory:true),filters:List((type:INDUSTRY,values:List((id:28,selectionType:INCLUDED))),(type:GEOGRAPHY,values:List((id:102221843,selectionType:INCLUDED))),(type:FOLLOWS_YOUR_COMPANY,values:List((id:CF,text:Following%2520your%2520company,selectionType:INCLUDED))),(type:RECENTLY_CHANGED_JOBS,values:List((id:RPC,text:Changed%2520jobs,selectionType:INCLUDED))),(type:RELATIONSHIP,values:List((id:O,text:3rd%252B%2520degree%2520connections,selectionType:INCLUDED))),(type:POSTED_ON_LINKEDIN,values:List((id:RPOL,text:Posted%2520on%2520LinkedIn,selectionType:INCLUDED)))))&sessionId=7PDP%2FfqwRIe1fIP96wVAIg%3D%3D&viewAllFilters=true",""
"c5427ef8-e689-4897-b48c-1008c6a2cfb3","af3d56f6-2fc9-426a-a7d2-b7f317597aa3",2,"pending","INDUSTRY","29",,"","https://www.linkedin.com/sales/search/people?query=(recentSearchParam:(id:5752546450,doLogHistory:true),filters:List((type:INDUSTRY,values:List((id:29,selectionType:INCLUDED))),(type:GEOGRAPHY,values:List((id:102221843,selectionType:INCLUDED))),(type:FOLLOWS_YOUR_COMPANY,values:List((id:CF,text:Following%2520your%2520company,selectionType:INCLUDED))),(type:RECENTLY_CHANGED_JOBS,values:List((id:RPC,text:Changed%2520jobs,selectionType:INCLUDED))),(type:RELATIONSHIP,values:List((id:O,text:3rd%252B%2520degree%2520connections,selectionType:INCLUDED))),(type:POSTED_ON_LINKEDIN,values:List((id:RPOL,text:Posted%2520on%2520LinkedIn,selectionType:INCLUDED)))))&sessionId=7PDP%2FfqwRIe1fIP96wVAIg%3D%3D&viewAllFilters=true",""
"98f5915d-641a-4091-923b-4bd4aece25f8","af3d56f6-2fc9-426a-a7d2-b7f317597aa3",2,"pending","INDUSTRY","30",,"","https://www.linkedin.com/sales/search/people?query=(recentSearchParam:(id:5752546450,doLogHistory:true),filters:List((type:INDUSTRY,values:List((id:30,selectionType:INCLUDED))),(type:GEOGRAPHY,values:List((id:102221843,selectionType:INCLUDED))),(type:FOLLOWS_YOUR_COMPANY,values:List((id:CF,text:Following%2520your%2520company,selectionType:INCLUDED))),(type:RECENTLY_CHANGED_JOBS,values:List((id:RPC,text:Changed%2520jobs,selectionType:INCLUDED))),(type:RELATIONSHIP,values:List((id:O,text:3rd%252B%2520degree%2520connections,selectionType:INCLUDED))),(type:POSTED_ON_LINKEDIN,values:List((id:RPOL,text:Posted%2520on%2520LinkedIn,selectionType:INCLUDED)))))&sessionId=7PDP%2FfqwRIe1fIP96wVAIg%3D%3D&viewAllFilters=true",""
"da4538bd-3eab-43af-b66e-d57659106d1c","af3d56f6-2fc9-426a-a7d2-b7f317597aa3",2,"pending","INDUSTRY","31",,"","https://www.linkedin.com/sales/search/people?query=(recentSearchParam:(id:5752546450,doLogHistory:true),filters:List((type:INDUSTRY,values:List((id:31,selectionType:INCLUDED))),(type:GEOGRAPHY,values:List((id:102221843,selectionType:INCLUDED))),(type:FOLLOWS_YOUR_COMPANY,values:List((id:CF,text:Following%2520your%2520company,selectionType:INCLUDED))),(type:RECENTLY_CHANGED_JOBS,values:List((id:RPC,text:Changed%2520jobs,selectionType:INCLUDED))),(type:RELATIONSHIP,values:List((id:O,text:3rd%252B%2520degree%2520connections,selectionType:INCLUDED))),(type:POSTED_ON_LINKEDIN,values:List((id:RPOL,text:Posted%2520on%2520LinkedIn,selectionType:INCLUDED)))))&sessionId=7PDP%2FfqwRIe1fIP96wVAIg%3D%3D&viewAllFilters=true",""
"a6ac41e6-6fb4-48d6-a9a3-6152d64a620a","af3d56f6-2fc9-426a-a7d2-b7f317597aa3",2,"pending","INDUSTRY","32",,"","https://www.linkedin.com/sales/search/people?query=(recentSearchParam:(id:5752546450,doLogHistory:true),filters:List((type:INDUSTRY,values:List((id:32,selectionType:INCLUDED))),(type:GEOGRAPHY,values:List((id:102221843,selectionType:INCLUDED))),(type:FOLLOWS_YOUR_COMPANY,values:List((id:CF,text:Following%2520your%2520company,selectionType:INCLUDED))),(type:RECENTLY_CHANGED_JOBS,values:List((id:RPC,text:Changed%2520jobs,selectionType:INCLUDED))),(type:RELATIONSHIP,values:List((id:O,text:3rd%252B%2520degree%2520connections,selectionType:INCLUDED))),(type:POSTED_ON_LINKEDIN,values:List((id:RPOL,text:Posted%2520on%2520LinkedIn,selectionType:INCLUDED)))))&sessionId=7PDP%2FfqwRIe1fIP96wVAIg%3D%3D&viewAllFilters=true",""
"ab3d8e47-cc3d-4b6b-8563-72755b909287","af3d56f6-2fc9-426a-a7d2-b7f317597aa3",2,"pending","INDUSTRY","33",,"","https://www.linkedin.com/sales/search/people?query=(recentSearchParam:(id:5752546450,doLogHistory:true),filters:List((type:INDUSTRY,values:List((id:33,selectionType:INCLUDED))),(type:GEOGRAPHY,values:List((id:102221843,selectionType:INCLUDED))),(type:FOLLOWS_YOUR_COMPANY,values:List((id:CF,text:Following%2520your%2520company,selectionType:INCLUDED))),(type:RECENTLY_CHANGED_JOBS,values:List((id:RPC,text:Changed%2520jobs,selectionType:INCLUDED))),(type:RELATIONSHIP,values:List((id:O,text:3rd%252B%2520degree%2520connections,selectionType:INCLUDED))),(type:POSTED_ON_LINKEDIN,values:List((id:RPOL,text:Posted%2520on%2520LinkedIn,selectionType:INCLUDED)))))&sessionId=7PDP%2FfqwRIe1fIP96wVAIg%3D%3D&viewAllFilters=true",""
"1670d8ce-f978-456b-b733-03038460b397","af3d56f6-2fc9-426a-a7d2-b7f317597aa3",2,"pending","INDUSTRY","34",,"","https://www.linkedin.com/sales/search/people?query=(recentSearchParam:(id:5752546450,doLogHistory:true),filters:List((type:INDUSTRY,values:List((id:34,selectionType:INCLUDED))),(type:GEOGRAPHY,values:List((id:102221843,selectionType:INCLUDED))),(type:FOLLOWS_YOUR_COMPANY,values:List((id:CF,text:Following%2520your%2520company,selectionType:INCLUDED))),(type:RECENTLY_CHANGED_JOBS,values:List((id:RPC,text:Changed%2520jobs,selectionType:INCLUDED))),(type:RELATIONSHIP,values:List((id:O,text:3rd%252B%2520degree%2520connections,selectionType:INCLUDED))),(type:POSTED_ON_LINKEDIN,values:List((id:RPOL,text:Posted%2520on%2520LinkedIn,selectionType:INCLUDED)))))&sessionId=7PDP%2FfqwRIe1fIP96wVAIg%3D%3D&viewAllFilters=true",""
"57b5b811-22b3-4cb8-bc5b-215401da3a47","af3d56f6-2fc9-426a-a7d2-b7f317597aa3",2,"pending","INDUSTRY","35",,"","https://www.linkedin.com/sales/search/people?query=(recentSearchParam:(id:5752546450,doLogHistory:true),filters:List((type:INDUSTRY,values:List((id:35,selectionType:INCLUDED))),(type:GEOGRAPHY,values:List((id:102221843,selectionType:INCLUDED))),(type:FOLLOWS_YOUR_COMPANY,values:List((id:CF,text:Following%2520your%2520company,selectionType:INCLUDED))),(type:RECENTLY_CHANGED_JOBS,values:List((id:RPC,text:Changed%2520jobs,selectionType:INCLUDED))),(type:RELATIONSHIP,values:List((id:O,text:3rd%252B%2520degree%2520connections,selectionType:INCLUDED))),(type:POSTED_ON_LINKEDIN,values:List((id:RPOL,text:Posted%2520on%2520LinkedIn,selectionType:INCLUDED)))))&sessionId=7PDP%2FfqwRIe1fIP96wVAIg%3D%3D&viewAllFilters=true",""
"b9fbb94a-0156-4454-a9c6-3b7c76ae05d8","af3d56f6-2fc9-426a-a7d2-b7f317597aa3",2,"pending","INDUSTRY","36",,"","https://www.linkedin.com/sales/search/people?query=(recentSearchParam:(id:5752546450,doLogHistory:true),filters:List((type:INDUSTRY,values:List((id:36,selectionType:INCLUDED))),(type:GEOGRAPHY,values:List((id:102221843,selectionType:INCLUDED))),(type:FOLLOWS_YOUR_COMPANY,values:List((id:CF,text:Following%2520your%2520company,selectionType:INCLUDED))),(type:RECENTLY_CHANGED_JOBS,values:List((id:RPC,text:Changed%2520jobs,selectionType:INCLUDED))),(type:RELATIONSHIP,values:List((id:O,text:3rd%252B%2520degree%2520connections,selectionType:INCLUDED))),(type:POSTED_ON_LINKEDIN,values:List((id:RPOL,text:Posted%2520on%2520LinkedIn,selectionType:INCLUDED)))))&sessionId=7PDP%2FfqwRIe1fIP96wVAIg%3D%3D&viewAllFilters=true",""
"61cecef4-3b65-4042-8572-a161a0e176eb","af3d56f6-2fc9-426a-a7d2-b7f317597aa3",2,"pending","INDUSTRY","37",,"","https://www.linkedin.com/sales/search/people?query=(recentSearchParam:(id:5752546450,doLogHistory:true),filters:List((type:INDUSTRY,values:List((id:37,selectionType:INCLUDED))),(type:GEOGRAPHY,values:List((id:102221843,selectionType:INCLUDED))),(type:FOLLOWS_YOUR_COMPANY,values:List((id:CF,text:Following%2520your%2520company,selectionType:INCLUDED))),(type:RECENTLY_CHANGED_JOBS,values:List((id:RPC,text:Changed%2520jobs,selectionType:INCLUDED))),(type:RELATIONSHIP,values:List((id:O,text:3rd%252B%2520degree%2520connections,selectionType:INCLUDED))),(type:POSTED_ON_LINKEDIN,values:List((id:RPOL,text:Posted%2520on%2520LinkedIn,selectionType:INCLUDED)))))&sessionId=7PDP%2FfqwRIe1fIP96wVAIg%3D%3D&viewAllFilters=true",""
"93c5f702-f223-4380-8be4-feb14ebcbfaf","af3d56f6-2fc9-426a-a7d2-b7f317597aa3",2,"pending","INDUSTRY","38",,"","https://www.linkedin.com/sales/search/people?query=(recentSearchParam:(id:5752546450,doLogHistory:true),filters:List((type:INDUSTRY,values:List((id:38,selectionType:INCLUDED))),(type:GEOGRAPHY,values:List((id:102221843,selectionType:INCLUDED))),(type:FOLLOWS_YOUR_COMPANY,values:List((id:CF,text:Following%2520your%2520company,selectionType:INCLUDED))),(type:RECENTLY_CHANGED_JOBS,values:List((id:RPC,text:Changed%2520jobs,selectionType:INCLUDED))),(type:RELATIONSHIP,values:List((id:O,text:3rd%252B%2520degree%2520connections,selectionType:INCLUDED))),(type:POSTED_ON_LINKEDIN,values:List((id:RPOL,text:Posted%2520on%2520LinkedIn,selectionType:INCLUDED)))))&sessionId=7PDP%2FfqwRIe1fIP96wVAIg%3D%3D&viewAllFilters=true",""
"e4ee6de7-7226-41a2-b5f0-4caf0a355656","af3d56f6-2fc9-426a-a7d2-b7f317597aa3",2,"pending","INDUSTRY","39",,"","https://www.linkedin.com/sales/search/people?query=(recentSearchParam:(id:5752546450,doLogHistory:true),filters:List((type:INDUSTRY,values:List((id:39,selectionType:INCLUDED))),(type:GEOGRAPHY,values:List((id:102221843,selectionType:INCLUDED))),(type:FOLLOWS_YOUR_COMPANY,values:List((id:CF,text:Following%2520your%2520company,selectionType:INCLUDED))),(type:RECENTLY_CHANGED_JOBS,values:List((id:RPC,text:Changed%2520jobs,selectionType:INCLUDED))),(type:RELATIONSHIP,values:List((id:O,text:3rd%252B%2520degree%2520connections,selectionType:INCLUDED))),(type:POSTED_ON_LINKEDIN,values:List((id:RPOL,text:Posted%2520on%2520LinkedIn,selectionType:INCLUDED)))))&sessionId=7PDP%2FfqwRIe1fIP96wVAIg%3D%3D&viewAllFilters=true",""
"fb03950d-6c74-4a39-9584-ae969c626f24","af3d56f6-2fc9-426a-a7d2-b7f317597aa3",2,"pending","INDUSTRY","40",,"","https://www.linkedin.com/sales/search/people?query=(recentSearchParam:(id:5752546450,doLogHistory:true),filters:List((type:INDUSTRY,values:List((id:40,selectionType:INCLUDED))),(type:GEOGRAPHY,values:List((id:102221843,selectionType:INCLUDED))),(type:FOLLOWS_YOUR_COMPANY,values:List((id:CF,text:Following%2520your%2520company,selectionType:INCLUDED))),(type:RECENTLY_CHANGED_JOBS,values:List((id:RPC,text:Changed%2520jobs,selectionType:INCLUDED))),(type:RELATIONSHIP,values:List((id:O,text:3rd%252B%2520degree%2520connections,selectionType:INCLUDED))),(type:POSTED_ON_LINKEDIN,values:List((id:RPOL,text:Posted%2520on%2520LinkedIn,selectionType:INCLUDED)))))&sessionId=7PDP%2FfqwRIe1fIP96wVAIg%3D%3D&viewAllFilters=true",""
"f268e8f1-a2ac-4560-af6a-fe5375384c5a","af3d56f6-2fc9-426a-a7d2-b7f317597aa3",2,"pending","INDUSTRY","41",,"","https://www.linkedin.com/sales/search/people?query=(recentSearchParam:(id:5752546450,doLogHistory:true),filters:List((type:INDUSTRY,values:List((id:41,selectionType:INCLUDED))),(type:GEOGRAPHY,values:List((id:102221843,selectionType:INCLUDED))),(type:FOLLOWS_YOUR_COMPANY,values:List((id:CF,text:Following%2520your%2520company,selectionType:INCLUDED))),(type:RECENTLY_CHANGED_JOBS,values:List((id:RPC,text:Changed%2520jobs,selectionType:INCLUDED))),(type:RELATIONSHIP,values:List((id:O,text:3rd%252B%2520degree%2520connections,selectionType:INCLUDED))),(type:POSTED_ON_LINKEDIN,values:List((id:RPOL,text:Posted%2520on%2520LinkedIn,selectionType:INCLUDED)))))&sessionId=7PDP%2FfqwRIe1fIP96wVAIg%3D%3D&viewAllFilters=true",""
"a28ec005-7290-41d9-aa87-8f8ae2f15f2a","af3d56f6-2fc9-426a-a7d2-b7f317597aa3",2,"pending","INDUSTRY","42",,"","https://www.linkedin.com/sales/search/people?query=(recentSearchParam:(id:5752546450,doLogHistory:true),filters:List((type:INDUSTRY,values:List((id:42,selectionType:INCLUDED))),(type:GEOGRAPHY,values:List((id:102221843,selectionType:INCLUDED))),(type:FOLLOWS_YOUR_COMPANY,values:List((id:CF,text:Following%2520your%2520company,selectionType:INCLUDED))),(type:RECENTLY_CHANGED_JOBS,values:List((id:RPC,text:Changed%2520jobs,selectionType:INCLUDED))),(type:RELATIONSHIP,values:List((id:O,text:3rd%252B%2520degree%2520connections,selectionType:INCLUDED))),(type:POSTED_ON_LINKEDIN,values:List((id:RPOL,text:Posted%2520on%2520LinkedIn,selectionType:INCLUDED)))))&sessionId=7PDP%2FfqwRIe1fIP96wVAIg%3D%3D&viewAllFilters=true",""
"2a17d46a-33bc-4059-b2c6-131233d56d39","af3d56f6-2fc9-426a-a7d2-b7f317597aa3",2,"pending","INDUSTRY","43",,"","https://www.linkedin.com/sales/search/people?query=(recentSearchParam:(id:5752546450,doLogHistory:true),filters:List((type:INDUSTRY,values:List((id:43,selectionType:INCLUDED))),(type:GEOGRAPHY,values:List((id:102221843,selectionType:INCLUDED))),(type:FOLLOWS_YOUR_COMPANY,values:List((id:CF,text:Following%2520your%2520company,selectionType:INCLUDED))),(type:RECENTLY_CHANGED_JOBS,values:List((id:RPC,text:Changed%2520jobs,selectionType:INCLUDED))),(type:RELATIONSHIP,values:List((id:O,text:3rd%252B%2520degree%2520connections,selectionType:INCLUDED))),(type:POSTED_ON_LINKEDIN,values:List((id:RPOL,text:Posted%2520on%2520LinkedIn,selectionType:INCLUDED)))))&sessionId=7PDP%2FfqwRIe1fIP96wVAIg%3D%3D&viewAllFilters=true",""
"59f0a5c9-0fb9-4ad3-aa2b-af76cf658ce6","af3d56f6-2fc9-426a-a7d2-b7f317597aa3",2,"pending","INDUSTRY","44",,"","https://www.linkedin.com/sales/search/people?query=(recentSearchParam:(id:5752546450,doLogHistory:true),filters:List((type:INDUSTRY,values:List((id:44,selectionType:INCLUDED))),(type:GEOGRAPHY,values:List((id:102221843,selectionType:INCLUDED))),(type:FOLLOWS_YOUR_COMPANY,values:List((id:CF,text:Following%2520your%2520company,selectionType:INCLUDED))),(type:RECENTLY_CHANGED_JOBS,values:List((id:RPC,text:Changed%2520jobs,selectionType:INCLUDED))),(type:RELATIONSHIP,values:List((id:O,text:3rd%252B%2520degree%2520connections,selectionType:INCLUDED))),(type:POSTED_ON_LINKEDIN,values:List((id:RPOL,text:Posted%2520on%2520LinkedIn,selectionType:INCLUDED)))))&sessionId=7PDP%2FfqwRIe1fIP96wVAIg%3D%3D&viewAllFilters=true",""
"44385afb-c4ee-4a43-8a31-ec2f075b406f","af3d56f6-2fc9-426a-a7d2-b7f317597aa3",2,"pending","INDUSTRY","45",,"","https://www.linkedin.com/sales/search/people?query=(recentSearchParam:(id:5752546450,doLogHistory:true),filters:List((type:INDUSTRY,values:List((id:45,selectionType:INCLUDED))),(type:GEOGRAPHY,values:List((id:102221843,selectionType:INCLUDED))),(type:FOLLOWS_YOUR_COMPANY,values:List((id:CF,text:Following%2520your%2520company,selectionType:INCLUDED))),(type:RECENTLY_CHANGED_JOBS,values:List((id:RPC,text:Changed%2520jobs,selectionType:INCLUDED))),(type:RELATIONSHIP,values:List((id:O,text:3rd%252B%2520degree%2520connections,selectionType:INCLUDED))),(type:POSTED_ON_LINKEDIN,values:List((id:RPOL,text:Posted%2520on%2520LinkedIn,selectionType:INCLUDED)))))&sessionId=7PDP%2FfqwRIe1fIP96wVAIg%3D%3D&viewAllFilters=true",""
"b5dcd714-5652-4375-bbad-1def00af76d3","af3d56f6-2fc9-426a-a7d2-b7f317597aa3",2,"pending","INDUSTRY","46",,"","https://www.linkedin.com/sales/search/people?query=(recentSearchParam:(id:5752546450,doLogHistory:true),filters:List((type:INDUSTRY,values:List((id:46,selectionType:INCLUDED))),(type:GEOGRAPHY,values:List((id:102221843,selectionType:INCLUDED))),(type:FOLLOWS_YOUR_COMPANY,values:List((id:CF,text:Following%2520your%2520company,selectionType:INCLUDED))),(type:RECENTLY_CHANGED_JOBS,values:List((id:RPC,text:Changed%2520jobs,selectionType:INCLUDED))),(type:RELATIONSHIP,values:List((id:O,text:3rd%252B%2520degree%2520connections,selectionType:INCLUDED))),(type:POSTED_ON_LINKEDIN,values:List((id:RPOL,text:Posted%2520on%2520LinkedIn,selectionType:INCLUDED)))))&sessionId=7PDP%2FfqwRIe1fIP96wVAIg%3D%3D&viewAllFilters=true",""
"c1c60ef9-b254-4b58-bc9b-5788bfe3cfa4","af3d56f6-2fc9-426a-a7d2-b7f317597aa3",2,"pending","INDUSTRY","47",,"","https://www.linkedin.com/sales/search/people?query=(recentSearchParam:(id:5752546450,doLogHistory:true),filters:List((type:INDUSTRY,values:List((id:47,selectionType:INCLUDED))),(type:GEOGRAPHY,values:List((id:102221843,selectionType:INCLUDED))),(type:FOLLOWS_YOUR_COMPANY,values:List((id:CF,text:Following%2520your%2520company,selectionType:INCLUDED))),(type:RECENTLY_CHANGED_JOBS,values:List((id:RPC,text:Changed%2520jobs,selectionType:INCLUDED))),(type:RELATIONSHIP,values:List((id:O,text:3rd%252B%2520degree%2520connections,selectionType:INCLUDED))),(type:POSTED_ON_LINKEDIN,values:List((id:RPOL,text:Posted%2520on%2520LinkedIn,selectionType:INCLUDED)))))&sessionId=7PDP%2FfqwRIe1fIP96wVAIg%3D%3D&viewAllFilters=true",""
"34855997-135b-4df0-9520-59fbbf3f5ab6","af3d56f6-2fc9-426a-a7d2-b7f317597aa3",2,"pending","INDUSTRY","48",,"","https://www.linkedin.com/sales/search/people?query=(recentSearchParam:(id:5752546450,doLogHistory:true),filters:List((type:INDUSTRY,values:List((id:48,selectionType:INCLUDED))),(type:GEOGRAPHY,values:List((id:102221843,selectionType:INCLUDED))),(type:FOLLOWS_YOUR_COMPANY,values:List((id:CF,text:Following%2520your%2520company,selectionType:INCLUDED))),(type:RECENTLY_CHANGED_JOBS,values:List((id:RPC,text:Changed%2520jobs,selectionType:INCLUDED))),(type:RELATIONSHIP,values:List((id:O,text:3rd%252B%2520degree%2520connections,selectionType:INCLUDED))),(type:POSTED_ON_LINKEDIN,values:List((id:RPOL,text:Posted%2520on%2520LinkedIn,selectionType:INCLUDED)))))&sessionId=7PDP%2FfqwRIe1fIP96wVAIg%3D%3D&viewAllFilters=true",""
"b174dab0-edeb-44e6-922a-12124cceccaa","af3d56f6-2fc9-426a-a7d2-b7f317597aa3",2,"pending","INDUSTRY","49",,"","https://www.linkedin.com/sales/search/people?query=(recentSearchParam:(id:5752546450,doLogHistory:true),filters:List((type:INDUSTRY,values:List((id:49,selectionType:INCLUDED))),(type:GEOGRAPHY,values:List((id:102221843,selectionType:INCLUDED))),(type:FOLLOWS_YOUR_COMPANY,values:List((id:CF,text:Following%2520your%2520company,selectionType:INCLUDED))),(type:RECENTLY_CHANGED_JOBS,values:List((id:RPC,text:Changed%2520jobs,selectionType:INCLUDED))),(type:RELATIONSHIP,values:List((id:O,text:3rd%252B%2520degree%2520connections,selectionType:INCLUDED))),(type:POSTED_ON_LINKEDIN,values:List((id:RPOL,text:Posted%2520on%2520LinkedIn,selectionType:INCLUDED)))))&sessionId=7PDP%2FfqwRIe1fIP96wVAIg%3D%3D&viewAllFilters=true",""
"7ff17bde-85ab-4362-ac11-8368b09f94ae","af3d56f6-2fc9-426a-a7d2-b7f317597aa3",2,"pending","INDUSTRY","50",,"","https://www.linkedin.com/sales/search/people?query=(recentSearchParam:(id:5752546450,doLogHistory:true),filters:List((type:INDUSTRY,values:List((id:50,selectionType:INCLUDED))),(type:GEOGRAPHY,values:List((id:102221843,selectionType:INCLUDED))),(type:FOLLOWS_YOUR_COMPANY,values:List((id:CF,text:Following%2520your%2520company,selectionType:INCLUDED))),(type:RECENTLY_CHANGED_JOBS,values:List((id:RPC,text:Changed%2520jobs,selectionType:INCLUDED))),(type:RELATIONSHIP,values:List((id:O,text:3rd%252B%2520degree%2520connections,selectionType:INCLUDED))),(type:POSTED_ON_LINKEDIN,values:List((id:RPOL,text:Posted%2520on%2520LinkedIn,selectionType:INCLUDED)))))&sessionId=7PDP%2FfqwRIe1fIP96wVAIg%3D%3D&viewAllFilters=true",""
"1c3f5997-0cf8-472f-ad3f-323e8192597b","af3d56f6-2fc9-426a-a7d2-b7f317597aa3",2,"pending","INDUSTRY","51",,"","https://www.linkedin.com/sales/search/people?query=(recentSearchParam:(id:5752546450,doLogHistory:true),filters:List((type:INDUSTRY,values:List((id:51,selectionType:INCLUDED))),(type:GEOGRAPHY,values:List((id:102221843,selectionType:INCLUDED))),(type:FOLLOWS_YOUR_COMPANY,values:List((id:CF,text:Following%2520your%2520company,selectionType:INCLUDED))),(type:RECENTLY_CHANGED_JOBS,values:List((id:RPC,text:Changed%2520jobs,selectionType:INCLUDED))),(type:RELATIONSHIP,values:List((id:O,text:3rd%252B%2520degree%2520connections,selectionType:INCLUDED))),(type:POSTED_ON_LINKEDIN,values:List((id:RPOL,text:Posted%2520on%2520LinkedIn,selectionType:INCLUDED)))))&sessionId=7PDP%2FfqwRIe1fIP96wVAIg%3D%3D&viewAllFilters=true",""
"8db1f305-4e41-4e33-800d-f83eca354ff5","af3d56f6-2fc9-426a-a7d2-b7f317597aa3",2,"pending","INDUSTRY","52",,"","https://www.linkedin.com/sales/search/people?query=(recentSearchParam:(id:5752546450,doLogHistory:true),filters:List((type:INDUSTRY,values:List((id:52,selectionType:INCLUDED))),(type:GEOGRAPHY,values:List((id:102221843,selectionType:INCLUDED))),(type:FOLLOWS_YOUR_COMPANY,values:List((id:CF,text:Following%2520your%2520company,selectionType:INCLUDED))),(type:RECENTLY_CHANGED_JOBS,values:List((id:RPC,text:Changed%2520jobs,selectionType:INCLUDED))),(type:RELATIONSHIP,values:List((id:O,text:3rd%252B%2520degree%2520connections,selectionType:INCLUDED))),(type:POSTED_ON_LINKEDIN,values:List((id:RPOL,text:Posted%2520on%2520LinkedIn,selectionType:INCLUDED)))))&sessionId=7PDP%2FfqwRIe1fIP96wVAIg%3D%3D&viewAllFilters=true",""
"5c143c8d-1388-4778-9dad-1db074c59986","af3d56f6-2fc9-426a-a7d2-b7f317597aa3",2,"pending","INDUSTRY","53",,"","https://www.linkedin.com/sales/search/people?query=(recentSearchParam:(id:5752546450,doLogHistory:true),filters:List((type:INDUSTRY,values:List((id:53,selectionType:INCLUDED))),(type:GEOGRAPHY,values:List((id:102221843,selectionType:INCLUDED))),(type:FOLLOWS_YOUR_COMPANY,values:List((id:CF,text:Following%2520your%2520company,selectionType:INCLUDED))),(type:RECENTLY_CHANGED_JOBS,values:List((id:RPC,text:Changed%2520jobs,selectionType:INCLUDED))),(type:RELATIONSHIP,values:List((id:O,text:3rd%252B%2520degree%2520connections,selectionType:INCLUDED))),(type:POSTED_ON_LINKEDIN,values:List((id:RPOL,text:Posted%2520on%2520LinkedIn,selectionType:INCLUDED)))))&sessionId=7PDP%2FfqwRIe1fIP96wVAIg%3D%3D&viewAllFilters=true",""
"a934e7ba-328a-4cfe-8d8c-333748c125dc","af3d56f6-2fc9-426a-a7d2-b7f317597aa3",2,"pending","INDUSTRY","54",,"","https://www.linkedin.com/sales/search/people?query=(recentSearchParam:(id:5752546450,doLogHistory:true),filters:List((type:INDUSTRY,values:List((id:54,selectionType:INCLUDED))),(type:GEOGRAPHY,values:List((id:102221843,selectionType:INCLUDED))),(type:FOLLOWS_YOUR_COMPANY,values:List((id:CF,text:Following%2520your%2520company,selectionType:INCLUDED))),(type:RECENTLY_CHANGED_JOBS,values:List((id:RPC,text:Changed%2520jobs,selectionType:INCLUDED))),(type:RELATIONSHIP,values:List((id:O,text:3rd%252B%2520degree%2520connections,selectionType:INCLUDED))),(type:POSTED_ON_LINKEDIN,values:List((id:RPOL,text:Posted%2520on%2520LinkedIn,selectionType:INCLUDED)))))&sessionId=7PDP%2FfqwRIe1fIP96wVAIg%3D%3D&viewAllFilters=true",""
"415c5a94-a139-43bc-8ebc-a4a7f0443abd","af3d56f6-2fc9-426a-a7d2-b7f317597aa3",2,"pending","INDUSTRY","55",,"","https://www.linkedin.com/sales/search/people?query=(recentSearchParam:(id:5752546450,doLogHistory:true),filters:List((type:INDUSTRY,values:List((id:55,selectionType:INCLUDED))),(type:GEOGRAPHY,values:List((id:102221843,selectionType:INCLUDED))),(type:FOLLOWS_YOUR_COMPANY,values:List((id:CF,text:Following%2520your%2520company,selectionType:INCLUDED))),(type:RECENTLY_CHANGED_JOBS,values:List((id:RPC,text:Changed%2520jobs,selectionType:INCLUDED))),(type:RELATIONSHIP,values:List((id:O,text:3rd%252B%2520degree%2520connections,selectionType:INCLUDED))),(type:POSTED_ON_LINKEDIN,values:List((id:RPOL,text:Posted%2520on%2520LinkedIn,selectionType:INCLUDED)))))&sessionId=7PDP%2FfqwRIe1fIP96wVAIg%3D%3D&viewAllFilters=true",""
"fad81e75-dce9-4071-ab1a-2076a1a8104e","af3d56f6-2fc9-426a-a7d2-b7f317597aa3",2,"pending","INDUSTRY","56",,"","https://www.linkedin.com/sales/search/people?query=(recentSearchParam:(id:5752546450,doLogHistory:true),filters:List((type:INDUSTRY,values:List((id:56,selectionType:INCLUDED))),(type:GEOGRAPHY,values:List((id:102221843,selectionType:INCLUDED))),(type:FOLLOWS_YOUR_COMPANY,values:List((id:CF,text:Following%2520your%2520company,selectionType:INCLUDED))),(type:RECENTLY_CHANGED_JOBS,values:List((id:RPC,text:Changed%2520jobs,selectionType:INCLUDED))),(type:RELATIONSHIP,values:List((id:O,text:3rd%252B%2520degree%2520connections,selectionType:INCLUDED))),(type:POSTED_ON_LINKEDIN,values:List((id:RPOL,text:Posted%2520on%2520LinkedIn,selectionType:INCLUDED)))))&sessionId=7PDP%2FfqwRIe1fIP96wVAIg%3D%3D&viewAllFilters=true",""
"2d003aaa-1f11-4c48-beb6-33818774caa9","af3d56f6-2fc9-426a-a7d2-b7f317597aa3",2,"pending","INDUSTRY","57",,"","https://www.linkedin.com/sales/search/people?query=(recentSearchParam:(id:5752546450,doLogHistory:true),filters:List((type:INDUSTRY,values:List((id:57,selectionType:INCLUDED))),(type:GEOGRAPHY,values:List((id:102221843,selectionType:INCLUDED))),(type:FOLLOWS_YOUR_COMPANY,values:List((id:CF,text:Following%2520your%2520company,selectionType:INCLUDED))),(type:RECENTLY_CHANGED_JOBS,values:List((id:RPC,text:Changed%2520jobs,selectionType:INCLUDED))),(type:RELATIONSHIP,values:List((id:O,text:3rd%252B%2520degree%2520connections,selectionType:INCLUDED))),(type:POSTED_ON_LINKEDIN,values:List((id:RPOL,text:Posted%2520on%2520LinkedIn,selectionType:INCLUDED)))))&sessionId=7PDP%2FfqwRIe1fIP96wVAIg%3D%3D&viewAllFilters=true",""
"b3a7df2c-bebe-4115-8c2a-773757c1cc20","af3d56f6-2fc9-426a-a7d2-b7f317597aa3",2,"pending","INDUSTRY","58",,"","https://www.linkedin.com/sales/search/people?query=(recentSearchParam:(id:5752546450,doLogHistory:true),filters:List((type:INDUSTRY,values:List((id:58,selectionType:INCLUDED))),(type:GEOGRAPHY,values:List((id:102221843,selectionType:INCLUDED))),(type:FOLLOWS_YOUR_COMPANY,values:List((id:CF,text:Following%2520your%2520company,selectionType:INCLUDED))),(type:RECENTLY_CHANGED_JOBS,values:List((id:RPC,text:Changed%2520jobs,selectionType:INCLUDED))),(type:RELATIONSHIP,values:List((id:O,text:3rd%252B%2520degree%2520connections,selectionType:INCLUDED))),(type:POSTED_ON_LINKEDIN,values:List((id:RPOL,text:Posted%2520on%2520LinkedIn,selectionType:INCLUDED)))))&sessionId=7PDP%2FfqwRIe1fIP96wVAIg%3D%3D&viewAllFilters=true",""
"bf262db8-ab64-4cce-8521-94a1883ec907","af3d56f6-2fc9-426a-a7d2-b7f317597aa3",2,"pending","INDUSTRY","59",,"","https://www.linkedin.com/sales/search/people?query=(recentSearchParam:(id:5752546450,doLogHistory:true),filters:List((type:INDUSTRY,values:List((id:59,selectionType:INCLUDED))),(type:GEOGRAPHY,values:List((id:102221843,selectionType:INCLUDED))),(type:FOLLOWS_YOUR_COMPANY,values:List((id:CF,text:Following%2520your%2520company,selectionType:INCLUDED))),(type:RECENTLY_CHANGED_JOBS,values:List((id:RPC,text:Changed%2520jobs,selectionType:INCLUDED))),(type:RELATIONSHIP,values:List((id:O,text:3rd%252B%2520degree%2520connections,selectionType:INCLUDED))),(type:POSTED_ON_LINKEDIN,values:List((id:RPOL,text:Posted%2520on%2520LinkedIn,selectionType:INCLUDED)))))&sessionId=7PDP%2FfqwRIe1fIP96wVAIg%3D%3D&viewAllFilters=true",""
"8121c92e-9ada-4193-9d4e-069606b9fc67","af3d56f6-2fc9-426a-a7d2-b7f317597aa3",2,"pending","INDUSTRY","60",,"","https://www.linkedin.com/sales/search/people?query=(recentSearchParam:(id:5752546450,doLogHistory:true),filters:List((type:INDUSTRY,values:List((id:60,selectionType:INCLUDED))),(type:GEOGRAPHY,values:List((id:102221843,selectionType:INCLUDED))),(type:FOLLOWS_YOUR_COMPANY,values:List((id:CF,text:Following%2520your%2520company,selectionType:INCLUDED))),(type:RECENTLY_CHANGED_JOBS,values:List((id:RPC,text:Changed%2520jobs,selectionType:INCLUDED))),(type:RELATIONSHIP,values:List((id:O,text:3rd%252B%2520degree%2520connections,selectionType:INCLUDED))),(type:POSTED_ON_LINKEDIN,values:List((id:RPOL,text:Posted%2520on%2520LinkedIn,selectionType:INCLUDED)))))&sessionId=7PDP%2FfqwRIe1fIP96wVAIg%3D%3D&viewAllFilters=true",""
"ad135776-7713-4141-b41e-e01220c1898f","af3d56f6-2fc9-426a-a7d2-b7f317597aa3",2,"pending","INDUSTRY","61",,"","https://www.linkedin.com/sales/search/people?query=(recentSearchParam:(id:5752546450,doLogHistory:true),filters:List((type:INDUSTRY,values:List((id:61,selectionType:INCLUDED))),(type:GEOGRAPHY,values:List((id:102221843,selectionType:INCLUDED))),(type:FOLLOWS_YOUR_COMPANY,values:List((id:CF,text:Following%2520your%2520company,selectionType:INCLUDED))),(type:RECENTLY_CHANGED_JOBS,values:List((id:RPC,text:Changed%2520jobs,selectionType:INCLUDED))),(type:RELATIONSHIP,values:List((id:O,text:3rd%252B%2520degree%2520connections,selectionType:INCLUDED))),(type:POSTED_ON_LINKEDIN,values:List((id:RPOL,text:Posted%2520on%2520LinkedIn,selectionType:INCLUDED)))))&sessionId=7PDP%2FfqwRIe1fIP96wVAIg%3D%3D&viewAllFilters=true",""
"42c08ca8-bfa5-4ee8-a7b5-c51e48cef6be","af3d56f6-2fc9-426a-a7d2-b7f317597aa3",2,"pending","INDUSTRY","62",,"","https://www.linkedin.com/sales/search/people?query=(recentSearchParam:(id:5752546450,doLogHistory:true),filters:List((type:INDUSTRY,values:List((id:62,selectionType:INCLUDED))),(type:GEOGRAPHY,values:List((id:102221843,selectionType:INCLUDED))),(type:FOLLOWS_YOUR_COMPANY,values:List((id:CF,text:Following%2520your%2520company,selectionType:INCLUDED))),(type:RECENTLY_CHANGED_JOBS,values:List((id:RPC,text:Changed%2520jobs,selectionType:INCLUDED))),(type:RELATIONSHIP,values:List((id:O,text:3rd%252B%2520degree%2520connections,selectionType:INCLUDED))),(type:POSTED_ON_LINKEDIN,values:List((id:RPOL,text:Posted%2520on%2520LinkedIn,selectionType:INCLUDED)))))&sessionId=7PDP%2FfqwRIe1fIP96wVAIg%3D%3D&viewAllFilters=true",""
"70d1ed53-9bce-431a-ac7e-2345a4f09d16","af3d56f6-2fc9-426a-a7d2-b7f317597aa3",2,"pending","INDUSTRY","63",,"","https://www.linkedin.com/sales/search/people?query=(recentSearchParam:(id:5752546450,doLogHistory:true),filters:List((type:INDUSTRY,values:List((id:63,selectionType:INCLUDED))),(type:GEOGRAPHY,values:List((id:102221843,selectionType:INCLUDED))),(type:FOLLOWS_YOUR_COMPANY,values:List((id:CF,text:Following%2520your%2520company,selectionType:INCLUDED))),(type:RECENTLY_CHANGED_JOBS,values:List((id:RPC,text:Changed%2520jobs,selectionType:INCLUDED))),(type:RELATIONSHIP,values:List((id:O,text:3rd%252B%2520degree%2520connections,selectionType:INCLUDED))),(type:POSTED_ON_LINKEDIN,values:List((id:RPOL,text:Posted%2520on%2520LinkedIn,selectionType:INCLUDED)))))&sessionId=7PDP%2FfqwRIe1fIP96wVAIg%3D%3D&viewAllFilters=true",""
"04342a62-ba93-4ddf-b803-c1b965c12a22","af3d56f6-2fc9-426a-a7d2-b7f317597aa3",2,"pending","INDUSTRY","64",,"","https://www.linkedin.com/sales/search/people?query=(recentSearchParam:(id:5752546450,doLogHistory:true),filters:List((type:INDUSTRY,values:List((id:64,selectionType:INCLUDED))),(type:GEOGRAPHY,values:List((id:102221843,selectionType:INCLUDED))),(type:FOLLOWS_YOUR_COMPANY,values:List((id:CF,text:Following%2520your%2520company,selectionType:INCLUDED))),(type:RECENTLY_CHANGED_JOBS,values:List((id:RPC,text:Changed%2520jobs,selectionType:INCLUDED))),(type:RELATIONSHIP,values:List((id:O,text:3rd%252B%2520degree%2520connections,selectionType:INCLUDED))),(type:POSTED_ON_LINKEDIN,values:List((id:RPOL,text:Posted%2520on%2520LinkedIn,selectionType:INCLUDED)))))&sessionId=7PDP%2FfqwRIe1fIP96wVAIg%3D%3D&viewAllFilters=true",""
"3f4a599d-9c9d-4d04-8232-fd0fa90dfb80","af3d56f6-2fc9-426a-a7d2-b7f317597aa3",2,"pending","INDUSTRY","65",,"","https://www.linkedin.com/sales/search/people?query=(recentSearchParam:(id:5752546450,doLogHistory:true),filters:List((type:INDUSTRY,values:List((id:65,selectionType:INCLUDED))),(type:GEOGRAPHY,values:List((id:102221843,selectionType:INCLUDED))),(type:FOLLOWS_YOUR_COMPANY,values:List((id:CF,text:Following%2520your%2520company,selectionType:INCLUDED))),(type:RECENTLY_CHANGED_JOBS,values:List((id:RPC,text:Changed%2520jobs,selectionType:INCLUDED))),(type:RELATIONSHIP,values:List((id:O,text:3rd%252B%2520degree%2520connections,selectionType:INCLUDED))),(type:POSTED_ON_LINKEDIN,values:List((id:RPOL,text:Posted%2520on%2520LinkedIn,selectionType:INCLUDED)))))&sessionId=7PDP%2FfqwRIe1fIP96wVAIg%3D%3D&viewAllFilters=true",""
"dbdd2f25-e6c2-484d-9bef-28b3abe88274","af3d56f6-2fc9-426a-a7d2-b7f317597aa3",2,"pending","INDUSTRY","66",,"","https://www.linkedin.com/sales/search/people?query=(recentSearchParam:(id:5752546450,doLogHistory:true),filters:List((type:INDUSTRY,values:List((id:66,selectionType:INCLUDED))),(type:GEOGRAPHY,values:List((id:102221843,selectionType:INCLUDED))),(type:FOLLOWS_YOUR_COMPANY,values:List((id:CF,text:Following%2520your%2520company,selectionType:INCLUDED))),(type:RECENTLY_CHANGED_JOBS,values:List((id:RPC,text:Changed%2520jobs,selectionType:INCLUDED))),(type:RELATIONSHIP,values:List((id:O,text:3rd%252B%2520degree%2520connections,selectionType:INCLUDED))),(type:POSTED_ON_LINKEDIN,values:List((id:RPOL,text:Posted%2520on%2520LinkedIn,selectionType:INCLUDED)))))&sessionId=7PDP%2FfqwRIe1fIP96wVAIg%3D%3D&viewAllFilters=true",""
"9bbbb276-c8d5-40f9-aab0-e424774e5079","af3d56f6-2fc9-426a-a7d2-b7f317597aa3",2,"pending","INDUSTRY","67",,"","https://www.linkedin.com/sales/search/people?query=(recentSearchParam:(id:5752546450,doLogHistory:true),filters:List((type:INDUSTRY,values:List((id:67,selectionType:INCLUDED))),(type:GEOGRAPHY,values:List((id:102221843,selectionType:INCLUDED))),(type:FOLLOWS_YOUR_COMPANY,values:List((id:CF,text:Following%2520your%2520company,selectionType:INCLUDED))),(type:RECENTLY_CHANGED_JOBS,values:List((id:RPC,text:Changed%2520jobs,selectionType:INCLUDED))),(type:RELATIONSHIP,values:List((id:O,text:3rd%252B%2520degree%2520connections,selectionType:INCLUDED))),(type:POSTED_ON_LINKEDIN,values:List((id:RPOL,text:Posted%2520on%2520LinkedIn,selectionType:INCLUDED)))))&sessionId=7PDP%2FfqwRIe1fIP96wVAIg%3D%3D&viewAllFilters=true",""
"175927ea-72bf-4e1e-881b-3f3fe2c01f1b","af3d56f6-2fc9-426a-a7d2-b7f317597aa3",2,"pending","INDUSTRY","68",,"","https://www.linkedin.com/sales/search/people?query=(recentSearchParam:(id:5752546450,doLogHistory:true),filters:List((type:INDUSTRY,values:List((id:68,selectionType:INCLUDED))),(type:GEOGRAPHY,values:List((id:102221843,selectionType:INCLUDED))),(type:FOLLOWS_YOUR_COMPANY,values:List((id:CF,text:Following%2520your%2520company,selectionType:INCLUDED))),(type:RECENTLY_CHANGED_JOBS,values:List((id:RPC,text:Changed%2520jobs,selectionType:INCLUDED))),(type:RELATIONSHIP,values:List((id:O,text:3rd%252B%2520degree%2520connections,selectionType:INCLUDED))),(type:POSTED_ON_LINKEDIN,values:List((id:RPOL,text:Posted%2520on%2520LinkedIn,selectionType:INCLUDED)))))&sessionId=7PDP%2FfqwRIe1fIP96wVAIg%3D%3D&viewAllFilters=true",""
"ae446433-8e96-43b9-a794-5319f4311256","af3d56f6-2fc9-426a-a7d2-b7f317597aa3",2,"pending","INDUSTRY","69",,"","https://www.linkedin.com/sales/search/people?query=(recentSearchParam:(id:5752546450,doLogHistory:true),filters:List((type:INDUSTRY,values:List((id:69,selectionType:INCLUDED))),(type:GEOGRAPHY,values:List((id:102221843,selectionType:INCLUDED))),(type:FOLLOWS_YOUR_COMPANY,values:List((id:CF,text:Following%2520your%2520company,selectionType:INCLUDED))),(type:RECENTLY_CHANGED_JOBS,values:List((id:RPC,text:Changed%2520jobs,selectionType:INCLUDED))),(type:RELATIONSHIP,values:List((id:O,text:3rd%252B%2520degree%2520connections,selectionType:INCLUDED))),(type:POSTED_ON_LINKEDIN,values:List((id:RPOL,text:Posted%2520on%2520LinkedIn,selectionType:INCLUDED)))))&sessionId=7PDP%2FfqwRIe1fIP96wVAIg%3D%3D&viewAllFilters=true",""
"2be73c8f-fe42-47a2-90fd-0dc9f532341f","8db5a2ef-d6cb-48e8-8cec-6efc7178ca5d",2,"pending","INDUSTRY","1",,"","https://www.linkedin.com/sales/search/people?query=(recentSearchParam:(id:5752546450,doLogHistory:true),filters:List((type:INDUSTRY,values:List((id:1,selectionType:INCLUDED))),(type:GEOGRAPHY,values:List((id:91000003,selectionType:INCLUDED))),(type:FOLLOWS_YOUR_COMPANY,values:List((id:CF,text:Following%2520your%2520company,selectionType:INCLUDED))),(type:RECENTLY_CHANGED_JOBS,values:List((id:RPC,text:Changed%2520jobs,selectionType:INCLUDED))),(type:RELATIONSHIP,values:List((id:O,text:3rd%252B%2520degree%2520connections,selectionType:INCLUDED))),(type:POSTED_ON_LINKEDIN,values:List((id:RPOL,text:Posted%2520on%2520LinkedIn,selectionType:INCLUDED)))))&sessionId=7PDP%2FfqwRIe1fIP96wVAIg%3D%3D&viewAllFilters=true",""
"b61f5915-f13f-4d07-9925-8b26363f19b6","8db5a2ef-d6cb-48e8-8cec-6efc7178ca5d",2,"pending","INDUSTRY","3",,"","https://www.linkedin.com/sales/search/people?query=(recentSearchParam:(id:5752546450,doLogHistory:true),filters:List((type:INDUSTRY,values:List((id:3,selectionType:INCLUDED))),(type:GEOGRAPHY,values:List((id:91000003,selectionType:INCLUDED))),(type:FOLLOWS_YOUR_COMPANY,values:List((id:CF,text:Following%2520your%2520company,selectionType:INCLUDED))),(type:RECENTLY_CHANGED_JOBS,values:List((id:RPC,text:Changed%2520jobs,selectionType:INCLUDED))),(type:RELATIONSHIP,values:List((id:O,text:3rd%252B%2520degree%2520connections,selectionType:INCLUDED))),(type:POSTED_ON_LINKEDIN,values:List((id:RPOL,text:Posted%2520on%2520LinkedIn,selectionType:INCLUDED)))))&sessionId=7PDP%2FfqwRIe1fIP96wVAIg%3D%3D&viewAllFilters=true",""
"5e57d3d9-dc3d-4578-bd7e-d23e88031142","8db5a2ef-d6cb-48e8-8cec-6efc7178ca5d",2,"pending","INDUSTRY","4",,"","https://www.linkedin.com/sales/search/people?query=(recentSearchParam:(id:5752546450,doLogHistory:true),filters:List((type:INDUSTRY,values:List((id:4,selectionType:INCLUDED))),(type:GEOGRAPHY,values:List((id:91000003,selectionType:INCLUDED))),(type:FOLLOWS_YOUR_COMPANY,values:List((id:CF,text:Following%2520your%2520company,selectionType:INCLUDED))),(type:RECENTLY_CHANGED_JOBS,values:List((id:RPC,text:Changed%2520jobs,selectionType:INCLUDED))),(type:RELATIONSHIP,values:List((id:O,text:3rd%252B%2520degree%2520connections,selectionType:INCLUDED))),(type:POSTED_ON_LINKEDIN,values:List((id:RPOL,text:Posted%2520on%2520LinkedIn,selectionType:INCLUDED)))))&sessionId=7PDP%2FfqwRIe1fIP96wVAIg%3D%3D&viewAllFilters=true",""
"874a56e4-676f-4153-88dd-2331d4b32828","8db5a2ef-d6cb-48e8-8cec-6efc7178ca5d",2,"pending","INDUSTRY","5",,"","https://www.linkedin.com/sales/search/people?query=(recentSearchParam:(id:5752546450,doLogHistory:true),filters:List((type:INDUSTRY,values:List((id:5,selectionType:INCLUDED))),(type:GEOGRAPHY,values:List((id:91000003,selectionType:INCLUDED))),(type:FOLLOWS_YOUR_COMPANY,values:List((id:CF,text:Following%2520your%2520company,selectionType:INCLUDED))),(type:RECENTLY_CHANGED_JOBS,values:List((id:RPC,text:Changed%2520jobs,selectionType:INCLUDED))),(type:RELATIONSHIP,values:List((id:O,text:3rd%252B%2520degree%2520connections,selectionType:INCLUDED))),(type:POSTED_ON_LINKEDIN,values:List((id:RPOL,text:Posted%2520on%2520LinkedIn,selectionType:INCLUDED)))))&sessionId=7PDP%2FfqwRIe1fIP96wVAIg%3D%3D&viewAllFilters=true",""
"6979d2f0-dd57-4345-9736-95e72f4ae531","8db5a2ef-d6cb-48e8-8cec-6efc7178ca5d",2,"pending","INDUSTRY","6",,"","https://www.linkedin.com/sales/search/people?query=(recentSearchParam:(id:5752546450,doLogHistory:true),filters:List((type:INDUSTRY,values:List((id:6,selectionType:INCLUDED))),(type:GEOGRAPHY,values:List((id:91000003,selectionType:INCLUDED))),(type:FOLLOWS_YOUR_COMPANY,values:List((id:CF,text:Following%2520your%2520company,selectionType:INCLUDED))),(type:RECENTLY_CHANGED_JOBS,values:List((id:RPC,text:Changed%2520jobs,selectionType:INCLUDED))),(type:RELATIONSHIP,values:List((id:O,text:3rd%252B%2520degree%2520connections,selectionType:INCLUDED))),(type:POSTED_ON_LINKEDIN,values:List((id:RPOL,text:Posted%2520on%2520LinkedIn,selectionType:INCLUDED)))))&sessionId=7PDP%2FfqwRIe1fIP96wVAIg%3D%3D&viewAllFilters=true",""
"d922da8e-265f-40fb-a45f-534e4ce0dc39","8db5a2ef-d6cb-48e8-8cec-6efc7178ca5d",2,"pending","INDUSTRY","7",,"","https://www.linkedin.com/sales/search/people?query=(recentSearchParam:(id:5752546450,doLogHistory:true),filters:List((type:INDUSTRY,values:List((id:7,selectionType:INCLUDED))),(type:GEOGRAPHY,values:List((id:91000003,selectionType:INCLUDED))),(type:FOLLOWS_YOUR_COMPANY,values:List((id:CF,text:Following%2520your%2520company,selectionType:INCLUDED))),(type:RECENTLY_CHANGED_JOBS,values:List((id:RPC,text:Changed%2520jobs,selectionType:INCLUDED))),(type:RELATIONSHIP,values:List((id:O,text:3rd%252B%2520degree%2520connections,selectionType:INCLUDED))),(type:POSTED_ON_LINKEDIN,values:List((id:RPOL,text:Posted%2520on%2520LinkedIn,selectionType:INCLUDED)))))&sessionId=7PDP%2FfqwRIe1fIP96wVAIg%3D%3D&viewAllFilters=true",""
"dd21b8a4-1c6e-43ae-9fd3-a592ffc753e2","8db5a2ef-d6cb-48e8-8cec-6efc7178ca5d",2,"pending","INDUSTRY","8",,"","https://www.linkedin.com/sales/search/people?query=(recentSearchParam:(id:5752546450,doLogHistory:true),filters:List((type:INDUSTRY,values:List((id:8,selectionType:INCLUDED))),(type:GEOGRAPHY,values:List((id:91000003,selectionType:INCLUDED))),(type:FOLLOWS_YOUR_COMPANY,values:List((id:CF,text:Following%2520your%2520company,selectionType:INCLUDED))),(type:RECENTLY_CHANGED_JOBS,values:List((id:RPC,text:Changed%2520jobs,selectionType:INCLUDED))),(type:RELATIONSHIP,values:List((id:O,text:3rd%252B%2520degree%2520connections,selectionType:INCLUDED))),(type:POSTED_ON_LINKEDIN,values:List((id:RPOL,text:Posted%2520on%2520LinkedIn,selectionType:INCLUDED)))))&sessionId=7PDP%2FfqwRIe1fIP96wVAIg%3D%3D&viewAllFilters=true",""
"27145493-5bf3-4e39-b2ea-762e20a2b988","8db5a2ef-d6cb-48e8-8cec-6efc7178ca5d",2,"pending","INDUSTRY","9",,"","https://www.linkedin.com/sales/search/people?query=(recentSearchParam:(id:5752546450,doLogHistory:true),filters:List((type:INDUSTRY,values:List((id:9,selectionType:INCLUDED))),(type:GEOGRAPHY,values:List((id:91000003,selectionType:INCLUDED))),(type:FOLLOWS_YOUR_COMPANY,values:List((id:CF,text:Following%2520your%2520company,selectionType:INCLUDED))),(type:RECENTLY_CHANGED_JOBS,values:List((id:RPC,text:Changed%2520jobs,selectionType:INCLUDED))),(type:RELATIONSHIP,values:List((id:O,text:3rd%252B%2520degree%2520connections,selectionType:INCLUDED))),(type:POSTED_ON_LINKEDIN,values:List((id:RPOL,text:Posted%2520on%2520LinkedIn,selectionType:INCLUDED)))))&sessionId=7PDP%2FfqwRIe1fIP96wVAIg%3D%3D&viewAllFilters=true",""
"e82d7866-25f7-495e-82c4-0b43ea1d9078","8db5a2ef-d6cb-48e8-8cec-6efc7178ca5d",2,"pending","INDUSTRY","10",,"","https://www.linkedin.com/sales/search/people?query=(recentSearchParam:(id:5752546450,doLogHistory:true),filters:List((type:INDUSTRY,values:List((id:10,selectionType:INCLUDED))),(type:GEOGRAPHY,values:List((id:91000003,selectionType:INCLUDED))),(type:FOLLOWS_YOUR_COMPANY,values:List((id:CF,text:Following%2520your%2520company,selectionType:INCLUDED))),(type:RECENTLY_CHANGED_JOBS,values:List((id:RPC,text:Changed%2520jobs,selectionType:INCLUDED))),(type:RELATIONSHIP,values:List((id:O,text:3rd%252B%2520degree%2520connections,selectionType:INCLUDED))),(type:POSTED_ON_LINKEDIN,values:List((id:RPOL,text:Posted%2520on%2520LinkedIn,selectionType:INCLUDED)))))&sessionId=7PDP%2FfqwRIe1fIP96wVAIg%3D%3D&viewAllFilters=true",""
"f4325619-a3e4-4877-95fd-677ababbf7c5","8db5a2ef-d6cb-48e8-8cec-6efc7178ca5d",2,"pending","INDUSTRY","11",,"","https://www.linkedin.com/sales/search/people?query=(recentSearchParam:(id:5752546450,doLogHistory:true),filters:List((type:INDUSTRY,values:List((id:11,selectionType:INCLUDED))),(type:GEOGRAPHY,values:List((id:91000003,selectionType:INCLUDED))),(type:FOLLOWS_YOUR_COMPANY,values:List((id:CF,text:Following%2520your%2520company,selectionType:INCLUDED))),(type:RECENTLY_CHANGED_JOBS,values:List((id:RPC,text:Changed%2520jobs,selectionType:INCLUDED))),(type:RELATIONSHIP,values:List((id:O,text:3rd%252B%2520degree%2520connections,selectionType:INCLUDED))),(type:POSTED_ON_LINKEDIN,values:List((id:RPOL,text:Posted%2520on%2520LinkedIn,selectionType:INCLUDED)))))&sessionId=7PDP%2FfqwRIe1fIP96wVAIg%3D%3D&viewAllFilters=true",""
"92d721d7-23f2-4d57-a6d4-687166b063cc","8db5a2ef-d6cb-48e8-8cec-6efc7178ca5d",2,"pending","INDUSTRY","12",,"","https://www.linkedin.com/sales/search/people?query=(recentSearchParam:(id:5752546450,doLogHistory:true),filters:List((type:INDUSTRY,values:List((id:12,selectionType:INCLUDED))),(type:GEOGRAPHY,values:List((id:91000003,selectionType:INCLUDED))),(type:FOLLOWS_YOUR_COMPANY,values:List((id:CF,text:Following%2520your%2520company,selectionType:INCLUDED))),(type:RECENTLY_CHANGED_JOBS,values:List((id:RPC,text:Changed%2520jobs,selectionType:INCLUDED))),(type:RELATIONSHIP,values:List((id:O,text:3rd%252B%2520degree%2520connections,selectionType:INCLUDED))),(type:POSTED_ON_LINKEDIN,values:List((id:RPOL,text:Posted%2520on%2520LinkedIn,selectionType:INCLUDED)))))&sessionId=7PDP%2FfqwRIe1fIP96wVAIg%3D%3D&viewAllFilters=true",""
"0a36d3f1-8748-4dd9-b234-ee568db667b4","8db5a2ef-d6cb-48e8-8cec-6efc7178ca5d",2,"pending","INDUSTRY","13",,"","https://www.linkedin.com/sales/search/people?query=(recentSearchParam:(id:5752546450,doLogHistory:true),filters:List((type:INDUSTRY,values:List((id:13,selectionType:INCLUDED))),(type:GEOGRAPHY,values:List((id:91000003,selectionType:INCLUDED))),(type:FOLLOWS_YOUR_COMPANY,values:List((id:CF,text:Following%2520your%2520company,selectionType:INCLUDED))),(type:RECENTLY_CHANGED_JOBS,values:List((id:RPC,text:Changed%2520jobs,selectionType:INCLUDED))),(type:RELATIONSHIP,values:List((id:O,text:3rd%252B%2520degree%2520connections,selectionType:INCLUDED))),(type:POSTED_ON_LINKEDIN,values:List((id:RPOL,text:Posted%2520on%2520LinkedIn,selectionType:INCLUDED)))))&sessionId=7PDP%2FfqwRIe1fIP96wVAIg%3D%3D&viewAllFilters=true",""
"3def6250-5d95-43cf-98f7-50ee5cad01c5","8db5a2ef-d6cb-48e8-8cec-6efc7178ca5d",2,"pending","INDUSTRY","14",,"","https://www.linkedin.com/sales/search/people?query=(recentSearchParam:(id:5752546450,doLogHistory:true),filters:List((type:INDUSTRY,values:List((id:14,selectionType:INCLUDED))),(type:GEOGRAPHY,values:List((id:91000003,selectionType:INCLUDED))),(type:FOLLOWS_YOUR_COMPANY,values:List((id:CF,text:Following%2520your%2520company,selectionType:INCLUDED))),(type:RECENTLY_CHANGED_JOBS,values:List((id:RPC,text:Changed%2520jobs,selectionType:INCLUDED))),(type:RELATIONSHIP,values:List((id:O,text:3rd%252B%2520degree%2520connections,selectionType:INCLUDED))),(type:POSTED_ON_LINKEDIN,values:List((id:RPOL,text:Posted%2520on%2520LinkedIn,selectionType:INCLUDED)))))&sessionId=7PDP%2FfqwRIe1fIP96wVAIg%3D%3D&viewAllFilters=true",""
"cb2bfde0-3a6a-48df-b55d-bc9b419d7f73","8db5a2ef-d6cb-48e8-8cec-6efc7178ca5d",2,"pending","INDUSTRY","15",,"","https://www.linkedin.com/sales/search/people?query=(recentSearchParam:(id:5752546450,doLogHistory:true),filters:List((type:INDUSTRY,values:List((id:15,selectionType:INCLUDED))),(type:GEOGRAPHY,values:List((id:91000003,selectionType:INCLUDED))),(type:FOLLOWS_YOUR_COMPANY,values:List((id:CF,text:Following%2520your%2520company,selectionType:INCLUDED))),(type:RECENTLY_CHANGED_JOBS,values:List((id:RPC,text:Changed%2520jobs,selectionType:INCLUDED))),(type:RELATIONSHIP,values:List((id:O,text:3rd%252B%2520degree%2520connections,selectionType:INCLUDED))),(type:POSTED_ON_LINKEDIN,values:List((id:RPOL,text:Posted%2520on%2520LinkedIn,selectionType:INCLUDED)))))&sessionId=7PDP%2FfqwRIe1fIP96wVAIg%3D%3D&viewAllFilters=true",""
"39f6b327-1686-4539-9b05-aef3f74b777a","8db5a2ef-d6cb-48e8-8cec-6efc7178ca5d",2,"pending","INDUSTRY","16",,"","https://www.linkedin.com/sales/search/people?query=(recentSearchParam:(id:5752546450,doLogHistory:true),filters:List((type:INDUSTRY,values:List((id:16,selectionType:INCLUDED))),(type:GEOGRAPHY,values:List((id:91000003,selectionType:INCLUDED))),(type:FOLLOWS_YOUR_COMPANY,values:List((id:CF,text:Following%2520your%2520company,selectionType:INCLUDED))),(type:RECENTLY_CHANGED_JOBS,values:List((id:RPC,text:Changed%2520jobs,selectionType:INCLUDED))),(type:RELATIONSHIP,values:List((id:O,text:3rd%252B%2520degree%2520connections,selectionType:INCLUDED))),(type:POSTED_ON_LINKEDIN,values:List((id:RPOL,text:Posted%2520on%2520LinkedIn,selectionType:INCLUDED)))))&sessionId=7PDP%2FfqwRIe1fIP96wVAIg%3D%3D&viewAllFilters=true",""
"0aa9476e-2b51-4ee7-b9d9-94821c2b946a","8db5a2ef-d6cb-48e8-8cec-6efc7178ca5d",2,"pending","INDUSTRY","17",,"","https://www.linkedin.com/sales/search/people?query=(recentSearchParam:(id:5752546450,doLogHistory:true),filters:List((type:INDUSTRY,values:List((id:17,selectionType:INCLUDED))),(type:GEOGRAPHY,values:List((id:91000003,selectionType:INCLUDED))),(type:FOLLOWS_YOUR_COMPANY,values:List((id:CF,text:Following%2520your%2520company,selectionType:INCLUDED))),(type:RECENTLY_CHANGED_JOBS,values:List((id:RPC,text:Changed%2520jobs,selectionType:INCLUDED))),(type:RELATIONSHIP,values:List((id:O,text:3rd%252B%2520degree%2520connections,selectionType:INCLUDED))),(type:POSTED_ON_LINKEDIN,values:List((id:RPOL,text:Posted%2520on%2520LinkedIn,selectionType:INCLUDED)))))&sessionId=7PDP%2FfqwRIe1fIP96wVAIg%3D%3D&viewAllFilters=true",""
"dd58cc0d-57a9-4f65-8ba8-7f9ad7429631","8db5a2ef-d6cb-48e8-8cec-6efc7178ca5d",2,"pending","INDUSTRY","18",,"","https://www.linkedin.com/sales/search/people?query=(recentSearchParam:(id:5752546450,doLogHistory:true),filters:List((type:INDUSTRY,values:List((id:18,selectionType:INCLUDED))),(type:GEOGRAPHY,values:List((id:91000003,selectionType:INCLUDED))),(type:FOLLOWS_YOUR_COMPANY,values:List((id:CF,text:Following%2520your%2520company,selectionType:INCLUDED))),(type:RECENTLY_CHANGED_JOBS,values:List((id:RPC,text:Changed%2520jobs,selectionType:INCLUDED))),(type:RELATIONSHIP,values:List((id:O,text:3rd%252B%2520degree%2520connections,selectionType:INCLUDED))),(type:POSTED_ON_LINKEDIN,values:List((id:RPOL,text:Posted%2520on%2520LinkedIn,selectionType:INCLUDED)))))&sessionId=7PDP%2FfqwRIe1fIP96wVAIg%3D%3D&viewAllFilters=true",""
"c70e00db-e836-40f8-9fb9-ab9cb377a076","8db5a2ef-d6cb-48e8-8cec-6efc7178ca5d",2,"pending","INDUSTRY","19",,"","https://www.linkedin.com/sales/search/people?query=(recentSearchParam:(id:5752546450,doLogHistory:true),filters:List((type:INDUSTRY,values:List((id:19,selectionType:INCLUDED))),(type:GEOGRAPHY,values:List((id:91000003,selectionType:INCLUDED))),(type:FOLLOWS_YOUR_COMPANY,values:List((id:CF,text:Following%2520your%2520company,selectionType:INCLUDED))),(type:RECENTLY_CHANGED_JOBS,values:List((id:RPC,text:Changed%2520jobs,selectionType:INCLUDED))),(type:RELATIONSHIP,values:List((id:O,text:3rd%252B%2520degree%2520connections,selectionType:INCLUDED))),(type:POSTED_ON_LINKEDIN,values:List((id:RPOL,text:Posted%2520on%2520LinkedIn,selectionType:INCLUDED)))))&sessionId=7PDP%2FfqwRIe1fIP96wVAIg%3D%3D&viewAllFilters=true",""
"99efa44f-5c63-4416-9368-f78db4beafd3","8db5a2ef-d6cb-48e8-8cec-6efc7178ca5d",2,"pending","INDUSTRY","20",,"","https://www.linkedin.com/sales/search/people?query=(recentSearchParam:(id:5752546450,doLogHistory:true),filters:List((type:INDUSTRY,values:List((id:20,selectionType:INCLUDED))),(type:GEOGRAPHY,values:List((id:91000003,selectionType:INCLUDED))),(type:FOLLOWS_YOUR_COMPANY,values:List((id:CF,text:Following%2520your%2520company,selectionType:INCLUDED))),(type:RECENTLY_CHANGED_JOBS,values:List((id:RPC,text:Changed%2520jobs,selectionType:INCLUDED))),(type:RELATIONSHIP,values:List((id:O,text:3rd%252B%2520degree%2520connections,selectionType:INCLUDED))),(type:POSTED_ON_LINKEDIN,values:List((id:RPOL,text:Posted%2520on%2520LinkedIn,selectionType:INCLUDED)))))&sessionId=7PDP%2FfqwRIe1fIP96wVAIg%3D%3D&viewAllFilters=true",""
"9470c8c7-4685-4bc7-8717-cb0962b29445","8db5a2ef-d6cb-48e8-8cec-6efc7178ca5d",2,"pending","INDUSTRY","21",,"","https://www.linkedin.com/sales/search/people?query=(recentSearchParam:(id:5752546450,doLogHistory:true),filters:List((type:INDUSTRY,values:List((id:21,selectionType:INCLUDED))),(type:GEOGRAPHY,values:List((id:91000003,selectionType:INCLUDED))),(type:FOLLOWS_YOUR_COMPANY,values:List((id:CF,text:Following%2520your%2520company,selectionType:INCLUDED))),(type:RECENTLY_CHANGED_JOBS,values:List((id:RPC,text:Changed%2520jobs,selectionType:INCLUDED))),(type:RELATIONSHIP,values:List((id:O,text:3rd%252B%2520degree%2520connections,selectionType:INCLUDED))),(type:POSTED_ON_LINKEDIN,values:List((id:RPOL,text:Posted%2520on%2520LinkedIn,selectionType:INCLUDED)))))&sessionId=7PDP%2FfqwRIe1fIP96wVAIg%3D%3D&viewAllFilters=true",""
"a78b3e51-7ee2-4eb4-8465-8a5431378956","8db5a2ef-d6cb-48e8-8cec-6efc7178ca5d",2,"pending","INDUSTRY","22",,"","https://www.linkedin.com/sales/search/people?query=(recentSearchParam:(id:5752546450,doLogHistory:true),filters:List((type:INDUSTRY,values:List((id:22,selectionType:INCLUDED))),(type:GEOGRAPHY,values:List((id:91000003,selectionType:INCLUDED))),(type:FOLLOWS_YOUR_COMPANY,values:List((id:CF,text:Following%2520your%2520company,selectionType:INCLUDED))),(type:RECENTLY_CHANGED_JOBS,values:List((id:RPC,text:Changed%2520jobs,selectionType:INCLUDED))),(type:RELATIONSHIP,values:List((id:O,text:3rd%252B%2520degree%2520connections,selectionType:INCLUDED))),(type:POSTED_ON_LINKEDIN,values:List((id:RPOL,text:Posted%2520on%2520LinkedIn,selectionType:INCLUDED)))))&sessionId=7PDP%2FfqwRIe1fIP96wVAIg%3D%3D&viewAllFilters=true",""
"ca09c67f-1ca6-4a2d-aa57-e4d5e09080c4","8db5a2ef-d6cb-48e8-8cec-6efc7178ca5d",2,"pending","INDUSTRY","23",,"","https://www.linkedin.com/sales/search/people?query=(recentSearchParam:(id:5752546450,doLogHistory:true),filters:List((type:INDUSTRY,values:List((id:23,selectionType:INCLUDED))),(type:GEOGRAPHY,values:List((id:91000003,selectionType:INCLUDED))),(type:FOLLOWS_YOUR_COMPANY,values:List((id:CF,text:Following%2520your%2520company,selectionType:INCLUDED))),(type:RECENTLY_CHANGED_JOBS,values:List((id:RPC,text:Changed%2520jobs,selectionType:INCLUDED))),(type:RELATIONSHIP,values:List((id:O,text:3rd%252B%2520degree%2520connections,selectionType:INCLUDED))),(type:POSTED_ON_LINKEDIN,values:List((id:RPOL,text:Posted%2520on%2520LinkedIn,selectionType:INCLUDED)))))&sessionId=7PDP%2FfqwRIe1fIP96wVAIg%3D%3D&viewAllFilters=true",""
"a16c12d7-2520-4e41-abbe-00ced91245a6","8db5a2ef-d6cb-48e8-8cec-6efc7178ca5d",2,"pending","INDUSTRY","24",,"","https://www.linkedin.com/sales/search/people?query=(recentSearchParam:(id:5752546450,doLogHistory:true),filters:List((type:INDUSTRY,values:List((id:24,selectionType:INCLUDED))),(type:GEOGRAPHY,values:List((id:91000003,selectionType:INCLUDED))),(type:FOLLOWS_YOUR_COMPANY,values:List((id:CF,text:Following%2520your%2520company,selectionType:INCLUDED))),(type:RECENTLY_CHANGED_JOBS,values:List((id:RPC,text:Changed%2520jobs,selectionType:INCLUDED))),(type:RELATIONSHIP,values:List((id:O,text:3rd%252B%2520degree%2520connections,selectionType:INCLUDED))),(type:POSTED_ON_LINKEDIN,values:List((id:RPOL,text:Posted%2520on%2520LinkedIn,selectionType:INCLUDED)))))&sessionId=7PDP%2FfqwRIe1fIP96wVAIg%3D%3D&viewAllFilters=true",""
"bf8bd099-5096-43db-8200-4aedf223f658","8db5a2ef-d6cb-48e8-8cec-6efc7178ca5d",2,"pending","INDUSTRY","25",,"","https://www.linkedin.com/sales/search/people?query=(recentSearchParam:(id:5752546450,doLogHistory:true),filters:List((type:INDUSTRY,values:List((id:25,selectionType:INCLUDED))),(type:GEOGRAPHY,values:List((id:91000003,selectionType:INCLUDED))),(type:FOLLOWS_YOUR_COMPANY,values:List((id:CF,text:Following%2520your%2520company,selectionType:INCLUDED))),(type:RECENTLY_CHANGED_JOBS,values:List((id:RPC,text:Changed%2520jobs,selectionType:INCLUDED))),(type:RELATIONSHIP,values:List((id:O,text:3rd%252B%2520degree%2520connections,selectionType:INCLUDED))),(type:POSTED_ON_LINKEDIN,values:List((id:RPOL,text:Posted%2520on%2520LinkedIn,selectionType:INCLUDED)))))&sessionId=7PDP%2FfqwRIe1fIP96wVAIg%3D%3D&viewAllFilters=true",""
"f007d4a0-bfbf-4f40-b53e-a411391038c3","8db5a2ef-d6cb-48e8-8cec-6efc7178ca5d",2,"pending","INDUSTRY","26",,"","https://www.linkedin.com/sales/search/people?query=(recentSearchParam:(id:5752546450,doLogHistory:true),filters:List((type:INDUSTRY,values:List((id:26,selectionType:INCLUDED))),(type:GEOGRAPHY,values:List((id:91000003,selectionType:INCLUDED))),(type:FOLLOWS_YOUR_COMPANY,values:List((id:CF,text:Following%2520your%2520company,selectionType:INCLUDED))),(type:RECENTLY_CHANGED_JOBS,values:List((id:RPC,text:Changed%2520jobs,selectionType:INCLUDED))),(type:RELATIONSHIP,values:List((id:O,text:3rd%252B%2520degree%2520connections,selectionType:INCLUDED))),(type:POSTED_ON_LINKEDIN,values:List((id:RPOL,text:Posted%2520on%2520LinkedIn,selectionType:INCLUDED)))))&sessionId=7PDP%2FfqwRIe1fIP96wVAIg%3D%3D&viewAllFilters=true",""
"990c5e5e-3a90-482c-b1df-c3e60169fae4","8db5a2ef-d6cb-48e8-8cec-6efc7178ca5d",2,"pending","INDUSTRY","27",,"","https://www.linkedin.com/sales/search/people?query=(recentSearchParam:(id:5752546450,doLogHistory:true),filters:List((type:INDUSTRY,values:List((id:27,selectionType:INCLUDED))),(type:GEOGRAPHY,values:List((id:91000003,selectionType:INCLUDED))),(type:FOLLOWS_YOUR_COMPANY,values:List((id:CF,text:Following%2520your%2520company,selectionType:INCLUDED))),(type:RECENTLY_CHANGED_JOBS,values:List((id:RPC,text:Changed%2520jobs,selectionType:INCLUDED))),(type:RELATIONSHIP,values:List((id:O,text:3rd%252B%2520degree%2520connections,selectionType:INCLUDED))),(type:POSTED_ON_LINKEDIN,values:List((id:RPOL,text:Posted%2520on%2520LinkedIn,selectionType:INCLUDED)))))&sessionId=7PDP%2FfqwRIe1fIP96wVAIg%3D%3D&viewAllFilters=true",""
"74edb939-ff86-469c-9c8d-8a0e83a6d565","8db5a2ef-d6cb-48e8-8cec-6efc7178ca5d",2,"pending","INDUSTRY","28",,"","https://www.linkedin.com/sales/search/people?query=(recentSearchParam:(id:5752546450,doLogHistory:true),filters:List((type:INDUSTRY,values:List((id:28,selectionType:INCLUDED))),(type:GEOGRAPHY,values:List((id:91000003,selectionType:INCLUDED))),(type:FOLLOWS_YOUR_COMPANY,values:List((id:CF,text:Following%2520your%2520company,selectionType:INCLUDED))),(type:RECENTLY_CHANGED_JOBS,values:List((id:RPC,text:Changed%2520jobs,selectionType:INCLUDED))),(type:RELATIONSHIP,values:List((id:O,text:3rd%252B%2520degree%2520connections,selectionType:INCLUDED))),(type:POSTED_ON_LINKEDIN,values:List((id:RPOL,text:Posted%2520on%2520LinkedIn,selectionType:INCLUDED)))))&sessionId=7PDP%2FfqwRIe1fIP96wVAIg%3D%3D&viewAllFilters=true",""
"0247564a-64d0-446c-a18a-ac4310b83bf2","8db5a2ef-d6cb-48e8-8cec-6efc7178ca5d",2,"pending","INDUSTRY","29",,"","https://www.linkedin.com/sales/search/people?query=(recentSearchParam:(id:5752546450,doLogHistory:true),filters:List((type:INDUSTRY,values:List((id:29,selectionType:INCLUDED))),(type:GEOGRAPHY,values:List((id:91000003,selectionType:INCLUDED))),(type:FOLLOWS_YOUR_COMPANY,values:List((id:CF,text:Following%2520your%2520company,selectionType:INCLUDED))),(type:RECENTLY_CHANGED_JOBS,values:List((id:RPC,text:Changed%2520jobs,selectionType:INCLUDED))),(type:RELATIONSHIP,values:List((id:O,text:3rd%252B%2520degree%2520connections,selectionType:INCLUDED))),(type:POSTED_ON_LINKEDIN,values:List((id:RPOL,text:Posted%2520on%2520LinkedIn,selectionType:INCLUDED)))))&sessionId=7PDP%2FfqwRIe1fIP96wVAIg%3D%3D&viewAllFilters=true",""
"55e83d10-ed12-4419-b1f1-aa696fe36cf8","8db5a2ef-d6cb-48e8-8cec-6efc7178ca5d",2,"pending","INDUSTRY","30",,"","https://www.linkedin.com/sales/search/people?query=(recentSearchParam:(id:5752546450,doLogHistory:true),filters:List((type:INDUSTRY,values:List((id:30,selectionType:INCLUDED))),(type:GEOGRAPHY,values:List((id:91000003,selectionType:INCLUDED))),(type:FOLLOWS_YOUR_COMPANY,values:List((id:CF,text:Following%2520your%2520company,selectionType:INCLUDED))),(type:RECENTLY_CHANGED_JOBS,values:List((id:RPC,text:Changed%2520jobs,selectionType:INCLUDED))),(type:RELATIONSHIP,values:List((id:O,text:3rd%252B%2520degree%2520connections,selectionType:INCLUDED))),(type:POSTED_ON_LINKEDIN,values:List((id:RPOL,text:Posted%2520on%2520LinkedIn,selectionType:INCLUDED)))))&sessionId=7PDP%2FfqwRIe1fIP96wVAIg%3D%3D&viewAllFilters=true",""
"55d828f0-2432-4ed0-96a1-d03797586c63","8db5a2ef-d6cb-48e8-8cec-6efc7178ca5d",2,"pending","INDUSTRY","31",,"","https://www.linkedin.com/sales/search/people?query=(recentSearchParam:(id:5752546450,doLogHistory:true),filters:List((type:INDUSTRY,values:List((id:31,selectionType:INCLUDED))),(type:GEOGRAPHY,values:List((id:91000003,selectionType:INCLUDED))),(type:FOLLOWS_YOUR_COMPANY,values:List((id:CF,text:Following%2520your%2520company,selectionType:INCLUDED))),(type:RECENTLY_CHANGED_JOBS,values:List((id:RPC,text:Changed%2520jobs,selectionType:INCLUDED))),(type:RELATIONSHIP,values:List((id:O,text:3rd%252B%2520degree%2520connections,selectionType:INCLUDED))),(type:POSTED_ON_LINKEDIN,values:List((id:RPOL,text:Posted%2520on%2520LinkedIn,selectionType:INCLUDED)))))&sessionId=7PDP%2FfqwRIe1fIP96wVAIg%3D%3D&viewAllFilters=true",""
"0c6b750a-3a0d-44b8-a511-f7690fcd946c","8db5a2ef-d6cb-48e8-8cec-6efc7178ca5d",2,"pending","INDUSTRY","32",,"","https://www.linkedin.com/sales/search/people?query=(recentSearchParam:(id:5752546450,doLogHistory:true),filters:List((type:INDUSTRY,values:List((id:32,selectionType:INCLUDED))),(type:GEOGRAPHY,values:List((id:91000003,selectionType:INCLUDED))),(type:FOLLOWS_YOUR_COMPANY,values:List((id:CF,text:Following%2520your%2520company,selectionType:INCLUDED))),(type:RECENTLY_CHANGED_JOBS,values:List((id:RPC,text:Changed%2520jobs,selectionType:INCLUDED))),(type:RELATIONSHIP,values:List((id:O,text:3rd%252B%2520degree%2520connections,selectionType:INCLUDED))),(type:POSTED_ON_LINKEDIN,values:List((id:RPOL,text:Posted%2520on%2520LinkedIn,selectionType:INCLUDED)))))&sessionId=7PDP%2FfqwRIe1fIP96wVAIg%3D%3D&viewAllFilters=true",""
"d9d90b29-53af-46ef-bd27-9e3e7ed4e747","8db5a2ef-d6cb-48e8-8cec-6efc7178ca5d",2,"pending","INDUSTRY","33",,"","https://www.linkedin.com/sales/search/people?query=(recentSearchParam:(id:5752546450,doLogHistory:true),filters:List((type:INDUSTRY,values:List((id:33,selectionType:INCLUDED))),(type:GEOGRAPHY,values:List((id:91000003,selectionType:INCLUDED))),(type:FOLLOWS_YOUR_COMPANY,values:List((id:CF,text:Following%2520your%2520company,selectionType:INCLUDED))),(type:RECENTLY_CHANGED_JOBS,values:List((id:RPC,text:Changed%2520jobs,selectionType:INCLUDED))),(type:RELATIONSHIP,values:List((id:O,text:3rd%252B%2520degree%2520connections,selectionType:INCLUDED))),(type:POSTED_ON_LINKEDIN,values:List((id:RPOL,text:Posted%2520on%2520LinkedIn,selectionType:INCLUDED)))))&sessionId=7PDP%2FfqwRIe1fIP96wVAIg%3D%3D&viewAllFilters=true",""
"ca666a8e-cc70-4d53-85c9-c361081269e5","8db5a2ef-d6cb-48e8-8cec-6efc7178ca5d",2,"pending","INDUSTRY","34",,"","https://www.linkedin.com/sales/search/people?query=(recentSearchParam:(id:5752546450,doLogHistory:true),filters:List((type:INDUSTRY,values:List((id:34,selectionType:INCLUDED))),(type:GEOGRAPHY,values:List((id:91000003,selectionType:INCLUDED))),(type:FOLLOWS_YOUR_COMPANY,values:List((id:CF,text:Following%2520your%2520company,selectionType:INCLUDED))),(type:RECENTLY_CHANGED_JOBS,values:List((id:RPC,text:Changed%2520jobs,selectionType:INCLUDED))),(type:RELATIONSHIP,values:List((id:O,text:3rd%252B%2520degree%2520connections,selectionType:INCLUDED))),(type:POSTED_ON_LINKEDIN,values:List((id:RPOL,text:Posted%2520on%2520LinkedIn,selectionType:INCLUDED)))))&sessionId=7PDP%2FfqwRIe1fIP96wVAIg%3D%3D&viewAllFilters=true",""
"78239690-ab3c-489d-8fc6-95d46dc09672","8db5a2ef-d6cb-48e8-8cec-6efc7178ca5d",2,"pending","INDUSTRY","35",,"","https://www.linkedin.com/sales/search/people?query=(recentSearchParam:(id:5752546450,doLogHistory:true),filters:List((type:INDUSTRY,values:List((id:35,selectionType:INCLUDED))),(type:GEOGRAPHY,values:List((id:91000003,selectionType:INCLUDED))),(type:FOLLOWS_YOUR_COMPANY,values:List((id:CF,text:Following%2520your%2520company,selectionType:INCLUDED))),(type:RECENTLY_CHANGED_JOBS,values:List((id:RPC,text:Changed%2520jobs,selectionType:INCLUDED))),(type:RELATIONSHIP,values:List((id:O,text:3rd%252B%2520degree%2520connections,selectionType:INCLUDED))),(type:POSTED_ON_LINKEDIN,values:List((id:RPOL,text:Posted%2520on%2520LinkedIn,selectionType:INCLUDED)))))&sessionId=7PDP%2FfqwRIe1fIP96wVAIg%3D%3D&viewAllFilters=true",""
"0e99663d-1657-44e9-b837-c97db2af661a","8db5a2ef-d6cb-48e8-8cec-6efc7178ca5d",2,"pending","INDUSTRY","36",,"","https://www.linkedin.com/sales/search/people?query=(recentSearchParam:(id:5752546450,doLogHistory:true),filters:List((type:INDUSTRY,values:List((id:36,selectionType:INCLUDED))),(type:GEOGRAPHY,values:List((id:91000003,selectionType:INCLUDED))),(type:FOLLOWS_YOUR_COMPANY,values:List((id:CF,text:Following%2520your%2520company,selectionType:INCLUDED))),(type:RECENTLY_CHANGED_JOBS,values:List((id:RPC,text:Changed%2520jobs,selectionType:INCLUDED))),(type:RELATIONSHIP,values:List((id:O,text:3rd%252B%2520degree%2520connections,selectionType:INCLUDED))),(type:POSTED_ON_LINKEDIN,values:List((id:RPOL,text:Posted%2520on%2520LinkedIn,selectionType:INCLUDED)))))&sessionId=7PDP%2FfqwRIe1fIP96wVAIg%3D%3D&viewAllFilters=true",""
"5092ae5c-5c04-44f3-a29d-f6ea74ea8127","8db5a2ef-d6cb-48e8-8cec-6efc7178ca5d",2,"pending","INDUSTRY","37",,"","https://www.linkedin.com/sales/search/people?query=(recentSearchParam:(id:5752546450,doLogHistory:true),filters:List((type:INDUSTRY,values:List((id:37,selectionType:INCLUDED))),(type:GEOGRAPHY,values:List((id:91000003,selectionType:INCLUDED))),(type:FOLLOWS_YOUR_COMPANY,values:List((id:CF,text:Following%2520your%2520company,selectionType:INCLUDED))),(type:RECENTLY_CHANGED_JOBS,values:List((id:RPC,text:Changed%2520jobs,selectionType:INCLUDED))),(type:RELATIONSHIP,values:List((id:O,text:3rd%252B%2520degree%2520connections,selectionType:INCLUDED))),(type:POSTED_ON_LINKEDIN,values:List((id:RPOL,text:Posted%2520on%2520LinkedIn,selectionType:INCLUDED)))))&sessionId=7PDP%2FfqwRIe1fIP96wVAIg%3D%3D&viewAllFilters=true",""
"586164bc-78e9-4b18-a10a-397ee9d65ee8","8db5a2ef-d6cb-48e8-8cec-6efc7178ca5d",2,"pending","INDUSTRY","38",,"","https://www.linkedin.com/sales/search/people?query=(recentSearchParam:(id:5752546450,doLogHistory:true),filters:List((type:INDUSTRY,values:List((id:38,selectionType:INCLUDED))),(type:GEOGRAPHY,values:List((id:91000003,selectionType:INCLUDED))),(type:FOLLOWS_YOUR_COMPANY,values:List((id:CF,text:Following%2520your%2520company,selectionType:INCLUDED))),(type:RECENTLY_CHANGED_JOBS,values:List((id:RPC,text:Changed%2520jobs,selectionType:INCLUDED))),(type:RELATIONSHIP,values:List((id:O,text:3rd%252B%2520degree%2520connections,selectionType:INCLUDED))),(type:POSTED_ON_LINKEDIN,values:List((id:RPOL,text:Posted%2520on%2520LinkedIn,selectionType:INCLUDED)))))&sessionId=7PDP%2FfqwRIe1fIP96wVAIg%3D%3D&viewAllFilters=true",""
"f0df8ec9-a8ac-43b0-98b1-8e2bf799b7c9","8db5a2ef-d6cb-48e8-8cec-6efc7178ca5d",2,"pending","INDUSTRY","39",,"","https://www.linkedin.com/sales/search/people?query=(recentSearchParam:(id:5752546450,doLogHistory:true),filters:List((type:INDUSTRY,values:List((id:39,selectionType:INCLUDED))),(type:GEOGRAPHY,values:List((id:91000003,selectionType:INCLUDED))),(type:FOLLOWS_YOUR_COMPANY,values:List((id:CF,text:Following%2520your%2520company,selectionType:INCLUDED))),(type:RECENTLY_CHANGED_JOBS,values:List((id:RPC,text:Changed%2520jobs,selectionType:INCLUDED))),(type:RELATIONSHIP,values:List((id:O,text:3rd%252B%2520degree%2520connections,selectionType:INCLUDED))),(type:POSTED_ON_LINKEDIN,values:List((id:RPOL,text:Posted%2520on%2520LinkedIn,selectionType:INCLUDED)))))&sessionId=7PDP%2FfqwRIe1fIP96wVAIg%3D%3D&viewAllFilters=true",""
"874ba04f-aef4-41ea-a297-88c9b3e239b3","8db5a2ef-d6cb-48e8-8cec-6efc7178ca5d",2,"pending","INDUSTRY","40",,"","https://www.linkedin.com/sales/search/people?query=(recentSearchParam:(id:5752546450,doLogHistory:true),filters:List((type:INDUSTRY,values:List((id:40,selectionType:INCLUDED))),(type:GEOGRAPHY,values:List((id:91000003,selectionType:INCLUDED))),(type:FOLLOWS_YOUR_COMPANY,values:List((id:CF,text:Following%2520your%2520company,selectionType:INCLUDED))),(type:RECENTLY_CHANGED_JOBS,values:List((id:RPC,text:Changed%2520jobs,selectionType:INCLUDED))),(type:RELATIONSHIP,values:List((id:O,text:3rd%252B%2520degree%2520connections,selectionType:INCLUDED))),(type:POSTED_ON_LINKEDIN,values:List((id:RPOL,text:Posted%2520on%2520LinkedIn,selectionType:INCLUDED)))))&sessionId=7PDP%2FfqwRIe1fIP96wVAIg%3D%3D&viewAllFilters=true",""
"cedca088-f3d8-4f77-aa44-c5841e0caa2a","8db5a2ef-d6cb-48e8-8cec-6efc7178ca5d",2,"pending","INDUSTRY","41",,"","https://www.linkedin.com/sales/search/people?query=(recentSearchParam:(id:5752546450,doLogHistory:true),filters:List((type:INDUSTRY,values:List((id:41,selectionType:INCLUDED))),(type:GEOGRAPHY,values:List((id:91000003,selectionType:INCLUDED))),(type:FOLLOWS_YOUR_COMPANY,values:List((id:CF,text:Following%2520your%2520company,selectionType:INCLUDED))),(type:RECENTLY_CHANGED_JOBS,values:List((id:RPC,text:Changed%2520jobs,selectionType:INCLUDED))),(type:RELATIONSHIP,values:List((id:O,text:3rd%252B%2520degree%2520connections,selectionType:INCLUDED))),(type:POSTED_ON_LINKEDIN,values:List((id:RPOL,text:Posted%2520on%2520LinkedIn,selectionType:INCLUDED)))))&sessionId=7PDP%2FfqwRIe1fIP96wVAIg%3D%3D&viewAllFilters=true",""
"d0f2b78f-f44d-428a-a972-8974a34678c9","8db5a2ef-d6cb-48e8-8cec-6efc7178ca5d",2,"pending","INDUSTRY","42",,"","https://www.linkedin.com/sales/search/people?query=(recentSearchParam:(id:5752546450,doLogHistory:true),filters:List((type:INDUSTRY,values:List((id:42,selectionType:INCLUDED))),(type:GEOGRAPHY,values:List((id:91000003,selectionType:INCLUDED))),(type:FOLLOWS_YOUR_COMPANY,values:List((id:CF,text:Following%2520your%2520company,selectionType:INCLUDED))),(type:RECENTLY_CHANGED_JOBS,values:List((id:RPC,text:Changed%2520jobs,selectionType:INCLUDED))),(type:RELATIONSHIP,values:List((id:O,text:3rd%252B%2520degree%2520connections,selectionType:INCLUDED))),(type:POSTED_ON_LINKEDIN,values:List((id:RPOL,text:Posted%2520on%2520LinkedIn,selectionType:INCLUDED)))))&sessionId=7PDP%2FfqwRIe1fIP96wVAIg%3D%3D&viewAllFilters=true",""
"bf507d62-0a22-4251-8740-83d676db6f8f","8db5a2ef-d6cb-48e8-8cec-6efc7178ca5d",2,"pending","INDUSTRY","43",,"","https://www.linkedin.com/sales/search/people?query=(recentSearchParam:(id:5752546450,doLogHistory:true),filters:List((type:INDUSTRY,values:List((id:43,selectionType:INCLUDED))),(type:GEOGRAPHY,values:List((id:91000003,selectionType:INCLUDED))),(type:FOLLOWS_YOUR_COMPANY,values:List((id:CF,text:Following%2520your%2520company,selectionType:INCLUDED))),(type:RECENTLY_CHANGED_JOBS,values:List((id:RPC,text:Changed%2520jobs,selectionType:INCLUDED))),(type:RELATIONSHIP,values:List((id:O,text:3rd%252B%2520degree%2520connections,selectionType:INCLUDED))),(type:POSTED_ON_LINKEDIN,values:List((id:RPOL,text:Posted%2520on%2520LinkedIn,selectionType:INCLUDED)))))&sessionId=7PDP%2FfqwRIe1fIP96wVAIg%3D%3D&viewAllFilters=true",""
"038ae898-90d5-4f7f-bd8c-73dadc1cd214","8db5a2ef-d6cb-48e8-8cec-6efc7178ca5d",2,"pending","INDUSTRY","44",,"","https://www.linkedin.com/sales/search/people?query=(recentSearchParam:(id:5752546450,doLogHistory:true),filters:List((type:INDUSTRY,values:List((id:44,selectionType:INCLUDED))),(type:GEOGRAPHY,values:List((id:91000003,selectionType:INCLUDED))),(type:FOLLOWS_YOUR_COMPANY,values:List((id:CF,text:Following%2520your%2520company,selectionType:INCLUDED))),(type:RECENTLY_CHANGED_JOBS,values:List((id:RPC,text:Changed%2520jobs,selectionType:INCLUDED))),(type:RELATIONSHIP,values:List((id:O,text:3rd%252B%2520degree%2520connections,selectionType:INCLUDED))),(type:POSTED_ON_LINKEDIN,values:List((id:RPOL,text:Posted%2520on%2520LinkedIn,selectionType:INCLUDED)))))&sessionId=7PDP%2FfqwRIe1fIP96wVAIg%3D%3D&viewAllFilters=true",""
"67ce86ad-5117-4a5b-9048-40f6895ee2e2","8db5a2ef-d6cb-48e8-8cec-6efc7178ca5d",2,"pending","INDUSTRY","45",,"","https://www.linkedin.com/sales/search/people?query=(recentSearchParam:(id:5752546450,doLogHistory:true),filters:List((type:INDUSTRY,values:List((id:45,selectionType:INCLUDED))),(type:GEOGRAPHY,values:List((id:91000003,selectionType:INCLUDED))),(type:FOLLOWS_YOUR_COMPANY,values:List((id:CF,text:Following%2520your%2520company,selectionType:INCLUDED))),(type:RECENTLY_CHANGED_JOBS,values:List((id:RPC,text:Changed%2520jobs,selectionType:INCLUDED))),(type:RELATIONSHIP,values:List((id:O,text:3rd%252B%2520degree%2520connections,selectionType:INCLUDED))),(type:POSTED_ON_LINKEDIN,values:List((id:RPOL,text:Posted%2520on%2520LinkedIn,selectionType:INCLUDED)))))&sessionId=7PDP%2FfqwRIe1fIP96wVAIg%3D%3D&viewAllFilters=true",""
"1a09ddfe-bfc3-42d5-92b2-f3a865e95326","8db5a2ef-d6cb-48e8-8cec-6efc7178ca5d",2,"pending","INDUSTRY","46",,"","https://www.linkedin.com/sales/search/people?query=(recentSearchParam:(id:5752546450,doLogHistory:true),filters:List((type:INDUSTRY,values:List((id:46,selectionType:INCLUDED))),(type:GEOGRAPHY,values:List((id:91000003,selectionType:INCLUDED))),(type:FOLLOWS_YOUR_COMPANY,values:List((id:CF,text:Following%2520your%2520company,selectionType:INCLUDED))),(type:RECENTLY_CHANGED_JOBS,values:List((id:RPC,text:Changed%2520jobs,selectionType:INCLUDED))),(type:RELATIONSHIP,values:List((id:O,text:3rd%252B%2520degree%2520connections,selectionType:INCLUDED))),(type:POSTED_ON_LINKEDIN,values:List((id:RPOL,text:Posted%2520on%2520LinkedIn,selectionType:INCLUDED)))))&sessionId=7PDP%2FfqwRIe1fIP96wVAIg%3D%3D&viewAllFilters=true",""
"930f3707-ae5e-4fd7-a36d-f20fbc6616ab","8db5a2ef-d6cb-48e8-8cec-6efc7178ca5d",2,"pending","INDUSTRY","47",,"","https://www.linkedin.com/sales/search/people?query=(recentSearchParam:(id:5752546450,doLogHistory:true),filters:List((type:INDUSTRY,values:List((id:47,selectionType:INCLUDED))),(type:GEOGRAPHY,values:List((id:91000003,selectionType:INCLUDED))),(type:FOLLOWS_YOUR_COMPANY,values:List((id:CF,text:Following%2520your%2520company,selectionType:INCLUDED))),(type:RECENTLY_CHANGED_JOBS,values:List((id:RPC,text:Changed%2520jobs,selectionType:INCLUDED))),(type:RELATIONSHIP,values:List((id:O,text:3rd%252B%2520degree%2520connections,selectionType:INCLUDED))),(type:POSTED_ON_LINKEDIN,values:List((id:RPOL,text:Posted%2520on%2520LinkedIn,selectionType:INCLUDED)))))&sessionId=7PDP%2FfqwRIe1fIP96wVAIg%3D%3D&viewAllFilters=true",""
"2a19a066-5ef4-460a-8c5e-15c1e9ed183b","8db5a2ef-d6cb-48e8-8cec-6efc7178ca5d",2,"pending","INDUSTRY","48",,"","https://www.linkedin.com/sales/search/people?query=(recentSearchParam:(id:5752546450,doLogHistory:true),filters:List((type:INDUSTRY,values:List((id:48,selectionType:INCLUDED))),(type:GEOGRAPHY,values:List((id:91000003,selectionType:INCLUDED))),(type:FOLLOWS_YOUR_COMPANY,values:List((id:CF,text:Following%2520your%2520company,selectionType:INCLUDED))),(type:RECENTLY_CHANGED_JOBS,values:List((id:RPC,text:Changed%2520jobs,selectionType:INCLUDED))),(type:RELATIONSHIP,values:List((id:O,text:3rd%252B%2520degree%2520connections,selectionType:INCLUDED))),(type:POSTED_ON_LINKEDIN,values:List((id:RPOL,text:Posted%2520on%2520LinkedIn,selectionType:INCLUDED)))))&sessionId=7PDP%2FfqwRIe1fIP96wVAIg%3D%3D&viewAllFilters=true",""
"a512f99f-314b-43bf-b8fa-89e07a470b5f","8db5a2ef-d6cb-48e8-8cec-6efc7178ca5d",2,"pending","INDUSTRY","49",,"","https://www.linkedin.com/sales/search/people?query=(recentSearchParam:(id:5752546450,doLogHistory:true),filters:List((type:INDUSTRY,values:List((id:49,selectionType:INCLUDED))),(type:GEOGRAPHY,values:List((id:91000003,selectionType:INCLUDED))),(type:FOLLOWS_YOUR_COMPANY,values:List((id:CF,text:Following%2520your%2520company,selectionType:INCLUDED))),(type:RECENTLY_CHANGED_JOBS,values:List((id:RPC,text:Changed%2520jobs,selectionType:INCLUDED))),(type:RELATIONSHIP,values:List((id:O,text:3rd%252B%2520degree%2520connections,selectionType:INCLUDED))),(type:POSTED_ON_LINKEDIN,values:List((id:RPOL,text:Posted%2520on%2520LinkedIn,selectionType:INCLUDED)))))&sessionId=7PDP%2FfqwRIe1fIP96wVAIg%3D%3D&viewAllFilters=true",""
"b14f9646-cb08-4175-91ad-f5d0f980160f","8db5a2ef-d6cb-48e8-8cec-6efc7178ca5d",2,"pending","INDUSTRY","50",,"","https://www.linkedin.com/sales/search/people?query=(recentSearchParam:(id:5752546450,doLogHistory:true),filters:List((type:INDUSTRY,values:List((id:50,selectionType:INCLUDED))),(type:GEOGRAPHY,values:List((id:91000003,selectionType:INCLUDED))),(type:FOLLOWS_YOUR_COMPANY,values:List((id:CF,text:Following%2520your%2520company,selectionType:INCLUDED))),(type:RECENTLY_CHANGED_JOBS,values:List((id:RPC,text:Changed%2520jobs,selectionType:INCLUDED))),(type:RELATIONSHIP,values:List((id:O,text:3rd%252B%2520degree%2520connections,selectionType:INCLUDED))),(type:POSTED_ON_LINKEDIN,values:List((id:RPOL,text:Posted%2520on%2520LinkedIn,selectionType:INCLUDED)))))&sessionId=7PDP%2FfqwRIe1fIP96wVAIg%3D%3D&viewAllFilters=true",""
"a6339cb5-0343-4a97-9657-47d64fc5ef0e","8db5a2ef-d6cb-48e8-8cec-6efc7178ca5d",2,"pending","INDUSTRY","51",,"","https://www.linkedin.com/sales/search/people?query=(recentSearchParam:(id:5752546450,doLogHistory:true),filters:List((type:INDUSTRY,values:List((id:51,selectionType:INCLUDED))),(type:GEOGRAPHY,values:List((id:91000003,selectionType:INCLUDED))),(type:FOLLOWS_YOUR_COMPANY,values:List((id:CF,text:Following%2520your%2520company,selectionType:INCLUDED))),(type:RECENTLY_CHANGED_JOBS,values:List((id:RPC,text:Changed%2520jobs,selectionType:INCLUDED))),(type:RELATIONSHIP,values:List((id:O,text:3rd%252B%2520degree%2520connections,selectionType:INCLUDED))),(type:POSTED_ON_LINKEDIN,values:List((id:RPOL,text:Posted%2520on%2520LinkedIn,selectionType:INCLUDED)))))&sessionId=7PDP%2FfqwRIe1fIP96wVAIg%3D%3D&viewAllFilters=true",""
"a914516f-baf3-4a2b-8fd4-b60f8e239344","8db5a2ef-d6cb-48e8-8cec-6efc7178ca5d",2,"pending","INDUSTRY","52",,"","https://www.linkedin.com/sales/search/people?query=(recentSearchParam:(id:5752546450,doLogHistory:true),filters:List((type:INDUSTRY,values:List((id:52,selectionType:INCLUDED))),(type:GEOGRAPHY,values:List((id:91000003,selectionType:INCLUDED))),(type:FOLLOWS_YOUR_COMPANY,values:List((id:CF,text:Following%2520your%2520company,selectionType:INCLUDED))),(type:RECENTLY_CHANGED_JOBS,values:List((id:RPC,text:Changed%2520jobs,selectionType:INCLUDED))),(type:RELATIONSHIP,values:List((id:O,text:3rd%252B%2520degree%2520connections,selectionType:INCLUDED))),(type:POSTED_ON_LINKEDIN,values:List((id:RPOL,text:Posted%2520on%2520LinkedIn,selectionType:INCLUDED)))))&sessionId=7PDP%2FfqwRIe1fIP96wVAIg%3D%3D&viewAllFilters=true",""
"a603c51b-b7b3-4110-819f-35d29110fa73","8db5a2ef-d6cb-48e8-8cec-6efc7178ca5d",2,"pending","INDUSTRY","53",,"","https://www.linkedin.com/sales/search/people?query=(recentSearchParam:(id:5752546450,doLogHistory:true),filters:List((type:INDUSTRY,values:List((id:53,selectionType:INCLUDED))),(type:GEOGRAPHY,values:List((id:91000003,selectionType:INCLUDED))),(type:FOLLOWS_YOUR_COMPANY,values:List((id:CF,text:Following%2520your%2520company,selectionType:INCLUDED))),(type:RECENTLY_CHANGED_JOBS,values:List((id:RPC,text:Changed%2520jobs,selectionType:INCLUDED))),(type:RELATIONSHIP,values:List((id:O,text:3rd%252B%2520degree%2520connections,selectionType:INCLUDED))),(type:POSTED_ON_LINKEDIN,values:List((id:RPOL,text:Posted%2520on%2520LinkedIn,selectionType:INCLUDED)))))&sessionId=7PDP%2FfqwRIe1fIP96wVAIg%3D%3D&viewAllFilters=true",""
"b1988477-245c-4899-baf4-42b9bb3fccb8","8db5a2ef-d6cb-48e8-8cec-6efc7178ca5d",2,"pending","INDUSTRY","54",,"","https://www.linkedin.com/sales/search/people?query=(recentSearchParam:(id:5752546450,doLogHistory:true),filters:List((type:INDUSTRY,values:List((id:54,selectionType:INCLUDED))),(type:GEOGRAPHY,values:List((id:91000003,selectionType:INCLUDED))),(type:FOLLOWS_YOUR_COMPANY,values:List((id:CF,text:Following%2520your%2520company,selectionType:INCLUDED))),(type:RECENTLY_CHANGED_JOBS,values:List((id:RPC,text:Changed%2520jobs,selectionType:INCLUDED))),(type:RELATIONSHIP,values:List((id:O,text:3rd%252B%2520degree%2520connections,selectionType:INCLUDED))),(type:POSTED_ON_LINKEDIN,values:List((id:RPOL,text:Posted%2520on%2520LinkedIn,selectionType:INCLUDED)))))&sessionId=7PDP%2FfqwRIe1fIP96wVAIg%3D%3D&viewAllFilters=true",""
"a3ed4fae-9410-4490-89ed-edf226c39224","8db5a2ef-d6cb-48e8-8cec-6efc7178ca5d",2,"pending","INDUSTRY","55",,"","https://www.linkedin.com/sales/search/people?query=(recentSearchParam:(id:5752546450,doLogHistory:true),filters:List((type:INDUSTRY,values:List((id:55,selectionType:INCLUDED))),(type:GEOGRAPHY,values:List((id:91000003,selectionType:INCLUDED))),(type:FOLLOWS_YOUR_COMPANY,values:List((id:CF,text:Following%2520your%2520company,selectionType:INCLUDED))),(type:RECENTLY_CHANGED_JOBS,values:List((id:RPC,text:Changed%2520jobs,selectionType:INCLUDED))),(type:RELATIONSHIP,values:List((id:O,text:3rd%252B%2520degree%2520connections,selectionType:INCLUDED))),(type:POSTED_ON_LINKEDIN,values:List((id:RPOL,text:Posted%2520on%2520LinkedIn,selectionType:INCLUDED)))))&sessionId=7PDP%2FfqwRIe1fIP96wVAIg%3D%3D&viewAllFilters=true",""
"08e98c5c-1c8d-41f0-abbb-ff1dd23dac8a","8db5a2ef-d6cb-48e8-8cec-6efc7178ca5d",2,"pending","INDUSTRY","56",,"","https://www.linkedin.com/sales/search/people?query=(recentSearchParam:(id:5752546450,doLogHistory:true),filters:List((type:INDUSTRY,values:List((id:56,selectionType:INCLUDED))),(type:GEOGRAPHY,values:List((id:91000003,selectionType:INCLUDED))),(type:FOLLOWS_YOUR_COMPANY,values:List((id:CF,text:Following%2520your%2520company,selectionType:INCLUDED))),(type:RECENTLY_CHANGED_JOBS,values:List((id:RPC,text:Changed%2520jobs,selectionType:INCLUDED))),(type:RELATIONSHIP,values:List((id:O,text:3rd%252B%2520degree%2520connections,selectionType:INCLUDED))),(type:POSTED_ON_LINKEDIN,values:List((id:RPOL,text:Posted%2520on%2520LinkedIn,selectionType:INCLUDED)))))&sessionId=7PDP%2FfqwRIe1fIP96wVAIg%3D%3D&viewAllFilters=true",""
"495e8330-8420-411c-ae9f-109437c7cd89","8db5a2ef-d6cb-48e8-8cec-6efc7178ca5d",2,"pending","INDUSTRY","57",,"","https://www.linkedin.com/sales/search/people?query=(recentSearchParam:(id:5752546450,doLogHistory:true),filters:List((type:INDUSTRY,values:List((id:57,selectionType:INCLUDED))),(type:GEOGRAPHY,values:List((id:91000003,selectionType:INCLUDED))),(type:FOLLOWS_YOUR_COMPANY,values:List((id:CF,text:Following%2520your%2520company,selectionType:INCLUDED))),(type:RECENTLY_CHANGED_JOBS,values:List((id:RPC,text:Changed%2520jobs,selectionType:INCLUDED))),(type:RELATIONSHIP,values:List((id:O,text:3rd%252B%2520degree%2520connections,selectionType:INCLUDED))),(type:POSTED_ON_LINKEDIN,values:List((id:RPOL,text:Posted%2520on%2520LinkedIn,selectionType:INCLUDED)))))&sessionId=7PDP%2FfqwRIe1fIP96wVAIg%3D%3D&viewAllFilters=true",""
"226528b3-67d4-4a98-a2a6-292f38818617","8db5a2ef-d6cb-48e8-8cec-6efc7178ca5d",2,"pending","INDUSTRY","58",,"","https://www.linkedin.com/sales/search/people?query=(recentSearchParam:(id:5752546450,doLogHistory:true),filters:List((type:INDUSTRY,values:List((id:58,selectionType:INCLUDED))),(type:GEOGRAPHY,values:List((id:91000003,selectionType:INCLUDED))),(type:FOLLOWS_YOUR_COMPANY,values:List((id:CF,text:Following%2520your%2520company,selectionType:INCLUDED))),(type:RECENTLY_CHANGED_JOBS,values:List((id:RPC,text:Changed%2520jobs,selectionType:INCLUDED))),(type:RELATIONSHIP,values:List((id:O,text:3rd%252B%2520degree%2520connections,selectionType:INCLUDED))),(type:POSTED_ON_LINKEDIN,values:List((id:RPOL,text:Posted%2520on%2520LinkedIn,selectionType:INCLUDED)))))&sessionId=7PDP%2FfqwRIe1fIP96wVAIg%3D%3D&viewAllFilters=true",""
"21c7386d-ca0c-49c6-9705-8bfd9f266f05","8db5a2ef-d6cb-48e8-8cec-6efc7178ca5d",2,"pending","INDUSTRY","59",,"","https://www.linkedin.com/sales/search/people?query=(recentSearchParam:(id:5752546450,doLogHistory:true),filters:List((type:INDUSTRY,values:List((id:59,selectionType:INCLUDED))),(type:GEOGRAPHY,values:List((id:91000003,selectionType:INCLUDED))),(type:FOLLOWS_YOUR_COMPANY,values:List((id:CF,text:Following%2520your%2520company,selectionType:INCLUDED))),(type:RECENTLY_CHANGED_JOBS,values:List((id:RPC,text:Changed%2520jobs,selectionType:INCLUDED))),(type:RELATIONSHIP,values:List((id:O,text:3rd%252B%2520degree%2520connections,selectionType:INCLUDED))),(type:POSTED_ON_LINKEDIN,values:List((id:RPOL,text:Posted%2520on%2520LinkedIn,selectionType:INCLUDED)))))&sessionId=7PDP%2FfqwRIe1fIP96wVAIg%3D%3D&viewAllFilters=true",""
"f7275b9c-70e3-47c1-8123-2dd162a99ce8","8db5a2ef-d6cb-48e8-8cec-6efc7178ca5d",2,"pending","INDUSTRY","60",,"","https://www.linkedin.com/sales/search/people?query=(recentSearchParam:(id:5752546450,doLogHistory:true),filters:List((type:INDUSTRY,values:List((id:60,selectionType:INCLUDED))),(type:GEOGRAPHY,values:List((id:91000003,selectionType:INCLUDED))),(type:FOLLOWS_YOUR_COMPANY,values:List((id:CF,text:Following%2520your%2520company,selectionType:INCLUDED))),(type:RECENTLY_CHANGED_JOBS,values:List((id:RPC,text:Changed%2520jobs,selectionType:INCLUDED))),(type:RELATIONSHIP,values:List((id:O,text:3rd%252B%2520degree%2520connections,selectionType:INCLUDED))),(type:POSTED_ON_LINKEDIN,values:List((id:RPOL,text:Posted%2520on%2520LinkedIn,selectionType:INCLUDED)))))&sessionId=7PDP%2FfqwRIe1fIP96wVAIg%3D%3D&viewAllFilters=true",""
"047d3789-7a1c-493c-9ca2-9762a708c5da","8db5a2ef-d6cb-48e8-8cec-6efc7178ca5d",2,"pending","INDUSTRY","61",,"","https://www.linkedin.com/sales/search/people?query=(recentSearchParam:(id:5752546450,doLogHistory:true),filters:List((type:INDUSTRY,values:List((id:61,selectionType:INCLUDED))),(type:GEOGRAPHY,values:List((id:91000003,selectionType:INCLUDED))),(type:FOLLOWS_YOUR_COMPANY,values:List((id:CF,text:Following%2520your%2520company,selectionType:INCLUDED))),(type:RECENTLY_CHANGED_JOBS,values:List((id:RPC,text:Changed%2520jobs,selectionType:INCLUDED))),(type:RELATIONSHIP,values:List((id:O,text:3rd%252B%2520degree%2520connections,selectionType:INCLUDED))),(type:POSTED_ON_LINKEDIN,values:List((id:RPOL,text:Posted%2520on%2520LinkedIn,selectionType:INCLUDED)))))&sessionId=7PDP%2FfqwRIe1fIP96wVAIg%3D%3D&viewAllFilters=true",""
"6abcd6ae-a8e3-4991-82b6-d8b66bcc0e3e","8db5a2ef-d6cb-48e8-8cec-6efc7178ca5d",2,"pending","INDUSTRY","62",,"","https://www.linkedin.com/sales/search/people?query=(recentSearchParam:(id:5752546450,doLogHistory:true),filters:List((type:INDUSTRY,values:List((id:62,selectionType:INCLUDED))),(type:GEOGRAPHY,values:List((id:91000003,selectionType:INCLUDED))),(type:FOLLOWS_YOUR_COMPANY,values:List((id:CF,text:Following%2520your%2520company,selectionType:INCLUDED))),(type:RECENTLY_CHANGED_JOBS,values:List((id:RPC,text:Changed%2520jobs,selectionType:INCLUDED))),(type:RELATIONSHIP,values:List((id:O,text:3rd%252B%2520degree%2520connections,selectionType:INCLUDED))),(type:POSTED_ON_LINKEDIN,values:List((id:RPOL,text:Posted%2520on%2520LinkedIn,selectionType:INCLUDED)))))&sessionId=7PDP%2FfqwRIe1fIP96wVAIg%3D%3D&viewAllFilters=true",""
"4b63fec7-4a6e-4ef9-b423-adfffc196f0f","8db5a2ef-d6cb-48e8-8cec-6efc7178ca5d",2,"pending","INDUSTRY","63",,"","https://www.linkedin.com/sales/search/people?query=(recentSearchParam:(id:5752546450,doLogHistory:true),filters:List((type:INDUSTRY,values:List((id:63,selectionType:INCLUDED))),(type:GEOGRAPHY,values:List((id:91000003,selectionType:INCLUDED))),(type:FOLLOWS_YOUR_COMPANY,values:List((id:CF,text:Following%2520your%2520company,selectionType:INCLUDED))),(type:RECENTLY_CHANGED_JOBS,values:List((id:RPC,text:Changed%2520jobs,selectionType:INCLUDED))),(type:RELATIONSHIP,values:List((id:O,text:3rd%252B%2520degree%2520connections,selectionType:INCLUDED))),(type:POSTED_ON_LINKEDIN,values:List((id:RPOL,text:Posted%2520on%2520LinkedIn,selectionType:INCLUDED)))))&sessionId=7PDP%2FfqwRIe1fIP96wVAIg%3D%3D&viewAllFilters=true",""
"4610aa7f-aeea-450a-880f-44a219b1a959","8db5a2ef-d6cb-48e8-8cec-6efc7178ca5d",2,"pending","INDUSTRY","64",,"","https://www.linkedin.com/sales/search/people?query=(recentSearchParam:(id:5752546450,doLogHistory:true),filters:List((type:INDUSTRY,values:List((id:64,selectionType:INCLUDED))),(type:GEOGRAPHY,values:List((id:91000003,selectionType:INCLUDED))),(type:FOLLOWS_YOUR_COMPANY,values:List((id:CF,text:Following%2520your%2520company,selectionType:INCLUDED))),(type:RECENTLY_CHANGED_JOBS,values:List((id:RPC,text:Changed%2520jobs,selectionType:INCLUDED))),(type:RELATIONSHIP,values:List((id:O,text:3rd%252B%2520degree%2520connections,selectionType:INCLUDED))),(type:POSTED_ON_LINKEDIN,values:List((id:RPOL,text:Posted%2520on%2520LinkedIn,selectionType:INCLUDED)))))&sessionId=7PDP%2FfqwRIe1fIP96wVAIg%3D%3D&viewAllFilters=true",""
"f109e7ef-3d73-4f9a-a029-72c13717ddda","8db5a2ef-d6cb-48e8-8cec-6efc7178ca5d",2,"pending","INDUSTRY","65",,"","https://www.linkedin.com/sales/search/people?query=(recentSearchParam:(id:5752546450,doLogHistory:true),filters:List((type:INDUSTRY,values:List((id:65,selectionType:INCLUDED))),(type:GEOGRAPHY,values:List((id:91000003,selectionType:INCLUDED))),(type:FOLLOWS_YOUR_COMPANY,values:List((id:CF,text:Following%2520your%2520company,selectionType:INCLUDED))),(type:RECENTLY_CHANGED_JOBS,values:List((id:RPC,text:Changed%2520jobs,selectionType:INCLUDED))),(type:RELATIONSHIP,values:List((id:O,text:3rd%252B%2520degree%2520connections,selectionType:INCLUDED))),(type:POSTED_ON_LINKEDIN,values:List((id:RPOL,text:Posted%2520on%2520LinkedIn,selectionType:INCLUDED)))))&sessionId=7PDP%2FfqwRIe1fIP96wVAIg%3D%3D&viewAllFilters=true",""
"870f6791-23dd-4f08-9e8e-c67c0725d730","8db5a2ef-d6cb-48e8-8cec-6efc7178ca5d",2,"pending","INDUSTRY","66",,"","https://www.linkedin.com/sales/search/people?query=(recentSearchParam:(id:5752546450,doLogHistory:true),filters:List((type:INDUSTRY,values:List((id:66,selectionType:INCLUDED))),(type:GEOGRAPHY,values:List((id:91000003,selectionType:INCLUDED))),(type:FOLLOWS_YOUR_COMPANY,values:List((id:CF,text:Following%2520your%2520company,selectionType:INCLUDED))),(type:RECENTLY_CHANGED_JOBS,values:List((id:RPC,text:Changed%2520jobs,selectionType:INCLUDED))),(type:RELATIONSHIP,values:List((id:O,text:3rd%252B%2520degree%2520connections,selectionType:INCLUDED))),(type:POSTED_ON_LINKEDIN,values:List((id:RPOL,text:Posted%2520on%2520LinkedIn,selectionType:INCLUDED)))))&sessionId=7PDP%2FfqwRIe1fIP96wVAIg%3D%3D&viewAllFilters=true",""
"e334e2e3-5015-45c5-9af1-42929a2d3238","8db5a2ef-d6cb-48e8-8cec-6efc7178ca5d",2,"pending","INDUSTRY","67",,"","https://www.linkedin.com/sales/search/people?query=(recentSearchParam:(id:5752546450,doLogHistory:true),filters:List((type:INDUSTRY,values:List((id:67,selectionType:INCLUDED))),(type:GEOGRAPHY,values:List((id:91000003,selectionType:INCLUDED))),(type:FOLLOWS_YOUR_COMPANY,values:List((id:CF,text:Following%2520your%2520company,selectionType:INCLUDED))),(type:RECENTLY_CHANGED_JOBS,values:List((id:RPC,text:Changed%2520jobs,selectionType:INCLUDED))),(type:RELATIONSHIP,values:List((id:O,text:3rd%252B%2520degree%2520connections,selectionType:INCLUDED))),(type:POSTED_ON_LINKEDIN,values:List((id:RPOL,text:Posted%2520on%2520LinkedIn,selectionType:INCLUDED)))))&sessionId=7PDP%2FfqwRIe1fIP96wVAIg%3D%3D&viewAllFilters=true",""
"65c114e4-ca1f-4dd1-b002-4f9ee9d8df18","8db5a2ef-d6cb-48e8-8cec-6efc7178ca5d",2,"pending","INDUSTRY","68",,"","https://www.linkedin.com/sales/search/people?query=(recentSearchParam:(id:5752546450,doLogHistory:true),filters:List((type:INDUSTRY,values:List((id:68,selectionType:INCLUDED))),(type:GEOGRAPHY,values:List((id:91000003,selectionType:INCLUDED))),(type:FOLLOWS_YOUR_COMPANY,values:List((id:CF,text:Following%2520your%2520company,selectionType:INCLUDED))),(type:RECENTLY_CHANGED_JOBS,values:List((id:RPC,text:Changed%2520jobs,selectionType:INCLUDED))),(type:RELATIONSHIP,values:List((id:O,text:3rd%252B%2520degree%2520connections,selectionType:INCLUDED))),(type:POSTED_ON_LINKEDIN,values:List((id:RPOL,text:Posted%2520on%2520LinkedIn,selectionType:INCLUDED)))))&sessionId=7PDP%2FfqwRIe1fIP96wVAIg%3D%3D&viewAllFilters=true",""
"b90a4f1a-7662-4a0b-97fa-3c4c82a1610e","8db5a2ef-d6cb-48e8-8cec-6efc7178ca5d",2,"pending","INDUSTRY","69",,"","https://www.linkedin.com/sales/search/people?query=(recentSearchParam:(id:5752546450,doLogHistory:true),filters:List((type:INDUSTRY,values:List((id:69,selectionType:INCLUDED))),(type:GEOGRAPHY,values:List((id:91000003,selectionType:INCLUDED))),(type:FOLLOWS_YOUR_COMPANY,values:List((id:CF,text:Following%2520your%2520company,selectionType:INCLUDED))),(type:RECENTLY_CHANGED_JOBS,values:List((id:RPC,text:Changed%2520jobs,selectionType:INCLUDED))),(type:RELATIONSHIP,values:List((id:O,text:3rd%252B%2520degree%2520connections,selectionType:INCLUDED))),(type:POSTED_ON_LINKEDIN,values:List((id:RPOL,text:Posted%2520on%2520LinkedIn,selectionType:INCLUDED)))))&sessionId=7PDP%2FfqwRIe1fIP96wVAIg%3D%3D&viewAllFilters=true",""
"f5921ecc-7d75-4553-b404-190db18a5148","500dff99-a502-48f5-84cc-e59cc60b3bf2",2,"pending","INDUSTRY","1",,"","https://www.linkedin.com/sales/search/people?query=(recentSearchParam:(id:5752546450,doLogHistory:true),filters:List((type:INDUSTRY,values:List((id:1,selectionType:INCLUDED))),(type:GEOGRAPHY,values:List((id:102393603,selectionType:INCLUDED))),(type:FOLLOWS_YOUR_COMPANY,values:List((id:CF,text:Following%2520your%2520company,selectionType:INCLUDED))),(type:RECENTLY_CHANGED_JOBS,values:List((id:RPC,text:Changed%2520jobs,selectionType:INCLUDED))),(type:RELATIONSHIP,values:List((id:O,text:3rd%252B%2520degree%2520connections,selectionType:INCLUDED))),(type:POSTED_ON_LINKEDIN,values:List((id:RPOL,text:Posted%2520on%2520LinkedIn,selectionType:INCLUDED)))))&sessionId=7PDP%2FfqwRIe1fIP96wVAIg%3D%3D&viewAllFilters=true",""
"dffec5b0-7ded-4966-8c6f-54eae48bb22b","500dff99-a502-48f5-84cc-e59cc60b3bf2",2,"pending","INDUSTRY","3",,"","https://www.linkedin.com/sales/search/people?query=(recentSearchParam:(id:5752546450,doLogHistory:true),filters:List((type:INDUSTRY,values:List((id:3,selectionType:INCLUDED))),(type:GEOGRAPHY,values:List((id:102393603,selectionType:INCLUDED))),(type:FOLLOWS_YOUR_COMPANY,values:List((id:CF,text:Following%2520your%2520company,selectionType:INCLUDED))),(type:RECENTLY_CHANGED_JOBS,values:List((id:RPC,text:Changed%2520jobs,selectionType:INCLUDED))),(type:RELATIONSHIP,values:List((id:O,text:3rd%252B%2520degree%2520connections,selectionType:INCLUDED))),(type:POSTED_ON_LINKEDIN,values:List((id:RPOL,text:Posted%2520on%2520LinkedIn,selectionType:INCLUDED)))))&sessionId=7PDP%2FfqwRIe1fIP96wVAIg%3D%3D&viewAllFilters=true",""
"73ee4acc-b896-4492-a013-f9b545762ec2","500dff99-a502-48f5-84cc-e59cc60b3bf2",2,"pending","INDUSTRY","4",,"","https://www.linkedin.com/sales/search/people?query=(recentSearchParam:(id:5752546450,doLogHistory:true),filters:List((type:INDUSTRY,values:List((id:4,selectionType:INCLUDED))),(type:GEOGRAPHY,values:List((id:102393603,selectionType:INCLUDED))),(type:FOLLOWS_YOUR_COMPANY,values:List((id:CF,text:Following%2520your%2520company,selectionType:INCLUDED))),(type:RECENTLY_CHANGED_JOBS,values:List((id:RPC,text:Changed%2520jobs,selectionType:INCLUDED))),(type:RELATIONSHIP,values:List((id:O,text:3rd%252B%2520degree%2520connections,selectionType:INCLUDED))),(type:POSTED_ON_LINKEDIN,values:List((id:RPOL,text:Posted%2520on%2520LinkedIn,selectionType:INCLUDED)))))&sessionId=7PDP%2FfqwRIe1fIP96wVAIg%3D%3D&viewAllFilters=true",""
"f0497a44-37af-47cf-9443-f819f8e31264","500dff99-a502-48f5-84cc-e59cc60b3bf2",2,"pending","INDUSTRY","5",,"","https://www.linkedin.com/sales/search/people?query=(recentSearchParam:(id:5752546450,doLogHistory:true),filters:List((type:INDUSTRY,values:List((id:5,selectionType:INCLUDED))),(type:GEOGRAPHY,values:List((id:102393603,selectionType:INCLUDED))),(type:FOLLOWS_YOUR_COMPANY,values:List((id:CF,text:Following%2520your%2520company,selectionType:INCLUDED))),(type:RECENTLY_CHANGED_JOBS,values:List((id:RPC,text:Changed%2520jobs,selectionType:INCLUDED))),(type:RELATIONSHIP,values:List((id:O,text:3rd%252B%2520degree%2520connections,selectionType:INCLUDED))),(type:POSTED_ON_LINKEDIN,values:List((id:RPOL,text:Posted%2520on%2520LinkedIn,selectionType:INCLUDED)))))&sessionId=7PDP%2FfqwRIe1fIP96wVAIg%3D%3D&viewAllFilters=true",""
"d72e90eb-548b-4982-8711-f542cf9f697d","500dff99-a502-48f5-84cc-e59cc60b3bf2",2,"pending","INDUSTRY","6",,"","https://www.linkedin.com/sales/search/people?query=(recentSearchParam:(id:5752546450,doLogHistory:true),filters:List((type:INDUSTRY,values:List((id:6,selectionType:INCLUDED))),(type:GEOGRAPHY,values:List((id:102393603,selectionType:INCLUDED))),(type:FOLLOWS_YOUR_COMPANY,values:List((id:CF,text:Following%2520your%2520company,selectionType:INCLUDED))),(type:RECENTLY_CHANGED_JOBS,values:List((id:RPC,text:Changed%2520jobs,selectionType:INCLUDED))),(type:RELATIONSHIP,values:List((id:O,text:3rd%252B%2520degree%2520connections,selectionType:INCLUDED))),(type:POSTED_ON_LINKEDIN,values:List((id:RPOL,text:Posted%2520on%2520LinkedIn,selectionType:INCLUDED)))))&sessionId=7PDP%2FfqwRIe1fIP96wVAIg%3D%3D&viewAllFilters=true",""
"2b917b85-ad72-442c-8ec1-7dce72df923b","500dff99-a502-48f5-84cc-e59cc60b3bf2",2,"pending","INDUSTRY","7",,"","https://www.linkedin.com/sales/search/people?query=(recentSearchParam:(id:5752546450,doLogHistory:true),filters:List((type:INDUSTRY,values:List((id:7,selectionType:INCLUDED))),(type:GEOGRAPHY,values:List((id:102393603,selectionType:INCLUDED))),(type:FOLLOWS_YOUR_COMPANY,values:List((id:CF,text:Following%2520your%2520company,selectionType:INCLUDED))),(type:RECENTLY_CHANGED_JOBS,values:List((id:RPC,text:Changed%2520jobs,selectionType:INCLUDED))),(type:RELATIONSHIP,values:List((id:O,text:3rd%252B%2520degree%2520connections,selectionType:INCLUDED))),(type:POSTED_ON_LINKEDIN,values:List((id:RPOL,text:Posted%2520on%2520LinkedIn,selectionType:INCLUDED)))))&sessionId=7PDP%2FfqwRIe1fIP96wVAIg%3D%3D&viewAllFilters=true",""
"0b33109d-e072-4430-8305-aea7d47d9e8a","500dff99-a502-48f5-84cc-e59cc60b3bf2",2,"pending","INDUSTRY","8",,"","https://www.linkedin.com/sales/search/people?query=(recentSearchParam:(id:5752546450,doLogHistory:true),filters:List((type:INDUSTRY,values:List((id:8,selectionType:INCLUDED))),(type:GEOGRAPHY,values:List((id:102393603,selectionType:INCLUDED))),(type:FOLLOWS_YOUR_COMPANY,values:List((id:CF,text:Following%2520your%2520company,selectionType:INCLUDED))),(type:RECENTLY_CHANGED_JOBS,values:List((id:RPC,text:Changed%2520jobs,selectionType:INCLUDED))),(type:RELATIONSHIP,values:List((id:O,text:3rd%252B%2520degree%2520connections,selectionType:INCLUDED))),(type:POSTED_ON_LINKEDIN,values:List((id:RPOL,text:Posted%2520on%2520LinkedIn,selectionType:INCLUDED)))))&sessionId=7PDP%2FfqwRIe1fIP96wVAIg%3D%3D&viewAllFilters=true",""
"f930592b-e026-4a73-88b6-12e4e9306928","500dff99-a502-48f5-84cc-e59cc60b3bf2",2,"pending","INDUSTRY","9",,"","https://www.linkedin.com/sales/search/people?query=(recentSearchParam:(id:5752546450,doLogHistory:true),filters:List((type:INDUSTRY,values:List((id:9,selectionType:INCLUDED))),(type:GEOGRAPHY,values:List((id:102393603,selectionType:INCLUDED))),(type:FOLLOWS_YOUR_COMPANY,values:List((id:CF,text:Following%2520your%2520company,selectionType:INCLUDED))),(type:RECENTLY_CHANGED_JOBS,values:List((id:RPC,text:Changed%2520jobs,selectionType:INCLUDED))),(type:RELATIONSHIP,values:List((id:O,text:3rd%252B%2520degree%2520connections,selectionType:INCLUDED))),(type:POSTED_ON_LINKEDIN,values:List((id:RPOL,text:Posted%2520on%2520LinkedIn,selectionType:INCLUDED)))))&sessionId=7PDP%2FfqwRIe1fIP96wVAIg%3D%3D&viewAllFilters=true",""
"ae05a796-5853-4c64-ac56-2ee917f99cd3","500dff99-a502-48f5-84cc-e59cc60b3bf2",2,"pending","INDUSTRY","10",,"","https://www.linkedin.com/sales/search/people?query=(recentSearchParam:(id:5752546450,doLogHistory:true),filters:List((type:INDUSTRY,values:List((id:10,selectionType:INCLUDED))),(type:GEOGRAPHY,values:List((id:102393603,selectionType:INCLUDED))),(type:FOLLOWS_YOUR_COMPANY,values:List((id:CF,text:Following%2520your%2520company,selectionType:INCLUDED))),(type:RECENTLY_CHANGED_JOBS,values:List((id:RPC,text:Changed%2520jobs,selectionType:INCLUDED))),(type:RELATIONSHIP,values:List((id:O,text:3rd%252B%2520degree%2520connections,selectionType:INCLUDED))),(type:POSTED_ON_LINKEDIN,values:List((id:RPOL,text:Posted%2520on%2520LinkedIn,selectionType:INCLUDED)))))&sessionId=7PDP%2FfqwRIe1fIP96wVAIg%3D%3D&viewAllFilters=true",""
"869444e6-d948-47c0-b74e-99f5e1393208","500dff99-a502-48f5-84cc-e59cc60b3bf2",2,"pending","INDUSTRY","11",,"","https://www.linkedin.com/sales/search/people?query=(recentSearchParam:(id:5752546450,doLogHistory:true),filters:List((type:INDUSTRY,values:List((id:11,selectionType:INCLUDED))),(type:GEOGRAPHY,values:List((id:102393603,selectionType:INCLUDED))),(type:FOLLOWS_YOUR_COMPANY,values:List((id:CF,text:Following%2520your%2520company,selectionType:INCLUDED))),(type:RECENTLY_CHANGED_JOBS,values:List((id:RPC,text:Changed%2520jobs,selectionType:INCLUDED))),(type:RELATIONSHIP,values:List((id:O,text:3rd%252B%2520degree%2520connections,selectionType:INCLUDED))),(type:POSTED_ON_LINKEDIN,values:List((id:RPOL,text:Posted%2520on%2520LinkedIn,selectionType:INCLUDED)))))&sessionId=7PDP%2FfqwRIe1fIP96wVAIg%3D%3D&viewAllFilters=true",""
"8b351d66-118c-4431-8125-315acd540a61","500dff99-a502-48f5-84cc-e59cc60b3bf2",2,"pending","INDUSTRY","12",,"","https://www.linkedin.com/sales/search/people?query=(recentSearchParam:(id:5752546450,doLogHistory:true),filters:List((type:INDUSTRY,values:List((id:12,selectionType:INCLUDED))),(type:GEOGRAPHY,values:List((id:102393603,selectionType:INCLUDED))),(type:FOLLOWS_YOUR_COMPANY,values:List((id:CF,text:Following%2520your%2520company,selectionType:INCLUDED))),(type:RECENTLY_CHANGED_JOBS,values:List((id:RPC,text:Changed%2520jobs,selectionType:INCLUDED))),(type:RELATIONSHIP,values:List((id:O,text:3rd%252B%2520degree%2520connections,selectionType:INCLUDED))),(type:POSTED_ON_LINKEDIN,values:List((id:RPOL,text:Posted%2520on%2520LinkedIn,selectionType:INCLUDED)))))&sessionId=7PDP%2FfqwRIe1fIP96wVAIg%3D%3D&viewAllFilters=true",""
"d5e68186-bdeb-4677-a194-0dbf9d25a956","500dff99-a502-48f5-84cc-e59cc60b3bf2",2,"pending","INDUSTRY","13",,"","https://www.linkedin.com/sales/search/people?query=(recentSearchParam:(id:5752546450,doLogHistory:true),filters:List((type:INDUSTRY,values:List((id:13,selectionType:INCLUDED))),(type:GEOGRAPHY,values:List((id:102393603,selectionType:INCLUDED))),(type:FOLLOWS_YOUR_COMPANY,values:List((id:CF,text:Following%2520your%2520company,selectionType:INCLUDED))),(type:RECENTLY_CHANGED_JOBS,values:List((id:RPC,text:Changed%2520jobs,selectionType:INCLUDED))),(type:RELATIONSHIP,values:List((id:O,text:3rd%252B%2520degree%2520connections,selectionType:INCLUDED))),(type:POSTED_ON_LINKEDIN,values:List((id:RPOL,text:Posted%2520on%2520LinkedIn,selectionType:INCLUDED)))))&sessionId=7PDP%2FfqwRIe1fIP96wVAIg%3D%3D&viewAllFilters=true",""
"936aff25-1d17-4b23-841c-61d976503eb2","500dff99-a502-48f5-84cc-e59cc60b3bf2",2,"pending","INDUSTRY","14",,"","https://www.linkedin.com/sales/search/people?query=(recentSearchParam:(id:5752546450,doLogHistory:true),filters:List((type:INDUSTRY,values:List((id:14,selectionType:INCLUDED))),(type:GEOGRAPHY,values:List((id:102393603,selectionType:INCLUDED))),(type:FOLLOWS_YOUR_COMPANY,values:List((id:CF,text:Following%2520your%2520company,selectionType:INCLUDED))),(type:RECENTLY_CHANGED_JOBS,values:List((id:RPC,text:Changed%2520jobs,selectionType:INCLUDED))),(type:RELATIONSHIP,values:List((id:O,text:3rd%252B%2520degree%2520connections,selectionType:INCLUDED))),(type:POSTED_ON_LINKEDIN,values:List((id:RPOL,text:Posted%2520on%2520LinkedIn,selectionType:INCLUDED)))))&sessionId=7PDP%2FfqwRIe1fIP96wVAIg%3D%3D&viewAllFilters=true",""
"a9dd7d6a-8fa9-4cc5-b95b-1fb9802ebdb5","500dff99-a502-48f5-84cc-e59cc60b3bf2",2,"pending","INDUSTRY","15",,"","https://www.linkedin.com/sales/search/people?query=(recentSearchParam:(id:5752546450,doLogHistory:true),filters:List((type:INDUSTRY,values:List((id:15,selectionType:INCLUDED))),(type:GEOGRAPHY,values:List((id:102393603,selectionType:INCLUDED))),(type:FOLLOWS_YOUR_COMPANY,values:List((id:CF,text:Following%2520your%2520company,selectionType:INCLUDED))),(type:RECENTLY_CHANGED_JOBS,values:List((id:RPC,text:Changed%2520jobs,selectionType:INCLUDED))),(type:RELATIONSHIP,values:List((id:O,text:3rd%252B%2520degree%2520connections,selectionType:INCLUDED))),(type:POSTED_ON_LINKEDIN,values:List((id:RPOL,text:Posted%2520on%2520LinkedIn,selectionType:INCLUDED)))))&sessionId=7PDP%2FfqwRIe1fIP96wVAIg%3D%3D&viewAllFilters=true",""
"84989d7f-2b1e-4d7b-85db-824ea4545d35","500dff99-a502-48f5-84cc-e59cc60b3bf2",2,"pending","INDUSTRY","16",,"","https://www.linkedin.com/sales/search/people?query=(recentSearchParam:(id:5752546450,doLogHistory:true),filters:List((type:INDUSTRY,values:List((id:16,selectionType:INCLUDED))),(type:GEOGRAPHY,values:List((id:102393603,selectionType:INCLUDED))),(type:FOLLOWS_YOUR_COMPANY,values:List((id:CF,text:Following%2520your%2520company,selectionType:INCLUDED))),(type:RECENTLY_CHANGED_JOBS,values:List((id:RPC,text:Changed%2520jobs,selectionType:INCLUDED))),(type:RELATIONSHIP,values:List((id:O,text:3rd%252B%2520degree%2520connections,selectionType:INCLUDED))),(type:POSTED_ON_LINKEDIN,values:List((id:RPOL,text:Posted%2520on%2520LinkedIn,selectionType:INCLUDED)))))&sessionId=7PDP%2FfqwRIe1fIP96wVAIg%3D%3D&viewAllFilters=true",""
"53aa74d5-0635-4770-8b16-48e80a28fd95","500dff99-a502-48f5-84cc-e59cc60b3bf2",2,"pending","INDUSTRY","17",,"","https://www.linkedin.com/sales/search/people?query=(recentSearchParam:(id:5752546450,doLogHistory:true),filters:List((type:INDUSTRY,values:List((id:17,selectionType:INCLUDED))),(type:GEOGRAPHY,values:List((id:102393603,selectionType:INCLUDED))),(type:FOLLOWS_YOUR_COMPANY,values:List((id:CF,text:Following%2520your%2520company,selectionType:INCLUDED))),(type:RECENTLY_CHANGED_JOBS,values:List((id:RPC,text:Changed%2520jobs,selectionType:INCLUDED))),(type:RELATIONSHIP,values:List((id:O,text:3rd%252B%2520degree%2520connections,selectionType:INCLUDED))),(type:POSTED_ON_LINKEDIN,values:List((id:RPOL,text:Posted%2520on%2520LinkedIn,selectionType:INCLUDED)))))&sessionId=7PDP%2FfqwRIe1fIP96wVAIg%3D%3D&viewAllFilters=true",""
"2a0e8da9-b993-4960-985c-ff7bc74a38c4","500dff99-a502-48f5-84cc-e59cc60b3bf2",2,"pending","INDUSTRY","18",,"","https://www.linkedin.com/sales/search/people?query=(recentSearchParam:(id:5752546450,doLogHistory:true),filters:List((type:INDUSTRY,values:List((id:18,selectionType:INCLUDED))),(type:GEOGRAPHY,values:List((id:102393603,selectionType:INCLUDED))),(type:FOLLOWS_YOUR_COMPANY,values:List((id:CF,text:Following%2520your%2520company,selectionType:INCLUDED))),(type:RECENTLY_CHANGED_JOBS,values:List((id:RPC,text:Changed%2520jobs,selectionType:INCLUDED))),(type:RELATIONSHIP,values:List((id:O,text:3rd%252B%2520degree%2520connections,selectionType:INCLUDED))),(type:POSTED_ON_LINKEDIN,values:List((id:RPOL,text:Posted%2520on%2520LinkedIn,selectionType:INCLUDED)))))&sessionId=7PDP%2FfqwRIe1fIP96wVAIg%3D%3D&viewAllFilters=true",""
"ed764257-451c-4551-8a44-f273cd3ab384","500dff99-a502-48f5-84cc-e59cc60b3bf2",2,"pending","INDUSTRY","19",,"","https://www.linkedin.com/sales/search/people?query=(recentSearchParam:(id:5752546450,doLogHistory:true),filters:List((type:INDUSTRY,values:List((id:19,selectionType:INCLUDED))),(type:GEOGRAPHY,values:List((id:102393603,selectionType:INCLUDED))),(type:FOLLOWS_YOUR_COMPANY,values:List((id:CF,text:Following%2520your%2520company,selectionType:INCLUDED))),(type:RECENTLY_CHANGED_JOBS,values:List((id:RPC,text:Changed%2520jobs,selectionType:INCLUDED))),(type:RELATIONSHIP,values:List((id:O,text:3rd%252B%2520degree%2520connections,selectionType:INCLUDED))),(type:POSTED_ON_LINKEDIN,values:List((id:RPOL,text:Posted%2520on%2520LinkedIn,selectionType:INCLUDED)))))&sessionId=7PDP%2FfqwRIe1fIP96wVAIg%3D%3D&viewAllFilters=true",""
"d1ab3e00-4dd4-4bd2-a7eb-dd1636b63da4","500dff99-a502-48f5-84cc-e59cc60b3bf2",2,"pending","INDUSTRY","20",,"","https://www.linkedin.com/sales/search/people?query=(recentSearchParam:(id:5752546450,doLogHistory:true),filters:List((type:INDUSTRY,values:List((id:20,selectionType:INCLUDED))),(type:GEOGRAPHY,values:List((id:102393603,selectionType:INCLUDED))),(type:FOLLOWS_YOUR_COMPANY,values:List((id:CF,text:Following%2520your%2520company,selectionType:INCLUDED))),(type:RECENTLY_CHANGED_JOBS,values:List((id:RPC,text:Changed%2520jobs,selectionType:INCLUDED))),(type:RELATIONSHIP,values:List((id:O,text:3rd%252B%2520degree%2520connections,selectionType:INCLUDED))),(type:POSTED_ON_LINKEDIN,values:List((id:RPOL,text:Posted%2520on%2520LinkedIn,selectionType:INCLUDED)))))&sessionId=7PDP%2FfqwRIe1fIP96wVAIg%3D%3D&viewAllFilters=true",""
"7e7be6b4-22a5-4165-b782-4d8b766fb77b","500dff99-a502-48f5-84cc-e59cc60b3bf2",2,"pending","INDUSTRY","21",,"","https://www.linkedin.com/sales/search/people?query=(recentSearchParam:(id:5752546450,doLogHistory:true),filters:List((type:INDUSTRY,values:List((id:21,selectionType:INCLUDED))),(type:GEOGRAPHY,values:List((id:102393603,selectionType:INCLUDED))),(type:FOLLOWS_YOUR_COMPANY,values:List((id:CF,text:Following%2520your%2520company,selectionType:INCLUDED))),(type:RECENTLY_CHANGED_JOBS,values:List((id:RPC,text:Changed%2520jobs,selectionType:INCLUDED))),(type:RELATIONSHIP,values:List((id:O,text:3rd%252B%2520degree%2520connections,selectionType:INCLUDED))),(type:POSTED_ON_LINKEDIN,values:List((id:RPOL,text:Posted%2520on%2520LinkedIn,selectionType:INCLUDED)))))&sessionId=7PDP%2FfqwRIe1fIP96wVAIg%3D%3D&viewAllFilters=true",""
"f66519c8-58f3-4bc2-a583-2b54dcebc205","500dff99-a502-48f5-84cc-e59cc60b3bf2",2,"pending","INDUSTRY","22",,"","https://www.linkedin.com/sales/search/people?query=(recentSearchParam:(id:5752546450,doLogHistory:true),filters:List((type:INDUSTRY,values:List((id:22,selectionType:INCLUDED))),(type:GEOGRAPHY,values:List((id:102393603,selectionType:INCLUDED))),(type:FOLLOWS_YOUR_COMPANY,values:List((id:CF,text:Following%2520your%2520company,selectionType:INCLUDED))),(type:RECENTLY_CHANGED_JOBS,values:List((id:RPC,text:Changed%2520jobs,selectionType:INCLUDED))),(type:RELATIONSHIP,values:List((id:O,text:3rd%252B%2520degree%2520connections,selectionType:INCLUDED))),(type:POSTED_ON_LINKEDIN,values:List((id:RPOL,text:Posted%2520on%2520LinkedIn,selectionType:INCLUDED)))))&sessionId=7PDP%2FfqwRIe1fIP96wVAIg%3D%3D&viewAllFilters=true",""
"4bcb3442-4e64-421c-9d25-ebb9ea314f9a","500dff99-a502-48f5-84cc-e59cc60b3bf2",2,"pending","INDUSTRY","23",,"","https://www.linkedin.com/sales/search/people?query=(recentSearchParam:(id:5752546450,doLogHistory:true),filters:List((type:INDUSTRY,values:List((id:23,selectionType:INCLUDED))),(type:GEOGRAPHY,values:List((id:102393603,selectionType:INCLUDED))),(type:FOLLOWS_YOUR_COMPANY,values:List((id:CF,text:Following%2520your%2520company,selectionType:INCLUDED))),(type:RECENTLY_CHANGED_JOBS,values:List((id:RPC,text:Changed%2520jobs,selectionType:INCLUDED))),(type:RELATIONSHIP,values:List((id:O,text:3rd%252B%2520degree%2520connections,selectionType:INCLUDED))),(type:POSTED_ON_LINKEDIN,values:List((id:RPOL,text:Posted%2520on%2520LinkedIn,selectionType:INCLUDED)))))&sessionId=7PDP%2FfqwRIe1fIP96wVAIg%3D%3D&viewAllFilters=true",""
"0fb8987f-1e80-4735-a112-221a036d0aa0","500dff99-a502-48f5-84cc-e59cc60b3bf2",2,"pending","INDUSTRY","24",,"","https://www.linkedin.com/sales/search/people?query=(recentSearchParam:(id:5752546450,doLogHistory:true),filters:List((type:INDUSTRY,values:List((id:24,selectionType:INCLUDED))),(type:GEOGRAPHY,values:List((id:102393603,selectionType:INCLUDED))),(type:FOLLOWS_YOUR_COMPANY,values:List((id:CF,text:Following%2520your%2520company,selectionType:INCLUDED))),(type:RECENTLY_CHANGED_JOBS,values:List((id:RPC,text:Changed%2520jobs,selectionType:INCLUDED))),(type:RELATIONSHIP,values:List((id:O,text:3rd%252B%2520degree%2520connections,selectionType:INCLUDED))),(type:POSTED_ON_LINKEDIN,values:List((id:RPOL,text:Posted%2520on%2520LinkedIn,selectionType:INCLUDED)))))&sessionId=7PDP%2FfqwRIe1fIP96wVAIg%3D%3D&viewAllFilters=true",""
"3111fc43-2575-4d87-900c-3f3785d68303","500dff99-a502-48f5-84cc-e59cc60b3bf2",2,"pending","INDUSTRY","25",,"","https://www.linkedin.com/sales/search/people?query=(recentSearchParam:(id:5752546450,doLogHistory:true),filters:List((type:INDUSTRY,values:List((id:25,selectionType:INCLUDED))),(type:GEOGRAPHY,values:List((id:102393603,selectionType:INCLUDED))),(type:FOLLOWS_YOUR_COMPANY,values:List((id:CF,text:Following%2520your%2520company,selectionType:INCLUDED))),(type:RECENTLY_CHANGED_JOBS,values:List((id:RPC,text:Changed%2520jobs,selectionType:INCLUDED))),(type:RELATIONSHIP,values:List((id:O,text:3rd%252B%2520degree%2520connections,selectionType:INCLUDED))),(type:POSTED_ON_LINKEDIN,values:List((id:RPOL,text:Posted%2520on%2520LinkedIn,selectionType:INCLUDED)))))&sessionId=7PDP%2FfqwRIe1fIP96wVAIg%3D%3D&viewAllFilters=true",""
"2b214c16-26fb-44ed-a456-688fb5d7935e","500dff99-a502-48f5-84cc-e59cc60b3bf2",2,"pending","INDUSTRY","26",,"","https://www.linkedin.com/sales/search/people?query=(recentSearchParam:(id:5752546450,doLogHistory:true),filters:List((type:INDUSTRY,values:List((id:26,selectionType:INCLUDED))),(type:GEOGRAPHY,values:List((id:102393603,selectionType:INCLUDED))),(type:FOLLOWS_YOUR_COMPANY,values:List((id:CF,text:Following%2520your%2520company,selectionType:INCLUDED))),(type:RECENTLY_CHANGED_JOBS,values:List((id:RPC,text:Changed%2520jobs,selectionType:INCLUDED))),(type:RELATIONSHIP,values:List((id:O,text:3rd%252B%2520degree%2520connections,selectionType:INCLUDED))),(type:POSTED_ON_LINKEDIN,values:List((id:RPOL,text:Posted%2520on%2520LinkedIn,selectionType:INCLUDED)))))&sessionId=7PDP%2FfqwRIe1fIP96wVAIg%3D%3D&viewAllFilters=true",""
"84927e03-a1d5-4a7f-bc0b-69b2097e0229","500dff99-a502-48f5-84cc-e59cc60b3bf2",2,"pending","INDUSTRY","27",,"","https://www.linkedin.com/sales/search/people?query=(recentSearchParam:(id:5752546450,doLogHistory:true),filters:List((type:INDUSTRY,values:List((id:27,selectionType:INCLUDED))),(type:GEOGRAPHY,values:List((id:102393603,selectionType:INCLUDED))),(type:FOLLOWS_YOUR_COMPANY,values:List((id:CF,text:Following%2520your%2520company,selectionType:INCLUDED))),(type:RECENTLY_CHANGED_JOBS,values:List((id:RPC,text:Changed%2520jobs,selectionType:INCLUDED))),(type:RELATIONSHIP,values:List((id:O,text:3rd%252B%2520degree%2520connections,selectionType:INCLUDED))),(type:POSTED_ON_LINKEDIN,values:List((id:RPOL,text:Posted%2520on%2520LinkedIn,selectionType:INCLUDED)))))&sessionId=7PDP%2FfqwRIe1fIP96wVAIg%3D%3D&viewAllFilters=true",""
"19524f01-0f12-4536-9a4d-5528761d7109","500dff99-a502-48f5-84cc-e59cc60b3bf2",2,"pending","INDUSTRY","28",,"","https://www.linkedin.com/sales/search/people?query=(recentSearchParam:(id:5752546450,doLogHistory:true),filters:List((type:INDUSTRY,values:List((id:28,selectionType:INCLUDED))),(type:GEOGRAPHY,values:List((id:102393603,selectionType:INCLUDED))),(type:FOLLOWS_YOUR_COMPANY,values:List((id:CF,text:Following%2520your%2520company,selectionType:INCLUDED))),(type:RECENTLY_CHANGED_JOBS,values:List((id:RPC,text:Changed%2520jobs,selectionType:INCLUDED))),(type:RELATIONSHIP,values:List((id:O,text:3rd%252B%2520degree%2520connections,selectionType:INCLUDED))),(type:POSTED_ON_LINKEDIN,values:List((id:RPOL,text:Posted%2520on%2520LinkedIn,selectionType:INCLUDED)))))&sessionId=7PDP%2FfqwRIe1fIP96wVAIg%3D%3D&viewAllFilters=true",""
"0d1af73b-87bc-4f08-856e-3da569c433fa","500dff99-a502-48f5-84cc-e59cc60b3bf2",2,"pending","INDUSTRY","29",,"","https://www.linkedin.com/sales/search/people?query=(recentSearchParam:(id:5752546450,doLogHistory:true),filters:List((type:INDUSTRY,values:List((id:29,selectionType:INCLUDED))),(type:GEOGRAPHY,values:List((id:102393603,selectionType:INCLUDED))),(type:FOLLOWS_YOUR_COMPANY,values:List((id:CF,text:Following%2520your%2520company,selectionType:INCLUDED))),(type:RECENTLY_CHANGED_JOBS,values:List((id:RPC,text:Changed%2520jobs,selectionType:INCLUDED))),(type:RELATIONSHIP,values:List((id:O,text:3rd%252B%2520degree%2520connections,selectionType:INCLUDED))),(type:POSTED_ON_LINKEDIN,values:List((id:RPOL,text:Posted%2520on%2520LinkedIn,selectionType:INCLUDED)))))&sessionId=7PDP%2FfqwRIe1fIP96wVAIg%3D%3D&viewAllFilters=true",""
"17cbeb85-aa84-4514-8399-d41023558d89","500dff99-a502-48f5-84cc-e59cc60b3bf2",2,"pending","INDUSTRY","30",,"","https://www.linkedin.com/sales/search/people?query=(recentSearchParam:(id:5752546450,doLogHistory:true),filters:List((type:INDUSTRY,values:List((id:30,selectionType:INCLUDED))),(type:GEOGRAPHY,values:List((id:102393603,selectionType:INCLUDED))),(type:FOLLOWS_YOUR_COMPANY,values:List((id:CF,text:Following%2520your%2520company,selectionType:INCLUDED))),(type:RECENTLY_CHANGED_JOBS,values:List((id:RPC,text:Changed%2520jobs,selectionType:INCLUDED))),(type:RELATIONSHIP,values:List((id:O,text:3rd%252B%2520degree%2520connections,selectionType:INCLUDED))),(type:POSTED_ON_LINKEDIN,values:List((id:RPOL,text:Posted%2520on%2520LinkedIn,selectionType:INCLUDED)))))&sessionId=7PDP%2FfqwRIe1fIP96wVAIg%3D%3D&viewAllFilters=true",""
"b4cce61a-5cf1-4d71-9dd4-e8e97f708b7e","500dff99-a502-48f5-84cc-e59cc60b3bf2",2,"pending","INDUSTRY","31",,"","https://www.linkedin.com/sales/search/people?query=(recentSearchParam:(id:5752546450,doLogHistory:true),filters:List((type:INDUSTRY,values:List((id:31,selectionType:INCLUDED))),(type:GEOGRAPHY,values:List((id:102393603,selectionType:INCLUDED))),(type:FOLLOWS_YOUR_COMPANY,values:List((id:CF,text:Following%2520your%2520company,selectionType:INCLUDED))),(type:RECENTLY_CHANGED_JOBS,values:List((id:RPC,text:Changed%2520jobs,selectionType:INCLUDED))),(type:RELATIONSHIP,values:List((id:O,text:3rd%252B%2520degree%2520connections,selectionType:INCLUDED))),(type:POSTED_ON_LINKEDIN,values:List((id:RPOL,text:Posted%2520on%2520LinkedIn,selectionType:INCLUDED)))))&sessionId=7PDP%2FfqwRIe1fIP96wVAIg%3D%3D&viewAllFilters=true",""
"5dedfd44-9886-4d48-b5c1-7a6b717ed4f9","500dff99-a502-48f5-84cc-e59cc60b3bf2",2,"pending","INDUSTRY","32",,"","https://www.linkedin.com/sales/search/people?query=(recentSearchParam:(id:5752546450,doLogHistory:true),filters:List((type:INDUSTRY,values:List((id:32,selectionType:INCLUDED))),(type:GEOGRAPHY,values:List((id:102393603,selectionType:INCLUDED))),(type:FOLLOWS_YOUR_COMPANY,values:List((id:CF,text:Following%2520your%2520company,selectionType:INCLUDED))),(type:RECENTLY_CHANGED_JOBS,values:List((id:RPC,text:Changed%2520jobs,selectionType:INCLUDED))),(type:RELATIONSHIP,values:List((id:O,text:3rd%252B%2520degree%2520connections,selectionType:INCLUDED))),(type:POSTED_ON_LINKEDIN,values:List((id:RPOL,text:Posted%2520on%2520LinkedIn,selectionType:INCLUDED)))))&sessionId=7PDP%2FfqwRIe1fIP96wVAIg%3D%3D&viewAllFilters=true",""
"5a4fbc23-a51d-4bee-921f-1089751623fe","500dff99-a502-48f5-84cc-e59cc60b3bf2",2,"pending","INDUSTRY","33",,"","https://www.linkedin.com/sales/search/people?query=(recentSearchParam:(id:5752546450,doLogHistory:true),filters:List((type:INDUSTRY,values:List((id:33,selectionType:INCLUDED))),(type:GEOGRAPHY,values:List((id:102393603,selectionType:INCLUDED))),(type:FOLLOWS_YOUR_COMPANY,values:List((id:CF,text:Following%2520your%2520company,selectionType:INCLUDED))),(type:RECENTLY_CHANGED_JOBS,values:List((id:RPC,text:Changed%2520jobs,selectionType:INCLUDED))),(type:RELATIONSHIP,values:List((id:O,text:3rd%252B%2520degree%2520connections,selectionType:INCLUDED))),(type:POSTED_ON_LINKEDIN,values:List((id:RPOL,text:Posted%2520on%2520LinkedIn,selectionType:INCLUDED)))))&sessionId=7PDP%2FfqwRIe1fIP96wVAIg%3D%3D&viewAllFilters=true",""
"58121e7b-0f9d-49d9-8120-7949632be66b","500dff99-a502-48f5-84cc-e59cc60b3bf2",2,"pending","INDUSTRY","34",,"","https://www.linkedin.com/sales/search/people?query=(recentSearchParam:(id:5752546450,doLogHistory:true),filters:List((type:INDUSTRY,values:List((id:34,selectionType:INCLUDED))),(type:GEOGRAPHY,values:List((id:102393603,selectionType:INCLUDED))),(type:FOLLOWS_YOUR_COMPANY,values:List((id:CF,text:Following%2520your%2520company,selectionType:INCLUDED))),(type:RECENTLY_CHANGED_JOBS,values:List((id:RPC,text:Changed%2520jobs,selectionType:INCLUDED))),(type:RELATIONSHIP,values:List((id:O,text:3rd%252B%2520degree%2520connections,selectionType:INCLUDED))),(type:POSTED_ON_LINKEDIN,values:List((id:RPOL,text:Posted%2520on%2520LinkedIn,selectionType:INCLUDED)))))&sessionId=7PDP%2FfqwRIe1fIP96wVAIg%3D%3D&viewAllFilters=true",""
"f04b5214-d9cd-4015-9db9-de3675121f1e","500dff99-a502-48f5-84cc-e59cc60b3bf2",2,"pending","INDUSTRY","35",,"","https://www.linkedin.com/sales/search/people?query=(recentSearchParam:(id:5752546450,doLogHistory:true),filters:List((type:INDUSTRY,values:List((id:35,selectionType:INCLUDED))),(type:GEOGRAPHY,values:List((id:102393603,selectionType:INCLUDED))),(type:FOLLOWS_YOUR_COMPANY,values:List((id:CF,text:Following%2520your%2520company,selectionType:INCLUDED))),(type:RECENTLY_CHANGED_JOBS,values:List((id:RPC,text:Changed%2520jobs,selectionType:INCLUDED))),(type:RELATIONSHIP,values:List((id:O,text:3rd%252B%2520degree%2520connections,selectionType:INCLUDED))),(type:POSTED_ON_LINKEDIN,values:List((id:RPOL,text:Posted%2520on%2520LinkedIn,selectionType:INCLUDED)))))&sessionId=7PDP%2FfqwRIe1fIP96wVAIg%3D%3D&viewAllFilters=true",""
"1c97d52e-eaf0-486d-9ecc-199fff58d117","500dff99-a502-48f5-84cc-e59cc60b3bf2",2,"pending","INDUSTRY","36",,"","https://www.linkedin.com/sales/search/people?query=(recentSearchParam:(id:5752546450,doLogHistory:true),filters:List((type:INDUSTRY,values:List((id:36,selectionType:INCLUDED))),(type:GEOGRAPHY,values:List((id:102393603,selectionType:INCLUDED))),(type:FOLLOWS_YOUR_COMPANY,values:List((id:CF,text:Following%2520your%2520company,selectionType:INCLUDED))),(type:RECENTLY_CHANGED_JOBS,values:List((id:RPC,text:Changed%2520jobs,selectionType:INCLUDED))),(type:RELATIONSHIP,values:List((id:O,text:3rd%252B%2520degree%2520connections,selectionType:INCLUDED))),(type:POSTED_ON_LINKEDIN,values:List((id:RPOL,text:Posted%2520on%2520LinkedIn,selectionType:INCLUDED)))))&sessionId=7PDP%2FfqwRIe1fIP96wVAIg%3D%3D&viewAllFilters=true",""
"e9b36471-d2a0-41e9-b600-11ea1133abcb","500dff99-a502-48f5-84cc-e59cc60b3bf2",2,"pending","INDUSTRY","37",,"","https://www.linkedin.com/sales/search/people?query=(recentSearchParam:(id:5752546450,doLogHistory:true),filters:List((type:INDUSTRY,values:List((id:37,selectionType:INCLUDED))),(type:GEOGRAPHY,values:List((id:102393603,selectionType:INCLUDED))),(type:FOLLOWS_YOUR_COMPANY,values:List((id:CF,text:Following%2520your%2520company,selectionType:INCLUDED))),(type:RECENTLY_CHANGED_JOBS,values:List((id:RPC,text:Changed%2520jobs,selectionType:INCLUDED))),(type:RELATIONSHIP,values:List((id:O,text:3rd%252B%2520degree%2520connections,selectionType:INCLUDED))),(type:POSTED_ON_LINKEDIN,values:List((id:RPOL,text:Posted%2520on%2520LinkedIn,selectionType:INCLUDED)))))&sessionId=7PDP%2FfqwRIe1fIP96wVAIg%3D%3D&viewAllFilters=true",""
"1b235e87-6668-4169-902d-47a7e591fbc8","500dff99-a502-48f5-84cc-e59cc60b3bf2",2,"pending","INDUSTRY","38",,"","https://www.linkedin.com/sales/search/people?query=(recentSearchParam:(id:5752546450,doLogHistory:true),filters:List((type:INDUSTRY,values:List((id:38,selectionType:INCLUDED))),(type:GEOGRAPHY,values:List((id:102393603,selectionType:INCLUDED))),(type:FOLLOWS_YOUR_COMPANY,values:List((id:CF,text:Following%2520your%2520company,selectionType:INCLUDED))),(type:RECENTLY_CHANGED_JOBS,values:List((id:RPC,text:Changed%2520jobs,selectionType:INCLUDED))),(type:RELATIONSHIP,values:List((id:O,text:3rd%252B%2520degree%2520connections,selectionType:INCLUDED))),(type:POSTED_ON_LINKEDIN,values:List((id:RPOL,text:Posted%2520on%2520LinkedIn,selectionType:INCLUDED)))))&sessionId=7PDP%2FfqwRIe1fIP96wVAIg%3D%3D&viewAllFilters=true",""
"b61cfbf5-e7af-4f47-8072-e5b03a5812b9","500dff99-a502-48f5-84cc-e59cc60b3bf2",2,"pending","INDUSTRY","39",,"","https://www.linkedin.com/sales/search/people?query=(recentSearchParam:(id:5752546450,doLogHistory:true),filters:List((type:INDUSTRY,values:List((id:39,selectionType:INCLUDED))),(type:GEOGRAPHY,values:List((id:102393603,selectionType:INCLUDED))),(type:FOLLOWS_YOUR_COMPANY,values:List((id:CF,text:Following%2520your%2520company,selectionType:INCLUDED))),(type:RECENTLY_CHANGED_JOBS,values:List((id:RPC,text:Changed%2520jobs,selectionType:INCLUDED))),(type:RELATIONSHIP,values:List((id:O,text:3rd%252B%2520degree%2520connections,selectionType:INCLUDED))),(type:POSTED_ON_LINKEDIN,values:List((id:RPOL,text:Posted%2520on%2520LinkedIn,selectionType:INCLUDED)))))&sessionId=7PDP%2FfqwRIe1fIP96wVAIg%3D%3D&viewAllFilters=true",""
"2a95273c-edd7-4ba5-b565-7cbbbe7cc5e4","500dff99-a502-48f5-84cc-e59cc60b3bf2",2,"pending","INDUSTRY","40",,"","https://www.linkedin.com/sales/search/people?query=(recentSearchParam:(id:5752546450,doLogHistory:true),filters:List((type:INDUSTRY,values:List((id:40,selectionType:INCLUDED))),(type:GEOGRAPHY,values:List((id:102393603,selectionType:INCLUDED))),(type:FOLLOWS_YOUR_COMPANY,values:List((id:CF,text:Following%2520your%2520company,selectionType:INCLUDED))),(type:RECENTLY_CHANGED_JOBS,values:List((id:RPC,text:Changed%2520jobs,selectionType:INCLUDED))),(type:RELATIONSHIP,values:List((id:O,text:3rd%252B%2520degree%2520connections,selectionType:INCLUDED))),(type:POSTED_ON_LINKEDIN,values:List((id:RPOL,text:Posted%2520on%2520LinkedIn,selectionType:INCLUDED)))))&sessionId=7PDP%2FfqwRIe1fIP96wVAIg%3D%3D&viewAllFilters=true",""
"a6719f9b-334f-4921-a657-6671fd8debaf","500dff99-a502-48f5-84cc-e59cc60b3bf2",2,"pending","INDUSTRY","41",,"","https://www.linkedin.com/sales/search/people?query=(recentSearchParam:(id:5752546450,doLogHistory:true),filters:List((type:INDUSTRY,values:List((id:41,selectionType:INCLUDED))),(type:GEOGRAPHY,values:List((id:102393603,selectionType:INCLUDED))),(type:FOLLOWS_YOUR_COMPANY,values:List((id:CF,text:Following%2520your%2520company,selectionType:INCLUDED))),(type:RECENTLY_CHANGED_JOBS,values:List((id:RPC,text:Changed%2520jobs,selectionType:INCLUDED))),(type:RELATIONSHIP,values:List((id:O,text:3rd%252B%2520degree%2520connections,selectionType:INCLUDED))),(type:POSTED_ON_LINKEDIN,values:List((id:RPOL,text:Posted%2520on%2520LinkedIn,selectionType:INCLUDED)))))&sessionId=7PDP%2FfqwRIe1fIP96wVAIg%3D%3D&viewAllFilters=true",""
"0d45c57f-4c6f-439a-bd31-d9d4f4348ebb","500dff99-a502-48f5-84cc-e59cc60b3bf2",2,"pending","INDUSTRY","42",,"","https://www.linkedin.com/sales/search/people?query=(recentSearchParam:(id:5752546450,doLogHistory:true),filters:List((type:INDUSTRY,values:List((id:42,selectionType:INCLUDED))),(type:GEOGRAPHY,values:List((id:102393603,selectionType:INCLUDED))),(type:FOLLOWS_YOUR_COMPANY,values:List((id:CF,text:Following%2520your%2520company,selectionType:INCLUDED))),(type:RECENTLY_CHANGED_JOBS,values:List((id:RPC,text:Changed%2520jobs,selectionType:INCLUDED))),(type:RELATIONSHIP,values:List((id:O,text:3rd%252B%2520degree%2520connections,selectionType:INCLUDED))),(type:POSTED_ON_LINKEDIN,values:List((id:RPOL,text:Posted%2520on%2520LinkedIn,selectionType:INCLUDED)))))&sessionId=7PDP%2FfqwRIe1fIP96wVAIg%3D%3D&viewAllFilters=true",""
"abfc4881-20c1-4cb7-a2f8-92463069908f","500dff99-a502-48f5-84cc-e59cc60b3bf2",2,"pending","INDUSTRY","43",,"","https://www.linkedin.com/sales/search/people?query=(recentSearchParam:(id:5752546450,doLogHistory:true),filters:List((type:INDUSTRY,values:List((id:43,selectionType:INCLUDED))),(type:GEOGRAPHY,values:List((id:102393603,selectionType:INCLUDED))),(type:FOLLOWS_YOUR_COMPANY,values:List((id:CF,text:Following%2520your%2520company,selectionType:INCLUDED))),(type:RECENTLY_CHANGED_JOBS,values:List((id:RPC,text:Changed%2520jobs,selectionType:INCLUDED))),(type:RELATIONSHIP,values:List((id:O,text:3rd%252B%2520degree%2520connections,selectionType:INCLUDED))),(type:POSTED_ON_LINKEDIN,values:List((id:RPOL,text:Posted%2520on%2520LinkedIn,selectionType:INCLUDED)))))&sessionId=7PDP%2FfqwRIe1fIP96wVAIg%3D%3D&viewAllFilters=true",""
"63756563-adc2-4e36-9721-6c467c68fb4a","500dff99-a502-48f5-84cc-e59cc60b3bf2",2,"pending","INDUSTRY","44",,"","https://www.linkedin.com/sales/search/people?query=(recentSearchParam:(id:5752546450,doLogHistory:true),filters:List((type:INDUSTRY,values:List((id:44,selectionType:INCLUDED))),(type:GEOGRAPHY,values:List((id:102393603,selectionType:INCLUDED))),(type:FOLLOWS_YOUR_COMPANY,values:List((id:CF,text:Following%2520your%2520company,selectionType:INCLUDED))),(type:RECENTLY_CHANGED_JOBS,values:List((id:RPC,text:Changed%2520jobs,selectionType:INCLUDED))),(type:RELATIONSHIP,values:List((id:O,text:3rd%252B%2520degree%2520connections,selectionType:INCLUDED))),(type:POSTED_ON_LINKEDIN,values:List((id:RPOL,text:Posted%2520on%2520LinkedIn,selectionType:INCLUDED)))))&sessionId=7PDP%2FfqwRIe1fIP96wVAIg%3D%3D&viewAllFilters=true",""
"3a29dc0c-9f18-4fe5-8e5b-761a03818af2","500dff99-a502-48f5-84cc-e59cc60b3bf2",2,"pending","INDUSTRY","45",,"","https://www.linkedin.com/sales/search/people?query=(recentSearchParam:(id:5752546450,doLogHistory:true),filters:List((type:INDUSTRY,values:List((id:45,selectionType:INCLUDED))),(type:GEOGRAPHY,values:List((id:102393603,selectionType:INCLUDED))),(type:FOLLOWS_YOUR_COMPANY,values:List((id:CF,text:Following%2520your%2520company,selectionType:INCLUDED))),(type:RECENTLY_CHANGED_JOBS,values:List((id:RPC,text:Changed%2520jobs,selectionType:INCLUDED))),(type:RELATIONSHIP,values:List((id:O,text:3rd%252B%2520degree%2520connections,selectionType:INCLUDED))),(type:POSTED_ON_LINKEDIN,values:List((id:RPOL,text:Posted%2520on%2520LinkedIn,selectionType:INCLUDED)))))&sessionId=7PDP%2FfqwRIe1fIP96wVAIg%3D%3D&viewAllFilters=true",""
"95be87da-142c-4e6d-98c6-2b10c6ecd9b1","500dff99-a502-48f5-84cc-e59cc60b3bf2",2,"pending","INDUSTRY","46",,"","https://www.linkedin.com/sales/search/people?query=(recentSearchParam:(id:5752546450,doLogHistory:true),filters:List((type:INDUSTRY,values:List((id:46,selectionType:INCLUDED))),(type:GEOGRAPHY,values:List((id:102393603,selectionType:INCLUDED))),(type:FOLLOWS_YOUR_COMPANY,values:List((id:CF,text:Following%2520your%2520company,selectionType:INCLUDED))),(type:RECENTLY_CHANGED_JOBS,values:List((id:RPC,text:Changed%2520jobs,selectionType:INCLUDED))),(type:RELATIONSHIP,values:List((id:O,text:3rd%252B%2520degree%2520connections,selectionType:INCLUDED))),(type:POSTED_ON_LINKEDIN,values:List((id:RPOL,text:Posted%2520on%2520LinkedIn,selectionType:INCLUDED)))))&sessionId=7PDP%2FfqwRIe1fIP96wVAIg%3D%3D&viewAllFilters=true",""
"7cef82ed-5843-49a5-b68f-640037d1ca6d","500dff99-a502-48f5-84cc-e59cc60b3bf2",2,"pending","INDUSTRY","47",,"","https://www.linkedin.com/sales/search/people?query=(recentSearchParam:(id:5752546450,doLogHistory:true),filters:List((type:INDUSTRY,values:List((id:47,selectionType:INCLUDED))),(type:GEOGRAPHY,values:List((id:102393603,selectionType:INCLUDED))),(type:FOLLOWS_YOUR_COMPANY,values:List((id:CF,text:Following%2520your%2520company,selectionType:INCLUDED))),(type:RECENTLY_CHANGED_JOBS,values:List((id:RPC,text:Changed%2520jobs,selectionType:INCLUDED))),(type:RELATIONSHIP,values:List((id:O,text:3rd%252B%2520degree%2520connections,selectionType:INCLUDED))),(type:POSTED_ON_LINKEDIN,values:List((id:RPOL,text:Posted%2520on%2520LinkedIn,selectionType:INCLUDED)))))&sessionId=7PDP%2FfqwRIe1fIP96wVAIg%3D%3D&viewAllFilters=true",""
"37a480cf-f69d-495b-9576-cc13c8f32a47","500dff99-a502-48f5-84cc-e59cc60b3bf2",2,"pending","INDUSTRY","48",,"","https://www.linkedin.com/sales/search/people?query=(recentSearchParam:(id:5752546450,doLogHistory:true),filters:List((type:INDUSTRY,values:List((id:48,selectionType:INCLUDED))),(type:GEOGRAPHY,values:List((id:102393603,selectionType:INCLUDED))),(type:FOLLOWS_YOUR_COMPANY,values:List((id:CF,text:Following%2520your%2520company,selectionType:INCLUDED))),(type:RECENTLY_CHANGED_JOBS,values:List((id:RPC,text:Changed%2520jobs,selectionType:INCLUDED))),(type:RELATIONSHIP,values:List((id:O,text:3rd%252B%2520degree%2520connections,selectionType:INCLUDED))),(type:POSTED_ON_LINKEDIN,values:List((id:RPOL,text:Posted%2520on%2520LinkedIn,selectionType:INCLUDED)))))&sessionId=7PDP%2FfqwRIe1fIP96wVAIg%3D%3D&viewAllFilters=true",""
"3e2689ea-490d-46e0-9b13-b66e618e7333","500dff99-a502-48f5-84cc-e59cc60b3bf2",2,"pending","INDUSTRY","49",,"","https://www.linkedin.com/sales/search/people?query=(recentSearchParam:(id:5752546450,doLogHistory:true),filters:List((type:INDUSTRY,values:List((id:49,selectionType:INCLUDED))),(type:GEOGRAPHY,values:List((id:102393603,selectionType:INCLUDED))),(type:FOLLOWS_YOUR_COMPANY,values:List((id:CF,text:Following%2520your%2520company,selectionType:INCLUDED))),(type:RECENTLY_CHANGED_JOBS,values:List((id:RPC,text:Changed%2520jobs,selectionType:INCLUDED))),(type:RELATIONSHIP,values:List((id:O,text:3rd%252B%2520degree%2520connections,selectionType:INCLUDED))),(type:POSTED_ON_LINKEDIN,values:List((id:RPOL,text:Posted%2520on%2520LinkedIn,selectionType:INCLUDED)))))&sessionId=7PDP%2FfqwRIe1fIP96wVAIg%3D%3D&viewAllFilters=true",""
"08de5d4b-d4c6-4c18-8cd6-3b9ba426129c","500dff99-a502-48f5-84cc-e59cc60b3bf2",2,"pending","INDUSTRY","50",,"","https://www.linkedin.com/sales/search/people?query=(recentSearchParam:(id:5752546450,doLogHistory:true),filters:List((type:INDUSTRY,values:List((id:50,selectionType:INCLUDED))),(type:GEOGRAPHY,values:List((id:102393603,selectionType:INCLUDED))),(type:FOLLOWS_YOUR_COMPANY,values:List((id:CF,text:Following%2520your%2520company,selectionType:INCLUDED))),(type:RECENTLY_CHANGED_JOBS,values:List((id:RPC,text:Changed%2520jobs,selectionType:INCLUDED))),(type:RELATIONSHIP,values:List((id:O,text:3rd%252B%2520degree%2520connections,selectionType:INCLUDED))),(type:POSTED_ON_LINKEDIN,values:List((id:RPOL,text:Posted%2520on%2520LinkedIn,selectionType:INCLUDED)))))&sessionId=7PDP%2FfqwRIe1fIP96wVAIg%3D%3D&viewAllFilters=true",""
"7d8b4828-8b86-47c8-91c9-bccde112335b","500dff99-a502-48f5-84cc-e59cc60b3bf2",2,"pending","INDUSTRY","51",,"","https://www.linkedin.com/sales/search/people?query=(recentSearchParam:(id:5752546450,doLogHistory:true),filters:List((type:INDUSTRY,values:List((id:51,selectionType:INCLUDED))),(type:GEOGRAPHY,values:List((id:102393603,selectionType:INCLUDED))),(type:FOLLOWS_YOUR_COMPANY,values:List((id:CF,text:Following%2520your%2520company,selectionType:INCLUDED))),(type:RECENTLY_CHANGED_JOBS,values:List((id:RPC,text:Changed%2520jobs,selectionType:INCLUDED))),(type:RELATIONSHIP,values:List((id:O,text:3rd%252B%2520degree%2520connections,selectionType:INCLUDED))),(type:POSTED_ON_LINKEDIN,values:List((id:RPOL,text:Posted%2520on%2520LinkedIn,selectionType:INCLUDED)))))&sessionId=7PDP%2FfqwRIe1fIP96wVAIg%3D%3D&viewAllFilters=true",""
"f3a2d8cf-bf4c-4aaa-bd73-53b39a15b0d4","500dff99-a502-48f5-84cc-e59cc60b3bf2",2,"pending","INDUSTRY","52",,"","https://www.linkedin.com/sales/search/people?query=(recentSearchParam:(id:5752546450,doLogHistory:true),filters:List((type:INDUSTRY,values:List((id:52,selectionType:INCLUDED))),(type:GEOGRAPHY,values:List((id:102393603,selectionType:INCLUDED))),(type:FOLLOWS_YOUR_COMPANY,values:List((id:CF,text:Following%2520your%2520company,selectionType:INCLUDED))),(type:RECENTLY_CHANGED_JOBS,values:List((id:RPC,text:Changed%2520jobs,selectionType:INCLUDED))),(type:RELATIONSHIP,values:List((id:O,text:3rd%252B%2520degree%2520connections,selectionType:INCLUDED))),(type:POSTED_ON_LINKEDIN,values:List((id:RPOL,text:Posted%2520on%2520LinkedIn,selectionType:INCLUDED)))))&sessionId=7PDP%2FfqwRIe1fIP96wVAIg%3D%3D&viewAllFilters=true",""
"54cde6f4-2b6d-484e-bcd5-ff12ed43d6fc","500dff99-a502-48f5-84cc-e59cc60b3bf2",2,"pending","INDUSTRY","53",,"","https://www.linkedin.com/sales/search/people?query=(recentSearchParam:(id:5752546450,doLogHistory:true),filters:List((type:INDUSTRY,values:List((id:53,selectionType:INCLUDED))),(type:GEOGRAPHY,values:List((id:102393603,selectionType:INCLUDED))),(type:FOLLOWS_YOUR_COMPANY,values:List((id:CF,text:Following%2520your%2520company,selectionType:INCLUDED))),(type:RECENTLY_CHANGED_JOBS,values:List((id:RPC,text:Changed%2520jobs,selectionType:INCLUDED))),(type:RELATIONSHIP,values:List((id:O,text:3rd%252B%2520degree%2520connections,selectionType:INCLUDED))),(type:POSTED_ON_LINKEDIN,values:List((id:RPOL,text:Posted%2520on%2520LinkedIn,selectionType:INCLUDED)))))&sessionId=7PDP%2FfqwRIe1fIP96wVAIg%3D%3D&viewAllFilters=true",""
"34554b63-51d7-4c3b-92b5-5bc4205ffc38","500dff99-a502-48f5-84cc-e59cc60b3bf2",2,"pending","INDUSTRY","54",,"","https://www.linkedin.com/sales/search/people?query=(recentSearchParam:(id:5752546450,doLogHistory:true),filters:List((type:INDUSTRY,values:List((id:54,selectionType:INCLUDED))),(type:GEOGRAPHY,values:List((id:102393603,selectionType:INCLUDED))),(type:FOLLOWS_YOUR_COMPANY,values:List((id:CF,text:Following%2520your%2520company,selectionType:INCLUDED))),(type:RECENTLY_CHANGED_JOBS,values:List((id:RPC,text:Changed%2520jobs,selectionType:INCLUDED))),(type:RELATIONSHIP,values:List((id:O,text:3rd%252B%2520degree%2520connections,selectionType:INCLUDED))),(type:POSTED_ON_LINKEDIN,values:List((id:RPOL,text:Posted%2520on%2520LinkedIn,selectionType:INCLUDED)))))&sessionId=7PDP%2FfqwRIe1fIP96wVAIg%3D%3D&viewAllFilters=true",""
"8e79e753-45ce-4eca-8960-ddc986fa22fe","500dff99-a502-48f5-84cc-e59cc60b3bf2",2,"pending","INDUSTRY","55",,"","https://www.linkedin.com/sales/search/people?query=(recentSearchParam:(id:5752546450,doLogHistory:true),filters:List((type:INDUSTRY,values:List((id:55,selectionType:INCLUDED))),(type:GEOGRAPHY,values:List((id:102393603,selectionType:INCLUDED))),(type:FOLLOWS_YOUR_COMPANY,values:List((id:CF,text:Following%2520your%2520company,selectionType:INCLUDED))),(type:RECENTLY_CHANGED_JOBS,values:List((id:RPC,text:Changed%2520jobs,selectionType:INCLUDED))),(type:RELATIONSHIP,values:List((id:O,text:3rd%252B%2520degree%2520connections,selectionType:INCLUDED))),(type:POSTED_ON_LINKEDIN,values:List((id:RPOL,text:Posted%2520on%2520LinkedIn,selectionType:INCLUDED)))))&sessionId=7PDP%2FfqwRIe1fIP96wVAIg%3D%3D&viewAllFilters=true",""
"c4bcdcb5-f4d3-4a9e-895d-6e9a801d1c06","500dff99-a502-48f5-84cc-e59cc60b3bf2",2,"pending","INDUSTRY","56",,"","https://www.linkedin.com/sales/search/people?query=(recentSearchParam:(id:5752546450,doLogHistory:true),filters:List((type:INDUSTRY,values:List((id:56,selectionType:INCLUDED))),(type:GEOGRAPHY,values:List((id:102393603,selectionType:INCLUDED))),(type:FOLLOWS_YOUR_COMPANY,values:List((id:CF,text:Following%2520your%2520company,selectionType:INCLUDED))),(type:RECENTLY_CHANGED_JOBS,values:List((id:RPC,text:Changed%2520jobs,selectionType:INCLUDED))),(type:RELATIONSHIP,values:List((id:O,text:3rd%252B%2520degree%2520connections,selectionType:INCLUDED))),(type:POSTED_ON_LINKEDIN,values:List((id:RPOL,text:Posted%2520on%2520LinkedIn,selectionType:INCLUDED)))))&sessionId=7PDP%2FfqwRIe1fIP96wVAIg%3D%3D&viewAllFilters=true",""
"87b07cef-c09b-41a3-8244-5943aaa21eba","500dff99-a502-48f5-84cc-e59cc60b3bf2",2,"pending","INDUSTRY","57",,"","https://www.linkedin.com/sales/search/people?query=(recentSearchParam:(id:5752546450,doLogHistory:true),filters:List((type:INDUSTRY,values:List((id:57,selectionType:INCLUDED))),(type:GEOGRAPHY,values:List((id:102393603,selectionType:INCLUDED))),(type:FOLLOWS_YOUR_COMPANY,values:List((id:CF,text:Following%2520your%2520company,selectionType:INCLUDED))),(type:RECENTLY_CHANGED_JOBS,values:List((id:RPC,text:Changed%2520jobs,selectionType:INCLUDED))),(type:RELATIONSHIP,values:List((id:O,text:3rd%252B%2520degree%2520connections,selectionType:INCLUDED))),(type:POSTED_ON_LINKEDIN,values:List((id:RPOL,text:Posted%2520on%2520LinkedIn,selectionType:INCLUDED)))))&sessionId=7PDP%2FfqwRIe1fIP96wVAIg%3D%3D&viewAllFilters=true",""
"92973362-f590-478e-b68d-4d9b92c25d6e","500dff99-a502-48f5-84cc-e59cc60b3bf2",2,"pending","INDUSTRY","58",,"","https://www.linkedin.com/sales/search/people?query=(recentSearchParam:(id:5752546450,doLogHistory:true),filters:List((type:INDUSTRY,values:List((id:58,selectionType:INCLUDED))),(type:GEOGRAPHY,values:List((id:102393603,selectionType:INCLUDED))),(type:FOLLOWS_YOUR_COMPANY,values:List((id:CF,text:Following%2520your%2520company,selectionType:INCLUDED))),(type:RECENTLY_CHANGED_JOBS,values:List((id:RPC,text:Changed%2520jobs,selectionType:INCLUDED))),(type:RELATIONSHIP,values:List((id:O,text:3rd%252B%2520degree%2520connections,selectionType:INCLUDED))),(type:POSTED_ON_LINKEDIN,values:List((id:RPOL,text:Posted%2520on%2520LinkedIn,selectionType:INCLUDED)))))&sessionId=7PDP%2FfqwRIe1fIP96wVAIg%3D%3D&viewAllFilters=true",""
"2e317fb5-b96e-4a13-8d34-e5e47e7f32a0","500dff99-a502-48f5-84cc-e59cc60b3bf2",2,"pending","INDUSTRY","59",,"","https://www.linkedin.com/sales/search/people?query=(recentSearchParam:(id:5752546450,doLogHistory:true),filters:List((type:INDUSTRY,values:List((id:59,selectionType:INCLUDED))),(type:GEOGRAPHY,values:List((id:102393603,selectionType:INCLUDED))),(type:FOLLOWS_YOUR_COMPANY,values:List((id:CF,text:Following%2520your%2520company,selectionType:INCLUDED))),(type:RECENTLY_CHANGED_JOBS,values:List((id:RPC,text:Changed%2520jobs,selectionType:INCLUDED))),(type:RELATIONSHIP,values:List((id:O,text:3rd%252B%2520degree%2520connections,selectionType:INCLUDED))),(type:POSTED_ON_LINKEDIN,values:List((id:RPOL,text:Posted%2520on%2520LinkedIn,selectionType:INCLUDED)))))&sessionId=7PDP%2FfqwRIe1fIP96wVAIg%3D%3D&viewAllFilters=true",""
"8684b07b-bfa2-4f02-a7d5-b187862f1c57","500dff99-a502-48f5-84cc-e59cc60b3bf2",2,"pending","INDUSTRY","60",,"","https://www.linkedin.com/sales/search/people?query=(recentSearchParam:(id:5752546450,doLogHistory:true),filters:List((type:INDUSTRY,values:List((id:60,selectionType:INCLUDED))),(type:GEOGRAPHY,values:List((id:102393603,selectionType:INCLUDED))),(type:FOLLOWS_YOUR_COMPANY,values:List((id:CF,text:Following%2520your%2520company,selectionType:INCLUDED))),(type:RECENTLY_CHANGED_JOBS,values:List((id:RPC,text:Changed%2520jobs,selectionType:INCLUDED))),(type:RELATIONSHIP,values:List((id:O,text:3rd%252B%2520degree%2520connections,selectionType:INCLUDED))),(type:POSTED_ON_LINKEDIN,values:List((id:RPOL,text:Posted%2520on%2520LinkedIn,selectionType:INCLUDED)))))&sessionId=7PDP%2FfqwRIe1fIP96wVAIg%3D%3D&viewAllFilters=true",""
"b7b8f1be-7d01-48d4-8f0a-58a3278f4cad","500dff99-a502-48f5-84cc-e59cc60b3bf2",2,"pending","INDUSTRY","61",,"","https://www.linkedin.com/sales/search/people?query=(recentSearchParam:(id:5752546450,doLogHistory:true),filters:List((type:INDUSTRY,values:List((id:61,selectionType:INCLUDED))),(type:GEOGRAPHY,values:List((id:102393603,selectionType:INCLUDED))),(type:FOLLOWS_YOUR_COMPANY,values:List((id:CF,text:Following%2520your%2520company,selectionType:INCLUDED))),(type:RECENTLY_CHANGED_JOBS,values:List((id:RPC,text:Changed%2520jobs,selectionType:INCLUDED))),(type:RELATIONSHIP,values:List((id:O,text:3rd%252B%2520degree%2520connections,selectionType:INCLUDED))),(type:POSTED_ON_LINKEDIN,values:List((id:RPOL,text:Posted%2520on%2520LinkedIn,selectionType:INCLUDED)))))&sessionId=7PDP%2FfqwRIe1fIP96wVAIg%3D%3D&viewAllFilters=true",""
"1a197613-90b0-4a36-a1dc-a3b09362dd05","500dff99-a502-48f5-84cc-e59cc60b3bf2",2,"pending","INDUSTRY","62",,"","https://www.linkedin.com/sales/search/people?query=(recentSearchParam:(id:5752546450,doLogHistory:true),filters:List((type:INDUSTRY,values:List((id:62,selectionType:INCLUDED))),(type:GEOGRAPHY,values:List((id:102393603,selectionType:INCLUDED))),(type:FOLLOWS_YOUR_COMPANY,values:List((id:CF,text:Following%2520your%2520company,selectionType:INCLUDED))),(type:RECENTLY_CHANGED_JOBS,values:List((id:RPC,text:Changed%2520jobs,selectionType:INCLUDED))),(type:RELATIONSHIP,values:List((id:O,text:3rd%252B%2520degree%2520connections,selectionType:INCLUDED))),(type:POSTED_ON_LINKEDIN,values:List((id:RPOL,text:Posted%2520on%2520LinkedIn,selectionType:INCLUDED)))))&sessionId=7PDP%2FfqwRIe1fIP96wVAIg%3D%3D&viewAllFilters=true",""
"9372471e-034f-4815-ad7e-e3a6f7249580","500dff99-a502-48f5-84cc-e59cc60b3bf2",2,"pending","INDUSTRY","63",,"","https://www.linkedin.com/sales/search/people?query=(recentSearchParam:(id:5752546450,doLogHistory:true),filters:List((type:INDUSTRY,values:List((id:63,selectionType:INCLUDED))),(type:GEOGRAPHY,values:List((id:102393603,selectionType:INCLUDED))),(type:FOLLOWS_YOUR_COMPANY,values:List((id:CF,text:Following%2520your%2520company,selectionType:INCLUDED))),(type:RECENTLY_CHANGED_JOBS,values:List((id:RPC,text:Changed%2520jobs,selectionType:INCLUDED))),(type:RELATIONSHIP,values:List((id:O,text:3rd%252B%2520degree%2520connections,selectionType:INCLUDED))),(type:POSTED_ON_LINKEDIN,values:List((id:RPOL,text:Posted%2520on%2520LinkedIn,selectionType:INCLUDED)))))&sessionId=7PDP%2FfqwRIe1fIP96wVAIg%3D%3D&viewAllFilters=true",""
"a48967e7-e5de-4c45-9a2c-762316b66d03","500dff99-a502-48f5-84cc-e59cc60b3bf2",2,"pending","INDUSTRY","64",,"","https://www.linkedin.com/sales/search/people?query=(recentSearchParam:(id:5752546450,doLogHistory:true),filters:List((type:INDUSTRY,values:List((id:64,selectionType:INCLUDED))),(type:GEOGRAPHY,values:List((id:102393603,selectionType:INCLUDED))),(type:FOLLOWS_YOUR_COMPANY,values:List((id:CF,text:Following%2520your%2520company,selectionType:INCLUDED))),(type:RECENTLY_CHANGED_JOBS,values:List((id:RPC,text:Changed%2520jobs,selectionType:INCLUDED))),(type:RELATIONSHIP,values:List((id:O,text:3rd%252B%2520degree%2520connections,selectionType:INCLUDED))),(type:POSTED_ON_LINKEDIN,values:List((id:RPOL,text:Posted%2520on%2520LinkedIn,selectionType:INCLUDED)))))&sessionId=7PDP%2FfqwRIe1fIP96wVAIg%3D%3D&viewAllFilters=true",""
"34641d36-8864-45ea-a614-b45e3cd25f0d","500dff99-a502-48f5-84cc-e59cc60b3bf2",2,"pending","INDUSTRY","65",,"","https://www.linkedin.com/sales/search/people?query=(recentSearchParam:(id:5752546450,doLogHistory:true),filters:List((type:INDUSTRY,values:List((id:65,selectionType:INCLUDED))),(type:GEOGRAPHY,values:List((id:102393603,selectionType:INCLUDED))),(type:FOLLOWS_YOUR_COMPANY,values:List((id:CF,text:Following%2520your%2520company,selectionType:INCLUDED))),(type:RECENTLY_CHANGED_JOBS,values:List((id:RPC,text:Changed%2520jobs,selectionType:INCLUDED))),(type:RELATIONSHIP,values:List((id:O,text:3rd%252B%2520degree%2520connections,selectionType:INCLUDED))),(type:POSTED_ON_LINKEDIN,values:List((id:RPOL,text:Posted%2520on%2520LinkedIn,selectionType:INCLUDED)))))&sessionId=7PDP%2FfqwRIe1fIP96wVAIg%3D%3D&viewAllFilters=true",""
"f2f35019-8cb1-4ffd-900a-22c33b690ea2","500dff99-a502-48f5-84cc-e59cc60b3bf2",2,"pending","INDUSTRY","66",,"","https://www.linkedin.com/sales/search/people?query=(recentSearchParam:(id:5752546450,doLogHistory:true),filters:List((type:INDUSTRY,values:List((id:66,selectionType:INCLUDED))),(type:GEOGRAPHY,values:List((id:102393603,selectionType:INCLUDED))),(type:FOLLOWS_YOUR_COMPANY,values:List((id:CF,text:Following%2520your%2520company,selectionType:INCLUDED))),(type:RECENTLY_CHANGED_JOBS,values:List((id:RPC,text:Changed%2520jobs,selectionType:INCLUDED))),(type:RELATIONSHIP,values:List((id:O,text:3rd%252B%2520degree%2520connections,selectionType:INCLUDED))),(type:POSTED_ON_LINKEDIN,values:List((id:RPOL,text:Posted%2520on%2520LinkedIn,selectionType:INCLUDED)))))&sessionId=7PDP%2FfqwRIe1fIP96wVAIg%3D%3D&viewAllFilters=true",""
"aeb4d840-3e17-43e7-96e5-364d9b50b513","500dff99-a502-48f5-84cc-e59cc60b3bf2",2,"pending","INDUSTRY","67",,"","https://www.linkedin.com/sales/search/people?query=(recentSearchParam:(id:5752546450,doLogHistory:true),filters:List((type:INDUSTRY,values:List((id:67,selectionType:INCLUDED))),(type:GEOGRAPHY,values:List((id:102393603,selectionType:INCLUDED))),(type:FOLLOWS_YOUR_COMPANY,values:List((id:CF,text:Following%2520your%2520company,selectionType:INCLUDED))),(type:RECENTLY_CHANGED_JOBS,values:List((id:RPC,text:Changed%2520jobs,selectionType:INCLUDED))),(type:RELATIONSHIP,values:List((id:O,text:3rd%252B%2520degree%2520connections,selectionType:INCLUDED))),(type:POSTED_ON_LINKEDIN,values:List((id:RPOL,text:Posted%2520on%2520LinkedIn,selectionType:INCLUDED)))))&sessionId=7PDP%2FfqwRIe1fIP96wVAIg%3D%3D&viewAllFilters=true",""
"6decb872-cf06-4771-99d0-09db92b00b1c","500dff99-a502-48f5-84cc-e59cc60b3bf2",2,"pending","INDUSTRY","68",,"","https://www.linkedin.com/sales/search/people?query=(recentSearchParam:(id:5752546450,doLogHistory:true),filters:List((type:INDUSTRY,values:List((id:68,selectionType:INCLUDED))),(type:GEOGRAPHY,values:List((id:102393603,selectionType:INCLUDED))),(type:FOLLOWS_YOUR_COMPANY,values:List((id:CF,text:Following%2520your%2520company,selectionType:INCLUDED))),(type:RECENTLY_CHANGED_JOBS,values:List((id:RPC,text:Changed%2520jobs,selectionType:INCLUDED))),(type:RELATIONSHIP,values:List((id:O,text:3rd%252B%2520degree%2520connections,selectionType:INCLUDED))),(type:POSTED_ON_LINKEDIN,values:List((id:RPOL,text:Posted%2520on%2520LinkedIn,selectionType:INCLUDED)))))&sessionId=7PDP%2FfqwRIe1fIP96wVAIg%3D%3D&viewAllFilters=true",""
"af5f09aa-2ebf-42ee-a8ee-dfdf964eca98","500dff99-a502-48f5-84cc-e59cc60b3bf2",2,"pending","INDUSTRY","69",,"","https://www.linkedin.com/sales/search/people?query=(recentSearchParam:(id:5752546450,doLogHistory:true),filters:List((type:INDUSTRY,values:List((id:69,selectionType:INCLUDED))),(type:GEOGRAPHY,values:List((id:102393603,selectionType:INCLUDED))),(type:FOLLOWS_YOUR_COMPANY,values:List((id:CF,text:Following%2520your%2520company,selectionType:INCLUDED))),(type:RECENTLY_CHANGED_JOBS,values:List((id:RPC,text:Changed%2520jobs,selectionType:INCLUDED))),(type:RELATIONSHIP,values:List((id:O,text:3rd%252B%2520degree%2520connections,selectionType:INCLUDED))),(type:POSTED_ON_LINKEDIN,values:List((id:RPOL,text:Posted%2520on%2520LinkedIn,selectionType:INCLUDED)))))&sessionId=7PDP%2FfqwRIe1fIP96wVAIg%3D%3D&viewAllFilters=true",""
"19e66f12-faf2-4fd5-aa58-fa2c1386b8bb","7946dcc3-0639-4de2-aea0-80fc20c6e5b6",2,"pending","INDUSTRY","1",,"","https://www.linkedin.com/sales/search/people?query=(recentSearchParam:(id:5752546450,doLogHistory:true),filters:List((type:INDUSTRY,values:List((id:1,selectionType:INCLUDED))),(type:GEOGRAPHY,values:List((id:91000010,selectionType:INCLUDED))),(type:FOLLOWS_YOUR_COMPANY,values:List((id:CF,text:Following%2520your%2520company,selectionType:INCLUDED))),(type:RECENTLY_CHANGED_JOBS,values:List((id:RPC,text:Changed%2520jobs,selectionType:INCLUDED))),(type:RELATIONSHIP,values:List((id:O,text:3rd%252B%2520degree%2520connections,selectionType:INCLUDED))),(type:POSTED_ON_LINKEDIN,values:List((id:RPOL,text:Posted%2520on%2520LinkedIn,selectionType:INCLUDED)))))&sessionId=7PDP%2FfqwRIe1fIP96wVAIg%3D%3D&viewAllFilters=true",""
"4d3ddbf6-5926-469f-9e59-f27479484e4a","7946dcc3-0639-4de2-aea0-80fc20c6e5b6",2,"pending","INDUSTRY","3",,"","https://www.linkedin.com/sales/search/people?query=(recentSearchParam:(id:5752546450,doLogHistory:true),filters:List((type:INDUSTRY,values:List((id:3,selectionType:INCLUDED))),(type:GEOGRAPHY,values:List((id:91000010,selectionType:INCLUDED))),(type:FOLLOWS_YOUR_COMPANY,values:List((id:CF,text:Following%2520your%2520company,selectionType:INCLUDED))),(type:RECENTLY_CHANGED_JOBS,values:List((id:RPC,text:Changed%2520jobs,selectionType:INCLUDED))),(type:RELATIONSHIP,values:List((id:O,text:3rd%252B%2520degree%2520connections,selectionType:INCLUDED))),(type:POSTED_ON_LINKEDIN,values:List((id:RPOL,text:Posted%2520on%2520LinkedIn,selectionType:INCLUDED)))))&sessionId=7PDP%2FfqwRIe1fIP96wVAIg%3D%3D&viewAllFilters=true",""
"8f5fb92a-5646-4a22-8e61-3ff94fcaa31b","7946dcc3-0639-4de2-aea0-80fc20c6e5b6",2,"pending","INDUSTRY","4",,"","https://www.linkedin.com/sales/search/people?query=(recentSearchParam:(id:5752546450,doLogHistory:true),filters:List((type:INDUSTRY,values:List((id:4,selectionType:INCLUDED))),(type:GEOGRAPHY,values:List((id:91000010,selectionType:INCLUDED))),(type:FOLLOWS_YOUR_COMPANY,values:List((id:CF,text:Following%2520your%2520company,selectionType:INCLUDED))),(type:RECENTLY_CHANGED_JOBS,values:List((id:RPC,text:Changed%2520jobs,selectionType:INCLUDED))),(type:RELATIONSHIP,values:List((id:O,text:3rd%252B%2520degree%2520connections,selectionType:INCLUDED))),(type:POSTED_ON_LINKEDIN,values:List((id:RPOL,text:Posted%2520on%2520LinkedIn,selectionType:INCLUDED)))))&sessionId=7PDP%2FfqwRIe1fIP96wVAIg%3D%3D&viewAllFilters=true",""
"b830bc6d-2fac-423a-acaa-d5b9b1657fd0","7946dcc3-0639-4de2-aea0-80fc20c6e5b6",2,"pending","INDUSTRY","5",,"","https://www.linkedin.com/sales/search/people?query=(recentSearchParam:(id:5752546450,doLogHistory:true),filters:List((type:INDUSTRY,values:List((id:5,selectionType:INCLUDED))),(type:GEOGRAPHY,values:List((id:91000010,selectionType:INCLUDED))),(type:FOLLOWS_YOUR_COMPANY,values:List((id:CF,text:Following%2520your%2520company,selectionType:INCLUDED))),(type:RECENTLY_CHANGED_JOBS,values:List((id:RPC,text:Changed%2520jobs,selectionType:INCLUDED))),(type:RELATIONSHIP,values:List((id:O,text:3rd%252B%2520degree%2520connections,selectionType:INCLUDED))),(type:POSTED_ON_LINKEDIN,values:List((id:RPOL,text:Posted%2520on%2520LinkedIn,selectionType:INCLUDED)))))&sessionId=7PDP%2FfqwRIe1fIP96wVAIg%3D%3D&viewAllFilters=true",""
"405a8267-ad43-401e-98a8-faf17a43a34e","7946dcc3-0639-4de2-aea0-80fc20c6e5b6",2,"pending","INDUSTRY","6",,"","https://www.linkedin.com/sales/search/people?query=(recentSearchParam:(id:5752546450,doLogHistory:true),filters:List((type:INDUSTRY,values:List((id:6,selectionType:INCLUDED))),(type:GEOGRAPHY,values:List((id:91000010,selectionType:INCLUDED))),(type:FOLLOWS_YOUR_COMPANY,values:List((id:CF,text:Following%2520your%2520company,selectionType:INCLUDED))),(type:RECENTLY_CHANGED_JOBS,values:List((id:RPC,text:Changed%2520jobs,selectionType:INCLUDED))),(type:RELATIONSHIP,values:List((id:O,text:3rd%252B%2520degree%2520connections,selectionType:INCLUDED))),(type:POSTED_ON_LINKEDIN,values:List((id:RPOL,text:Posted%2520on%2520LinkedIn,selectionType:INCLUDED)))))&sessionId=7PDP%2FfqwRIe1fIP96wVAIg%3D%3D&viewAllFilters=true",""
"b4d7df9b-716c-493f-b19e-08a508fa9763","7946dcc3-0639-4de2-aea0-80fc20c6e5b6",2,"pending","INDUSTRY","7",,"","https://www.linkedin.com/sales/search/people?query=(recentSearchParam:(id:5752546450,doLogHistory:true),filters:List((type:INDUSTRY,values:List((id:7,selectionType:INCLUDED))),(type:GEOGRAPHY,values:List((id:91000010,selectionType:INCLUDED))),(type:FOLLOWS_YOUR_COMPANY,values:List((id:CF,text:Following%2520your%2520company,selectionType:INCLUDED))),(type:RECENTLY_CHANGED_JOBS,values:List((id:RPC,text:Changed%2520jobs,selectionType:INCLUDED))),(type:RELATIONSHIP,values:List((id:O,text:3rd%252B%2520degree%2520connections,selectionType:INCLUDED))),(type:POSTED_ON_LINKEDIN,values:List((id:RPOL,text:Posted%2520on%2520LinkedIn,selectionType:INCLUDED)))))&sessionId=7PDP%2FfqwRIe1fIP96wVAIg%3D%3D&viewAllFilters=true",""
"0f8c621b-00a9-4b7b-82fe-4b620e3292d9","7946dcc3-0639-4de2-aea0-80fc20c6e5b6",2,"pending","INDUSTRY","8",,"","https://www.linkedin.com/sales/search/people?query=(recentSearchParam:(id:5752546450,doLogHistory:true),filters:List((type:INDUSTRY,values:List((id:8,selectionType:INCLUDED))),(type:GEOGRAPHY,values:List((id:91000010,selectionType:INCLUDED))),(type:FOLLOWS_YOUR_COMPANY,values:List((id:CF,text:Following%2520your%2520company,selectionType:INCLUDED))),(type:RECENTLY_CHANGED_JOBS,values:List((id:RPC,text:Changed%2520jobs,selectionType:INCLUDED))),(type:RELATIONSHIP,values:List((id:O,text:3rd%252B%2520degree%2520connections,selectionType:INCLUDED))),(type:POSTED_ON_LINKEDIN,values:List((id:RPOL,text:Posted%2520on%2520LinkedIn,selectionType:INCLUDED)))))&sessionId=7PDP%2FfqwRIe1fIP96wVAIg%3D%3D&viewAllFilters=true",""
"a87d1c19-9b07-4e52-91a4-8f5e29f3eaad","7946dcc3-0639-4de2-aea0-80fc20c6e5b6",2,"pending","INDUSTRY","9",,"","https://www.linkedin.com/sales/search/people?query=(recentSearchParam:(id:5752546450,doLogHistory:true),filters:List((type:INDUSTRY,values:List((id:9,selectionType:INCLUDED))),(type:GEOGRAPHY,values:List((id:91000010,selectionType:INCLUDED))),(type:FOLLOWS_YOUR_COMPANY,values:List((id:CF,text:Following%2520your%2520company,selectionType:INCLUDED))),(type:RECENTLY_CHANGED_JOBS,values:List((id:RPC,text:Changed%2520jobs,selectionType:INCLUDED))),(type:RELATIONSHIP,values:List((id:O,text:3rd%252B%2520degree%2520connections,selectionType:INCLUDED))),(type:POSTED_ON_LINKEDIN,values:List((id:RPOL,text:Posted%2520on%2520LinkedIn,selectionType:INCLUDED)))))&sessionId=7PDP%2FfqwRIe1fIP96wVAIg%3D%3D&viewAllFilters=true",""
"becda888-4c41-4531-ae44-55a7e78ad369","7946dcc3-0639-4de2-aea0-80fc20c6e5b6",2,"pending","INDUSTRY","10",,"","https://www.linkedin.com/sales/search/people?query=(recentSearchParam:(id:5752546450,doLogHistory:true),filters:List((type:INDUSTRY,values:List((id:10,selectionType:INCLUDED))),(type:GEOGRAPHY,values:List((id:91000010,selectionType:INCLUDED))),(type:FOLLOWS_YOUR_COMPANY,values:List((id:CF,text:Following%2520your%2520company,selectionType:INCLUDED))),(type:RECENTLY_CHANGED_JOBS,values:List((id:RPC,text:Changed%2520jobs,selectionType:INCLUDED))),(type:RELATIONSHIP,values:List((id:O,text:3rd%252B%2520degree%2520connections,selectionType:INCLUDED))),(type:POSTED_ON_LINKEDIN,values:List((id:RPOL,text:Posted%2520on%2520LinkedIn,selectionType:INCLUDED)))))&sessionId=7PDP%2FfqwRIe1fIP96wVAIg%3D%3D&viewAllFilters=true",""
"f8cf0292-a565-48e9-b526-1cf92e973c5f","7946dcc3-0639-4de2-aea0-80fc20c6e5b6",2,"pending","INDUSTRY","11",,"","https://www.linkedin.com/sales/search/people?query=(recentSearchParam:(id:5752546450,doLogHistory:true),filters:List((type:INDUSTRY,values:List((id:11,selectionType:INCLUDED))),(type:GEOGRAPHY,values:List((id:91000010,selectionType:INCLUDED))),(type:FOLLOWS_YOUR_COMPANY,values:List((id:CF,text:Following%2520your%2520company,selectionType:INCLUDED))),(type:RECENTLY_CHANGED_JOBS,values:List((id:RPC,text:Changed%2520jobs,selectionType:INCLUDED))),(type:RELATIONSHIP,values:List((id:O,text:3rd%252B%2520degree%2520connections,selectionType:INCLUDED))),(type:POSTED_ON_LINKEDIN,values:List((id:RPOL,text:Posted%2520on%2520LinkedIn,selectionType:INCLUDED)))))&sessionId=7PDP%2FfqwRIe1fIP96wVAIg%3D%3D&viewAllFilters=true",""
"1f9763a9-35f1-4cdd-b416-10fe1491014d","7946dcc3-0639-4de2-aea0-80fc20c6e5b6",2,"pending","INDUSTRY","12",,"","https://www.linkedin.com/sales/search/people?query=(recentSearchParam:(id:5752546450,doLogHistory:true),filters:List((type:INDUSTRY,values:List((id:12,selectionType:INCLUDED))),(type:GEOGRAPHY,values:List((id:91000010,selectionType:INCLUDED))),(type:FOLLOWS_YOUR_COMPANY,values:List((id:CF,text:Following%2520your%2520company,selectionType:INCLUDED))),(type:RECENTLY_CHANGED_JOBS,values:List((id:RPC,text:Changed%2520jobs,selectionType:INCLUDED))),(type:RELATIONSHIP,values:List((id:O,text:3rd%252B%2520degree%2520connections,selectionType:INCLUDED))),(type:POSTED_ON_LINKEDIN,values:List((id:RPOL,text:Posted%2520on%2520LinkedIn,selectionType:INCLUDED)))))&sessionId=7PDP%2FfqwRIe1fIP96wVAIg%3D%3D&viewAllFilters=true",""
"49515f74-c75c-46fc-9f5c-e10716384ee5","7946dcc3-0639-4de2-aea0-80fc20c6e5b6",2,"pending","INDUSTRY","13",,"","https://www.linkedin.com/sales/search/people?query=(recentSearchParam:(id:5752546450,doLogHistory:true),filters:List((type:INDUSTRY,values:List((id:13,selectionType:INCLUDED))),(type:GEOGRAPHY,values:List((id:91000010,selectionType:INCLUDED))),(type:FOLLOWS_YOUR_COMPANY,values:List((id:CF,text:Following%2520your%2520company,selectionType:INCLUDED))),(type:RECENTLY_CHANGED_JOBS,values:List((id:RPC,text:Changed%2520jobs,selectionType:INCLUDED))),(type:RELATIONSHIP,values:List((id:O,text:3rd%252B%2520degree%2520connections,selectionType:INCLUDED))),(type:POSTED_ON_LINKEDIN,values:List((id:RPOL,text:Posted%2520on%2520LinkedIn,selectionType:INCLUDED)))))&sessionId=7PDP%2FfqwRIe1fIP96wVAIg%3D%3D&viewAllFilters=true",""
"b346bbd4-92d4-4b15-b827-929b47eb13ad","7946dcc3-0639-4de2-aea0-80fc20c6e5b6",2,"pending","INDUSTRY","14",,"","https://www.linkedin.com/sales/search/people?query=(recentSearchParam:(id:5752546450,doLogHistory:true),filters:List((type:INDUSTRY,values:List((id:14,selectionType:INCLUDED))),(type:GEOGRAPHY,values:List((id:91000010,selectionType:INCLUDED))),(type:FOLLOWS_YOUR_COMPANY,values:List((id:CF,text:Following%2520your%2520company,selectionType:INCLUDED))),(type:RECENTLY_CHANGED_JOBS,values:List((id:RPC,text:Changed%2520jobs,selectionType:INCLUDED))),(type:RELATIONSHIP,values:List((id:O,text:3rd%252B%2520degree%2520connections,selectionType:INCLUDED))),(type:POSTED_ON_LINKEDIN,values:List((id:RPOL,text:Posted%2520on%2520LinkedIn,selectionType:INCLUDED)))))&sessionId=7PDP%2FfqwRIe1fIP96wVAIg%3D%3D&viewAllFilters=true",""
"feb9e440-20d3-4be7-bb76-510dee66da9e","7946dcc3-0639-4de2-aea0-80fc20c6e5b6",2,"pending","INDUSTRY","15",,"","https://www.linkedin.com/sales/search/people?query=(recentSearchParam:(id:5752546450,doLogHistory:true),filters:List((type:INDUSTRY,values:List((id:15,selectionType:INCLUDED))),(type:GEOGRAPHY,values:List((id:91000010,selectionType:INCLUDED))),(type:FOLLOWS_YOUR_COMPANY,values:List((id:CF,text:Following%2520your%2520company,selectionType:INCLUDED))),(type:RECENTLY_CHANGED_JOBS,values:List((id:RPC,text:Changed%2520jobs,selectionType:INCLUDED))),(type:RELATIONSHIP,values:List((id:O,text:3rd%252B%2520degree%2520connections,selectionType:INCLUDED))),(type:POSTED_ON_LINKEDIN,values:List((id:RPOL,text:Posted%2520on%2520LinkedIn,selectionType:INCLUDED)))))&sessionId=7PDP%2FfqwRIe1fIP96wVAIg%3D%3D&viewAllFilters=true",""
"f6571865-78d7-4b7a-829c-c8d5310ed900","7946dcc3-0639-4de2-aea0-80fc20c6e5b6",2,"pending","INDUSTRY","16",,"","https://www.linkedin.com/sales/search/people?query=(recentSearchParam:(id:5752546450,doLogHistory:true),filters:List((type:INDUSTRY,values:List((id:16,selectionType:INCLUDED))),(type:GEOGRAPHY,values:List((id:91000010,selectionType:INCLUDED))),(type:FOLLOWS_YOUR_COMPANY,values:List((id:CF,text:Following%2520your%2520company,selectionType:INCLUDED))),(type:RECENTLY_CHANGED_JOBS,values:List((id:RPC,text:Changed%2520jobs,selectionType:INCLUDED))),(type:RELATIONSHIP,values:List((id:O,text:3rd%252B%2520degree%2520connections,selectionType:INCLUDED))),(type:POSTED_ON_LINKEDIN,values:List((id:RPOL,text:Posted%2520on%2520LinkedIn,selectionType:INCLUDED)))))&sessionId=7PDP%2FfqwRIe1fIP96wVAIg%3D%3D&viewAllFilters=true",""
"ae611158-434a-4704-97e9-3fc9eae69975","7946dcc3-0639-4de2-aea0-80fc20c6e5b6",2,"pending","INDUSTRY","17",,"","https://www.linkedin.com/sales/search/people?query=(recentSearchParam:(id:5752546450,doLogHistory:true),filters:List((type:INDUSTRY,values:List((id:17,selectionType:INCLUDED))),(type:GEOGRAPHY,values:List((id:91000010,selectionType:INCLUDED))),(type:FOLLOWS_YOUR_COMPANY,values:List((id:CF,text:Following%2520your%2520company,selectionType:INCLUDED))),(type:RECENTLY_CHANGED_JOBS,values:List((id:RPC,text:Changed%2520jobs,selectionType:INCLUDED))),(type:RELATIONSHIP,values:List((id:O,text:3rd%252B%2520degree%2520connections,selectionType:INCLUDED))),(type:POSTED_ON_LINKEDIN,values:List((id:RPOL,text:Posted%2520on%2520LinkedIn,selectionType:INCLUDED)))))&sessionId=7PDP%2FfqwRIe1fIP96wVAIg%3D%3D&viewAllFilters=true",""
"4a1bee2b-072f-45d6-a6fe-5e6eec55db7c","7946dcc3-0639-4de2-aea0-80fc20c6e5b6",2,"pending","INDUSTRY","18",,"","https://www.linkedin.com/sales/search/people?query=(recentSearchParam:(id:5752546450,doLogHistory:true),filters:List((type:INDUSTRY,values:List((id:18,selectionType:INCLUDED))),(type:GEOGRAPHY,values:List((id:91000010,selectionType:INCLUDED))),(type:FOLLOWS_YOUR_COMPANY,values:List((id:CF,text:Following%2520your%2520company,selectionType:INCLUDED))),(type:RECENTLY_CHANGED_JOBS,values:List((id:RPC,text:Changed%2520jobs,selectionType:INCLUDED))),(type:RELATIONSHIP,values:List((id:O,text:3rd%252B%2520degree%2520connections,selectionType:INCLUDED))),(type:POSTED_ON_LINKEDIN,values:List((id:RPOL,text:Posted%2520on%2520LinkedIn,selectionType:INCLUDED)))))&sessionId=7PDP%2FfqwRIe1fIP96wVAIg%3D%3D&viewAllFilters=true",""
"beb57312-aaa1-4be8-83ca-a79359308d7e","7946dcc3-0639-4de2-aea0-80fc20c6e5b6",2,"pending","INDUSTRY","19",,"","https://www.linkedin.com/sales/search/people?query=(recentSearchParam:(id:5752546450,doLogHistory:true),filters:List((type:INDUSTRY,values:List((id:19,selectionType:INCLUDED))),(type:GEOGRAPHY,values:List((id:91000010,selectionType:INCLUDED))),(type:FOLLOWS_YOUR_COMPANY,values:List((id:CF,text:Following%2520your%2520company,selectionType:INCLUDED))),(type:RECENTLY_CHANGED_JOBS,values:List((id:RPC,text:Changed%2520jobs,selectionType:INCLUDED))),(type:RELATIONSHIP,values:List((id:O,text:3rd%252B%2520degree%2520connections,selectionType:INCLUDED))),(type:POSTED_ON_LINKEDIN,values:List((id:RPOL,text:Posted%2520on%2520LinkedIn,selectionType:INCLUDED)))))&sessionId=7PDP%2FfqwRIe1fIP96wVAIg%3D%3D&viewAllFilters=true",""
"18843e3e-430a-411f-aad6-42264f1fd1d7","7946dcc3-0639-4de2-aea0-80fc20c6e5b6",2,"pending","INDUSTRY","20",,"","https://www.linkedin.com/sales/search/people?query=(recentSearchParam:(id:5752546450,doLogHistory:true),filters:List((type:INDUSTRY,values:List((id:20,selectionType:INCLUDED))),(type:GEOGRAPHY,values:List((id:91000010,selectionType:INCLUDED))),(type:FOLLOWS_YOUR_COMPANY,values:List((id:CF,text:Following%2520your%2520company,selectionType:INCLUDED))),(type:RECENTLY_CHANGED_JOBS,values:List((id:RPC,text:Changed%2520jobs,selectionType:INCLUDED))),(type:RELATIONSHIP,values:List((id:O,text:3rd%252B%2520degree%2520connections,selectionType:INCLUDED))),(type:POSTED_ON_LINKEDIN,values:List((id:RPOL,text:Posted%2520on%2520LinkedIn,selectionType:INCLUDED)))))&sessionId=7PDP%2FfqwRIe1fIP96wVAIg%3D%3D&viewAllFilters=true",""
"d2eeec7e-06bb-47ff-8fbd-190854e2d309","7946dcc3-0639-4de2-aea0-80fc20c6e5b6",2,"pending","INDUSTRY","21",,"","https://www.linkedin.com/sales/search/people?query=(recentSearchParam:(id:5752546450,doLogHistory:true),filters:List((type:INDUSTRY,values:List((id:21,selectionType:INCLUDED))),(type:GEOGRAPHY,values:List((id:91000010,selectionType:INCLUDED))),(type:FOLLOWS_YOUR_COMPANY,values:List((id:CF,text:Following%2520your%2520company,selectionType:INCLUDED))),(type:RECENTLY_CHANGED_JOBS,values:List((id:RPC,text:Changed%2520jobs,selectionType:INCLUDED))),(type:RELATIONSHIP,values:List((id:O,text:3rd%252B%2520degree%2520connections,selectionType:INCLUDED))),(type:POSTED_ON_LINKEDIN,values:List((id:RPOL,text:Posted%2520on%2520LinkedIn,selectionType:INCLUDED)))))&sessionId=7PDP%2FfqwRIe1fIP96wVAIg%3D%3D&viewAllFilters=true",""
"09c873f8-c9cd-46a0-96c3-981f3ce6df78","7946dcc3-0639-4de2-aea0-80fc20c6e5b6",2,"pending","INDUSTRY","22",,"","https://www.linkedin.com/sales/search/people?query=(recentSearchParam:(id:5752546450,doLogHistory:true),filters:List((type:INDUSTRY,values:List((id:22,selectionType:INCLUDED))),(type:GEOGRAPHY,values:List((id:91000010,selectionType:INCLUDED))),(type:FOLLOWS_YOUR_COMPANY,values:List((id:CF,text:Following%2520your%2520company,selectionType:INCLUDED))),(type:RECENTLY_CHANGED_JOBS,values:List((id:RPC,text:Changed%2520jobs,selectionType:INCLUDED))),(type:RELATIONSHIP,values:List((id:O,text:3rd%252B%2520degree%2520connections,selectionType:INCLUDED))),(type:POSTED_ON_LINKEDIN,values:List((id:RPOL,text:Posted%2520on%2520LinkedIn,selectionType:INCLUDED)))))&sessionId=7PDP%2FfqwRIe1fIP96wVAIg%3D%3D&viewAllFilters=true",""
"67687b0e-1cdd-4274-b2c3-1e48ac56ea0a","7946dcc3-0639-4de2-aea0-80fc20c6e5b6",2,"pending","INDUSTRY","23",,"","https://www.linkedin.com/sales/search/people?query=(recentSearchParam:(id:5752546450,doLogHistory:true),filters:List((type:INDUSTRY,values:List((id:23,selectionType:INCLUDED))),(type:GEOGRAPHY,values:List((id:91000010,selectionType:INCLUDED))),(type:FOLLOWS_YOUR_COMPANY,values:List((id:CF,text:Following%2520your%2520company,selectionType:INCLUDED))),(type:RECENTLY_CHANGED_JOBS,values:List((id:RPC,text:Changed%2520jobs,selectionType:INCLUDED))),(type:RELATIONSHIP,values:List((id:O,text:3rd%252B%2520degree%2520connections,selectionType:INCLUDED))),(type:POSTED_ON_LINKEDIN,values:List((id:RPOL,text:Posted%2520on%2520LinkedIn,selectionType:INCLUDED)))))&sessionId=7PDP%2FfqwRIe1fIP96wVAIg%3D%3D&viewAllFilters=true",""
"506624d4-5f53-4a9a-a8f6-61fa3359b69d","7946dcc3-0639-4de2-aea0-80fc20c6e5b6",2,"pending","INDUSTRY","24",,"","https://www.linkedin.com/sales/search/people?query=(recentSearchParam:(id:5752546450,doLogHistory:true),filters:List((type:INDUSTRY,values:List((id:24,selectionType:INCLUDED))),(type:GEOGRAPHY,values:List((id:91000010,selectionType:INCLUDED))),(type:FOLLOWS_YOUR_COMPANY,values:List((id:CF,text:Following%2520your%2520company,selectionType:INCLUDED))),(type:RECENTLY_CHANGED_JOBS,values:List((id:RPC,text:Changed%2520jobs,selectionType:INCLUDED))),(type:RELATIONSHIP,values:List((id:O,text:3rd%252B%2520degree%2520connections,selectionType:INCLUDED))),(type:POSTED_ON_LINKEDIN,values:List((id:RPOL,text:Posted%2520on%2520LinkedIn,selectionType:INCLUDED)))))&sessionId=7PDP%2FfqwRIe1fIP96wVAIg%3D%3D&viewAllFilters=true",""
"faab4f4f-56c4-48c3-a9f8-98827a4c5dc4","7946dcc3-0639-4de2-aea0-80fc20c6e5b6",2,"pending","INDUSTRY","25",,"","https://www.linkedin.com/sales/search/people?query=(recentSearchParam:(id:5752546450,doLogHistory:true),filters:List((type:INDUSTRY,values:List((id:25,selectionType:INCLUDED))),(type:GEOGRAPHY,values:List((id:91000010,selectionType:INCLUDED))),(type:FOLLOWS_YOUR_COMPANY,values:List((id:CF,text:Following%2520your%2520company,selectionType:INCLUDED))),(type:RECENTLY_CHANGED_JOBS,values:List((id:RPC,text:Changed%2520jobs,selectionType:INCLUDED))),(type:RELATIONSHIP,values:List((id:O,text:3rd%252B%2520degree%2520connections,selectionType:INCLUDED))),(type:POSTED_ON_LINKEDIN,values:List((id:RPOL,text:Posted%2520on%2520LinkedIn,selectionType:INCLUDED)))))&sessionId=7PDP%2FfqwRIe1fIP96wVAIg%3D%3D&viewAllFilters=true",""
"34c6060c-1166-44e5-8819-ca44706db02e","7946dcc3-0639-4de2-aea0-80fc20c6e5b6",2,"pending","INDUSTRY","26",,"","https://www.linkedin.com/sales/search/people?query=(recentSearchParam:(id:5752546450,doLogHistory:true),filters:List((type:INDUSTRY,values:List((id:26,selectionType:INCLUDED))),(type:GEOGRAPHY,values:List((id:91000010,selectionType:INCLUDED))),(type:FOLLOWS_YOUR_COMPANY,values:List((id:CF,text:Following%2520your%2520company,selectionType:INCLUDED))),(type:RECENTLY_CHANGED_JOBS,values:List((id:RPC,text:Changed%2520jobs,selectionType:INCLUDED))),(type:RELATIONSHIP,values:List((id:O,text:3rd%252B%2520degree%2520connections,selectionType:INCLUDED))),(type:POSTED_ON_LINKEDIN,values:List((id:RPOL,text:Posted%2520on%2520LinkedIn,selectionType:INCLUDED)))))&sessionId=7PDP%2FfqwRIe1fIP96wVAIg%3D%3D&viewAllFilters=true",""
"894ea76c-971b-4a9b-9831-667ee0ef4d7d","7946dcc3-0639-4de2-aea0-80fc20c6e5b6",2,"pending","INDUSTRY","27",,"","https://www.linkedin.com/sales/search/people?query=(recentSearchParam:(id:5752546450,doLogHistory:true),filters:List((type:INDUSTRY,values:List((id:27,selectionType:INCLUDED))),(type:GEOGRAPHY,values:List((id:91000010,selectionType:INCLUDED))),(type:FOLLOWS_YOUR_COMPANY,values:List((id:CF,text:Following%2520your%2520company,selectionType:INCLUDED))),(type:RECENTLY_CHANGED_JOBS,values:List((id:RPC,text:Changed%2520jobs,selectionType:INCLUDED))),(type:RELATIONSHIP,values:List((id:O,text:3rd%252B%2520degree%2520connections,selectionType:INCLUDED))),(type:POSTED_ON_LINKEDIN,values:List((id:RPOL,text:Posted%2520on%2520LinkedIn,selectionType:INCLUDED)))))&sessionId=7PDP%2FfqwRIe1fIP96wVAIg%3D%3D&viewAllFilters=true",""
"a5d0d24c-951b-4cc1-8df1-4c17e3c7a9c4","7946dcc3-0639-4de2-aea0-80fc20c6e5b6",2,"pending","INDUSTRY","28",,"","https://www.linkedin.com/sales/search/people?query=(recentSearchParam:(id:5752546450,doLogHistory:true),filters:List((type:INDUSTRY,values:List((id:28,selectionType:INCLUDED))),(type:GEOGRAPHY,values:List((id:91000010,selectionType:INCLUDED))),(type:FOLLOWS_YOUR_COMPANY,values:List((id:CF,text:Following%2520your%2520company,selectionType:INCLUDED))),(type:RECENTLY_CHANGED_JOBS,values:List((id:RPC,text:Changed%2520jobs,selectionType:INCLUDED))),(type:RELATIONSHIP,values:List((id:O,text:3rd%252B%2520degree%2520connections,selectionType:INCLUDED))),(type:POSTED_ON_LINKEDIN,values:List((id:RPOL,text:Posted%2520on%2520LinkedIn,selectionType:INCLUDED)))))&sessionId=7PDP%2FfqwRIe1fIP96wVAIg%3D%3D&viewAllFilters=true",""
"879744eb-08d5-4938-abf9-b685b641ddb1","7946dcc3-0639-4de2-aea0-80fc20c6e5b6",2,"pending","INDUSTRY","29",,"","https://www.linkedin.com/sales/search/people?query=(recentSearchParam:(id:5752546450,doLogHistory:true),filters:List((type:INDUSTRY,values:List((id:29,selectionType:INCLUDED))),(type:GEOGRAPHY,values:List((id:91000010,selectionType:INCLUDED))),(type:FOLLOWS_YOUR_COMPANY,values:List((id:CF,text:Following%2520your%2520company,selectionType:INCLUDED))),(type:RECENTLY_CHANGED_JOBS,values:List((id:RPC,text:Changed%2520jobs,selectionType:INCLUDED))),(type:RELATIONSHIP,values:List((id:O,text:3rd%252B%2520degree%2520connections,selectionType:INCLUDED))),(type:POSTED_ON_LINKEDIN,values:List((id:RPOL,text:Posted%2520on%2520LinkedIn,selectionType:INCLUDED)))))&sessionId=7PDP%2FfqwRIe1fIP96wVAIg%3D%3D&viewAllFilters=true",""
"93097a95-a343-4e60-a5d4-21fab896096a","7946dcc3-0639-4de2-aea0-80fc20c6e5b6",2,"pending","INDUSTRY","30",,"","https://www.linkedin.com/sales/search/people?query=(recentSearchParam:(id:5752546450,doLogHistory:true),filters:List((type:INDUSTRY,values:List((id:30,selectionType:INCLUDED))),(type:GEOGRAPHY,values:List((id:91000010,selectionType:INCLUDED))),(type:FOLLOWS_YOUR_COMPANY,values:List((id:CF,text:Following%2520your%2520company,selectionType:INCLUDED))),(type:RECENTLY_CHANGED_JOBS,values:List((id:RPC,text:Changed%2520jobs,selectionType:INCLUDED))),(type:RELATIONSHIP,values:List((id:O,text:3rd%252B%2520degree%2520connections,selectionType:INCLUDED))),(type:POSTED_ON_LINKEDIN,values:List((id:RPOL,text:Posted%2520on%2520LinkedIn,selectionType:INCLUDED)))))&sessionId=7PDP%2FfqwRIe1fIP96wVAIg%3D%3D&viewAllFilters=true",""
"c7e19951-357b-4255-938e-c429b479eb61","7946dcc3-0639-4de2-aea0-80fc20c6e5b6",2,"pending","INDUSTRY","31",,"","https://www.linkedin.com/sales/search/people?query=(recentSearchParam:(id:5752546450,doLogHistory:true),filters:List((type:INDUSTRY,values:List((id:31,selectionType:INCLUDED))),(type:GEOGRAPHY,values:List((id:91000010,selectionType:INCLUDED))),(type:FOLLOWS_YOUR_COMPANY,values:List((id:CF,text:Following%2520your%2520company,selectionType:INCLUDED))),(type:RECENTLY_CHANGED_JOBS,values:List((id:RPC,text:Changed%2520jobs,selectionType:INCLUDED))),(type:RELATIONSHIP,values:List((id:O,text:3rd%252B%2520degree%2520connections,selectionType:INCLUDED))),(type:POSTED_ON_LINKEDIN,values:List((id:RPOL,text:Posted%2520on%2520LinkedIn,selectionType:INCLUDED)))))&sessionId=7PDP%2FfqwRIe1fIP96wVAIg%3D%3D&viewAllFilters=true",""
"bd4f4a2d-f06a-4df5-907d-78c215adfd8c","7946dcc3-0639-4de2-aea0-80fc20c6e5b6",2,"pending","INDUSTRY","32",,"","https://www.linkedin.com/sales/search/people?query=(recentSearchParam:(id:5752546450,doLogHistory:true),filters:List((type:INDUSTRY,values:List((id:32,selectionType:INCLUDED))),(type:GEOGRAPHY,values:List((id:91000010,selectionType:INCLUDED))),(type:FOLLOWS_YOUR_COMPANY,values:List((id:CF,text:Following%2520your%2520company,selectionType:INCLUDED))),(type:RECENTLY_CHANGED_JOBS,values:List((id:RPC,text:Changed%2520jobs,selectionType:INCLUDED))),(type:RELATIONSHIP,values:List((id:O,text:3rd%252B%2520degree%2520connections,selectionType:INCLUDED))),(type:POSTED_ON_LINKEDIN,values:List((id:RPOL,text:Posted%2520on%2520LinkedIn,selectionType:INCLUDED)))))&sessionId=7PDP%2FfqwRIe1fIP96wVAIg%3D%3D&viewAllFilters=true",""
"bafc597b-0cde-4510-9216-4604fffa8c15","7946dcc3-0639-4de2-aea0-80fc20c6e5b6",2,"pending","INDUSTRY","33",,"","https://www.linkedin.com/sales/search/people?query=(recentSearchParam:(id:5752546450,doLogHistory:true),filters:List((type:INDUSTRY,values:List((id:33,selectionType:INCLUDED))),(type:GEOGRAPHY,values:List((id:91000010,selectionType:INCLUDED))),(type:FOLLOWS_YOUR_COMPANY,values:List((id:CF,text:Following%2520your%2520company,selectionType:INCLUDED))),(type:RECENTLY_CHANGED_JOBS,values:List((id:RPC,text:Changed%2520jobs,selectionType:INCLUDED))),(type:RELATIONSHIP,values:List((id:O,text:3rd%252B%2520degree%2520connections,selectionType:INCLUDED))),(type:POSTED_ON_LINKEDIN,values:List((id:RPOL,text:Posted%2520on%2520LinkedIn,selectionType:INCLUDED)))))&sessionId=7PDP%2FfqwRIe1fIP96wVAIg%3D%3D&viewAllFilters=true",""
"880fb98a-3b55-4042-a7c1-780d7616f15a","7946dcc3-0639-4de2-aea0-80fc20c6e5b6",2,"pending","INDUSTRY","34",,"","https://www.linkedin.com/sales/search/people?query=(recentSearchParam:(id:5752546450,doLogHistory:true),filters:List((type:INDUSTRY,values:List((id:34,selectionType:INCLUDED))),(type:GEOGRAPHY,values:List((id:91000010,selectionType:INCLUDED))),(type:FOLLOWS_YOUR_COMPANY,values:List((id:CF,text:Following%2520your%2520company,selectionType:INCLUDED))),(type:RECENTLY_CHANGED_JOBS,values:List((id:RPC,text:Changed%2520jobs,selectionType:INCLUDED))),(type:RELATIONSHIP,values:List((id:O,text:3rd%252B%2520degree%2520connections,selectionType:INCLUDED))),(type:POSTED_ON_LINKEDIN,values:List((id:RPOL,text:Posted%2520on%2520LinkedIn,selectionType:INCLUDED)))))&sessionId=7PDP%2FfqwRIe1fIP96wVAIg%3D%3D&viewAllFilters=true",""
"2891f056-ee77-43f2-81a6-e9ce8c962bb2","7946dcc3-0639-4de2-aea0-80fc20c6e5b6",2,"pending","INDUSTRY","35",,"","https://www.linkedin.com/sales/search/people?query=(recentSearchParam:(id:5752546450,doLogHistory:true),filters:List((type:INDUSTRY,values:List((id:35,selectionType:INCLUDED))),(type:GEOGRAPHY,values:List((id:91000010,selectionType:INCLUDED))),(type:FOLLOWS_YOUR_COMPANY,values:List((id:CF,text:Following%2520your%2520company,selectionType:INCLUDED))),(type:RECENTLY_CHANGED_JOBS,values:List((id:RPC,text:Changed%2520jobs,selectionType:INCLUDED))),(type:RELATIONSHIP,values:List((id:O,text:3rd%252B%2520degree%2520connections,selectionType:INCLUDED))),(type:POSTED_ON_LINKEDIN,values:List((id:RPOL,text:Posted%2520on%2520LinkedIn,selectionType:INCLUDED)))))&sessionId=7PDP%2FfqwRIe1fIP96wVAIg%3D%3D&viewAllFilters=true",""
"d7d225f3-5c28-4a48-a58b-03cfb7ef3049","7946dcc3-0639-4de2-aea0-80fc20c6e5b6",2,"pending","INDUSTRY","36",,"","https://www.linkedin.com/sales/search/people?query=(recentSearchParam:(id:5752546450,doLogHistory:true),filters:List((type:INDUSTRY,values:List((id:36,selectionType:INCLUDED))),(type:GEOGRAPHY,values:List((id:91000010,selectionType:INCLUDED))),(type:FOLLOWS_YOUR_COMPANY,values:List((id:CF,text:Following%2520your%2520company,selectionType:INCLUDED))),(type:RECENTLY_CHANGED_JOBS,values:List((id:RPC,text:Changed%2520jobs,selectionType:INCLUDED))),(type:RELATIONSHIP,values:List((id:O,text:3rd%252B%2520degree%2520connections,selectionType:INCLUDED))),(type:POSTED_ON_LINKEDIN,values:List((id:RPOL,text:Posted%2520on%2520LinkedIn,selectionType:INCLUDED)))))&sessionId=7PDP%2FfqwRIe1fIP96wVAIg%3D%3D&viewAllFilters=true",""
"92381f13-f17a-4b39-8fc0-4c96acf987e8","7946dcc3-0639-4de2-aea0-80fc20c6e5b6",2,"pending","INDUSTRY","37",,"","https://www.linkedin.com/sales/search/people?query=(recentSearchParam:(id:5752546450,doLogHistory:true),filters:List((type:INDUSTRY,values:List((id:37,selectionType:INCLUDED))),(type:GEOGRAPHY,values:List((id:91000010,selectionType:INCLUDED))),(type:FOLLOWS_YOUR_COMPANY,values:List((id:CF,text:Following%2520your%2520company,selectionType:INCLUDED))),(type:RECENTLY_CHANGED_JOBS,values:List((id:RPC,text:Changed%2520jobs,selectionType:INCLUDED))),(type:RELATIONSHIP,values:List((id:O,text:3rd%252B%2520degree%2520connections,selectionType:INCLUDED))),(type:POSTED_ON_LINKEDIN,values:List((id:RPOL,text:Posted%2520on%2520LinkedIn,selectionType:INCLUDED)))))&sessionId=7PDP%2FfqwRIe1fIP96wVAIg%3D%3D&viewAllFilters=true",""
"6570ef01-6f70-41cc-a5f9-59f0ee057606","7946dcc3-0639-4de2-aea0-80fc20c6e5b6",2,"pending","INDUSTRY","38",,"","https://www.linkedin.com/sales/search/people?query=(recentSearchParam:(id:5752546450,doLogHistory:true),filters:List((type:INDUSTRY,values:List((id:38,selectionType:INCLUDED))),(type:GEOGRAPHY,values:List((id:91000010,selectionType:INCLUDED))),(type:FOLLOWS_YOUR_COMPANY,values:List((id:CF,text:Following%2520your%2520company,selectionType:INCLUDED))),(type:RECENTLY_CHANGED_JOBS,values:List((id:RPC,text:Changed%2520jobs,selectionType:INCLUDED))),(type:RELATIONSHIP,values:List((id:O,text:3rd%252B%2520degree%2520connections,selectionType:INCLUDED))),(type:POSTED_ON_LINKEDIN,values:List((id:RPOL,text:Posted%2520on%2520LinkedIn,selectionType:INCLUDED)))))&sessionId=7PDP%2FfqwRIe1fIP96wVAIg%3D%3D&viewAllFilters=true",""
"653c1d41-44a0-4787-a19f-8f004c6daecf","7946dcc3-0639-4de2-aea0-80fc20c6e5b6",2,"pending","INDUSTRY","39",,"","https://www.linkedin.com/sales/search/people?query=(recentSearchParam:(id:5752546450,doLogHistory:true),filters:List((type:INDUSTRY,values:List((id:39,selectionType:INCLUDED))),(type:GEOGRAPHY,values:List((id:91000010,selectionType:INCLUDED))),(type:FOLLOWS_YOUR_COMPANY,values:List((id:CF,text:Following%2520your%2520company,selectionType:INCLUDED))),(type:RECENTLY_CHANGED_JOBS,values:List((id:RPC,text:Changed%2520jobs,selectionType:INCLUDED))),(type:RELATIONSHIP,values:List((id:O,text:3rd%252B%2520degree%2520connections,selectionType:INCLUDED))),(type:POSTED_ON_LINKEDIN,values:List((id:RPOL,text:Posted%2520on%2520LinkedIn,selectionType:INCLUDED)))))&sessionId=7PDP%2FfqwRIe1fIP96wVAIg%3D%3D&viewAllFilters=true",""
"8a93b699-38a8-4d66-8755-e49d14769205","7946dcc3-0639-4de2-aea0-80fc20c6e5b6",2,"pending","INDUSTRY","40",,"","https://www.linkedin.com/sales/search/people?query=(recentSearchParam:(id:5752546450,doLogHistory:true),filters:List((type:INDUSTRY,values:List((id:40,selectionType:INCLUDED))),(type:GEOGRAPHY,values:List((id:91000010,selectionType:INCLUDED))),(type:FOLLOWS_YOUR_COMPANY,values:List((id:CF,text:Following%2520your%2520company,selectionType:INCLUDED))),(type:RECENTLY_CHANGED_JOBS,values:List((id:RPC,text:Changed%2520jobs,selectionType:INCLUDED))),(type:RELATIONSHIP,values:List((id:O,text:3rd%252B%2520degree%2520connections,selectionType:INCLUDED))),(type:POSTED_ON_LINKEDIN,values:List((id:RPOL,text:Posted%2520on%2520LinkedIn,selectionType:INCLUDED)))))&sessionId=7PDP%2FfqwRIe1fIP96wVAIg%3D%3D&viewAllFilters=true",""
"7155aae9-ce35-4442-9258-021db481996f","7946dcc3-0639-4de2-aea0-80fc20c6e5b6",2,"pending","INDUSTRY","41",,"","https://www.linkedin.com/sales/search/people?query=(recentSearchParam:(id:5752546450,doLogHistory:true),filters:List((type:INDUSTRY,values:List((id:41,selectionType:INCLUDED))),(type:GEOGRAPHY,values:List((id:91000010,selectionType:INCLUDED))),(type:FOLLOWS_YOUR_COMPANY,values:List((id:CF,text:Following%2520your%2520company,selectionType:INCLUDED))),(type:RECENTLY_CHANGED_JOBS,values:List((id:RPC,text:Changed%2520jobs,selectionType:INCLUDED))),(type:RELATIONSHIP,values:List((id:O,text:3rd%252B%2520degree%2520connections,selectionType:INCLUDED))),(type:POSTED_ON_LINKEDIN,values:List((id:RPOL,text:Posted%2520on%2520LinkedIn,selectionType:INCLUDED)))))&sessionId=7PDP%2FfqwRIe1fIP96wVAIg%3D%3D&viewAllFilters=true",""
"77d362d7-bee4-4d6a-a55a-2c9e401d7fff","7946dcc3-0639-4de2-aea0-80fc20c6e5b6",2,"pending","INDUSTRY","42",,"","https://www.linkedin.com/sales/search/people?query=(recentSearchParam:(id:5752546450,doLogHistory:true),filters:List((type:INDUSTRY,values:List((id:42,selectionType:INCLUDED))),(type:GEOGRAPHY,values:List((id:91000010,selectionType:INCLUDED))),(type:FOLLOWS_YOUR_COMPANY,values:List((id:CF,text:Following%2520your%2520company,selectionType:INCLUDED))),(type:RECENTLY_CHANGED_JOBS,values:List((id:RPC,text:Changed%2520jobs,selectionType:INCLUDED))),(type:RELATIONSHIP,values:List((id:O,text:3rd%252B%2520degree%2520connections,selectionType:INCLUDED))),(type:POSTED_ON_LINKEDIN,values:List((id:RPOL,text:Posted%2520on%2520LinkedIn,selectionType:INCLUDED)))))&sessionId=7PDP%2FfqwRIe1fIP96wVAIg%3D%3D&viewAllFilters=true",""
"b8aabece-b834-4802-af2e-5b7eab09eba9","7946dcc3-0639-4de2-aea0-80fc20c6e5b6",2,"pending","INDUSTRY","43",,"","https://www.linkedin.com/sales/search/people?query=(recentSearchParam:(id:5752546450,doLogHistory:true),filters:List((type:INDUSTRY,values:List((id:43,selectionType:INCLUDED))),(type:GEOGRAPHY,values:List((id:91000010,selectionType:INCLUDED))),(type:FOLLOWS_YOUR_COMPANY,values:List((id:CF,text:Following%2520your%2520company,selectionType:INCLUDED))),(type:RECENTLY_CHANGED_JOBS,values:List((id:RPC,text:Changed%2520jobs,selectionType:INCLUDED))),(type:RELATIONSHIP,values:List((id:O,text:3rd%252B%2520degree%2520connections,selectionType:INCLUDED))),(type:POSTED_ON_LINKEDIN,values:List((id:RPOL,text:Posted%2520on%2520LinkedIn,selectionType:INCLUDED)))))&sessionId=7PDP%2FfqwRIe1fIP96wVAIg%3D%3D&viewAllFilters=true",""
"da4f1bbc-3653-4490-aa14-1e4ae17a0303","7946dcc3-0639-4de2-aea0-80fc20c6e5b6",2,"pending","INDUSTRY","44",,"","https://www.linkedin.com/sales/search/people?query=(recentSearchParam:(id:5752546450,doLogHistory:true),filters:List((type:INDUSTRY,values:List((id:44,selectionType:INCLUDED))),(type:GEOGRAPHY,values:List((id:91000010,selectionType:INCLUDED))),(type:FOLLOWS_YOUR_COMPANY,values:List((id:CF,text:Following%2520your%2520company,selectionType:INCLUDED))),(type:RECENTLY_CHANGED_JOBS,values:List((id:RPC,text:Changed%2520jobs,selectionType:INCLUDED))),(type:RELATIONSHIP,values:List((id:O,text:3rd%252B%2520degree%2520connections,selectionType:INCLUDED))),(type:POSTED_ON_LINKEDIN,values:List((id:RPOL,text:Posted%2520on%2520LinkedIn,selectionType:INCLUDED)))))&sessionId=7PDP%2FfqwRIe1fIP96wVAIg%3D%3D&viewAllFilters=true",""
"77738280-1f1e-42df-850a-587bc6aec0a9","7946dcc3-0639-4de2-aea0-80fc20c6e5b6",2,"pending","INDUSTRY","45",,"","https://www.linkedin.com/sales/search/people?query=(recentSearchParam:(id:5752546450,doLogHistory:true),filters:List((type:INDUSTRY,values:List((id:45,selectionType:INCLUDED))),(type:GEOGRAPHY,values:List((id:91000010,selectionType:INCLUDED))),(type:FOLLOWS_YOUR_COMPANY,values:List((id:CF,text:Following%2520your%2520company,selectionType:INCLUDED))),(type:RECENTLY_CHANGED_JOBS,values:List((id:RPC,text:Changed%2520jobs,selectionType:INCLUDED))),(type:RELATIONSHIP,values:List((id:O,text:3rd%252B%2520degree%2520connections,selectionType:INCLUDED))),(type:POSTED_ON_LINKEDIN,values:List((id:RPOL,text:Posted%2520on%2520LinkedIn,selectionType:INCLUDED)))))&sessionId=7PDP%2FfqwRIe1fIP96wVAIg%3D%3D&viewAllFilters=true",""
"710b93ae-7ddd-4ddc-9e6b-4ec0b14581e0","7946dcc3-0639-4de2-aea0-80fc20c6e5b6",2,"pending","INDUSTRY","46",,"","https://www.linkedin.com/sales/search/people?query=(recentSearchParam:(id:5752546450,doLogHistory:true),filters:List((type:INDUSTRY,values:List((id:46,selectionType:INCLUDED))),(type:GEOGRAPHY,values:List((id:91000010,selectionType:INCLUDED))),(type:FOLLOWS_YOUR_COMPANY,values:List((id:CF,text:Following%2520your%2520company,selectionType:INCLUDED))),(type:RECENTLY_CHANGED_JOBS,values:List((id:RPC,text:Changed%2520jobs,selectionType:INCLUDED))),(type:RELATIONSHIP,values:List((id:O,text:3rd%252B%2520degree%2520connections,selectionType:INCLUDED))),(type:POSTED_ON_LINKEDIN,values:List((id:RPOL,text:Posted%2520on%2520LinkedIn,selectionType:INCLUDED)))))&sessionId=7PDP%2FfqwRIe1fIP96wVAIg%3D%3D&viewAllFilters=true",""
"3e48647a-27bb-4ba4-8477-54031788db4d","7946dcc3-0639-4de2-aea0-80fc20c6e5b6",2,"pending","INDUSTRY","47",,"","https://www.linkedin.com/sales/search/people?query=(recentSearchParam:(id:5752546450,doLogHistory:true),filters:List((type:INDUSTRY,values:List((id:47,selectionType:INCLUDED))),(type:GEOGRAPHY,values:List((id:91000010,selectionType:INCLUDED))),(type:FOLLOWS_YOUR_COMPANY,values:List((id:CF,text:Following%2520your%2520company,selectionType:INCLUDED))),(type:RECENTLY_CHANGED_JOBS,values:List((id:RPC,text:Changed%2520jobs,selectionType:INCLUDED))),(type:RELATIONSHIP,values:List((id:O,text:3rd%252B%2520degree%2520connections,selectionType:INCLUDED))),(type:POSTED_ON_LINKEDIN,values:List((id:RPOL,text:Posted%2520on%2520LinkedIn,selectionType:INCLUDED)))))&sessionId=7PDP%2FfqwRIe1fIP96wVAIg%3D%3D&viewAllFilters=true",""
"c3215038-ec52-4176-9a8a-a5a4140c089a","7946dcc3-0639-4de2-aea0-80fc20c6e5b6",2,"pending","INDUSTRY","48",,"","https://www.linkedin.com/sales/search/people?query=(recentSearchParam:(id:5752546450,doLogHistory:true),filters:List((type:INDUSTRY,values:List((id:48,selectionType:INCLUDED))),(type:GEOGRAPHY,values:List((id:91000010,selectionType:INCLUDED))),(type:FOLLOWS_YOUR_COMPANY,values:List((id:CF,text:Following%2520your%2520company,selectionType:INCLUDED))),(type:RECENTLY_CHANGED_JOBS,values:List((id:RPC,text:Changed%2520jobs,selectionType:INCLUDED))),(type:RELATIONSHIP,values:List((id:O,text:3rd%252B%2520degree%2520connections,selectionType:INCLUDED))),(type:POSTED_ON_LINKEDIN,values:List((id:RPOL,text:Posted%2520on%2520LinkedIn,selectionType:INCLUDED)))))&sessionId=7PDP%2FfqwRIe1fIP96wVAIg%3D%3D&viewAllFilters=true",""
"b366ebd6-de10-4047-8843-8bd98248ff2e","7946dcc3-0639-4de2-aea0-80fc20c6e5b6",2,"pending","INDUSTRY","49",,"","https://www.linkedin.com/sales/search/people?query=(recentSearchParam:(id:5752546450,doLogHistory:true),filters:List((type:INDUSTRY,values:List((id:49,selectionType:INCLUDED))),(type:GEOGRAPHY,values:List((id:91000010,selectionType:INCLUDED))),(type:FOLLOWS_YOUR_COMPANY,values:List((id:CF,text:Following%2520your%2520company,selectionType:INCLUDED))),(type:RECENTLY_CHANGED_JOBS,values:List((id:RPC,text:Changed%2520jobs,selectionType:INCLUDED))),(type:RELATIONSHIP,values:List((id:O,text:3rd%252B%2520degree%2520connections,selectionType:INCLUDED))),(type:POSTED_ON_LINKEDIN,values:List((id:RPOL,text:Posted%2520on%2520LinkedIn,selectionType:INCLUDED)))))&sessionId=7PDP%2FfqwRIe1fIP96wVAIg%3D%3D&viewAllFilters=true",""
"3793880a-1a0f-4c15-89fb-56d3869ffea7","7946dcc3-0639-4de2-aea0-80fc20c6e5b6",2,"pending","INDUSTRY","50",,"","https://www.linkedin.com/sales/search/people?query=(recentSearchParam:(id:5752546450,doLogHistory:true),filters:List((type:INDUSTRY,values:List((id:50,selectionType:INCLUDED))),(type:GEOGRAPHY,values:List((id:91000010,selectionType:INCLUDED))),(type:FOLLOWS_YOUR_COMPANY,values:List((id:CF,text:Following%2520your%2520company,selectionType:INCLUDED))),(type:RECENTLY_CHANGED_JOBS,values:List((id:RPC,text:Changed%2520jobs,selectionType:INCLUDED))),(type:RELATIONSHIP,values:List((id:O,text:3rd%252B%2520degree%2520connections,selectionType:INCLUDED))),(type:POSTED_ON_LINKEDIN,values:List((id:RPOL,text:Posted%2520on%2520LinkedIn,selectionType:INCLUDED)))))&sessionId=7PDP%2FfqwRIe1fIP96wVAIg%3D%3D&viewAllFilters=true",""
"3e6a58a2-3a5e-4823-84f5-7ef6851bd3f4","7946dcc3-0639-4de2-aea0-80fc20c6e5b6",2,"pending","INDUSTRY","51",,"","https://www.linkedin.com/sales/search/people?query=(recentSearchParam:(id:5752546450,doLogHistory:true),filters:List((type:INDUSTRY,values:List((id:51,selectionType:INCLUDED))),(type:GEOGRAPHY,values:List((id:91000010,selectionType:INCLUDED))),(type:FOLLOWS_YOUR_COMPANY,values:List((id:CF,text:Following%2520your%2520company,selectionType:INCLUDED))),(type:RECENTLY_CHANGED_JOBS,values:List((id:RPC,text:Changed%2520jobs,selectionType:INCLUDED))),(type:RELATIONSHIP,values:List((id:O,text:3rd%252B%2520degree%2520connections,selectionType:INCLUDED))),(type:POSTED_ON_LINKEDIN,values:List((id:RPOL,text:Posted%2520on%2520LinkedIn,selectionType:INCLUDED)))))&sessionId=7PDP%2FfqwRIe1fIP96wVAIg%3D%3D&viewAllFilters=true",""
"3cce70a6-c7f9-408b-8474-223af3db3ab6","7946dcc3-0639-4de2-aea0-80fc20c6e5b6",2,"pending","INDUSTRY","52",,"","https://www.linkedin.com/sales/search/people?query=(recentSearchParam:(id:5752546450,doLogHistory:true),filters:List((type:INDUSTRY,values:List((id:52,selectionType:INCLUDED))),(type:GEOGRAPHY,values:List((id:91000010,selectionType:INCLUDED))),(type:FOLLOWS_YOUR_COMPANY,values:List((id:CF,text:Following%2520your%2520company,selectionType:INCLUDED))),(type:RECENTLY_CHANGED_JOBS,values:List((id:RPC,text:Changed%2520jobs,selectionType:INCLUDED))),(type:RELATIONSHIP,values:List((id:O,text:3rd%252B%2520degree%2520connections,selectionType:INCLUDED))),(type:POSTED_ON_LINKEDIN,values:List((id:RPOL,text:Posted%2520on%2520LinkedIn,selectionType:INCLUDED)))))&sessionId=7PDP%2FfqwRIe1fIP96wVAIg%3D%3D&viewAllFilters=true",""
"d080dfac-65cc-40a5-8b83-c1f88ac9090b","7946dcc3-0639-4de2-aea0-80fc20c6e5b6",2,"pending","INDUSTRY","53",,"","https://www.linkedin.com/sales/search/people?query=(recentSearchParam:(id:5752546450,doLogHistory:true),filters:List((type:INDUSTRY,values:List((id:53,selectionType:INCLUDED))),(type:GEOGRAPHY,values:List((id:91000010,selectionType:INCLUDED))),(type:FOLLOWS_YOUR_COMPANY,values:List((id:CF,text:Following%2520your%2520company,selectionType:INCLUDED))),(type:RECENTLY_CHANGED_JOBS,values:List((id:RPC,text:Changed%2520jobs,selectionType:INCLUDED))),(type:RELATIONSHIP,values:List((id:O,text:3rd%252B%2520degree%2520connections,selectionType:INCLUDED))),(type:POSTED_ON_LINKEDIN,values:List((id:RPOL,text:Posted%2520on%2520LinkedIn,selectionType:INCLUDED)))))&sessionId=7PDP%2FfqwRIe1fIP96wVAIg%3D%3D&viewAllFilters=true",""
"69ab818b-182a-4fee-beb4-25d069ac4cbc","7946dcc3-0639-4de2-aea0-80fc20c6e5b6",2,"pending","INDUSTRY","54",,"","https://www.linkedin.com/sales/search/people?query=(recentSearchParam:(id:5752546450,doLogHistory:true),filters:List((type:INDUSTRY,values:List((id:54,selectionType:INCLUDED))),(type:GEOGRAPHY,values:List((id:91000010,selectionType:INCLUDED))),(type:FOLLOWS_YOUR_COMPANY,values:List((id:CF,text:Following%2520your%2520company,selectionType:INCLUDED))),(type:RECENTLY_CHANGED_JOBS,values:List((id:RPC,text:Changed%2520jobs,selectionType:INCLUDED))),(type:RELATIONSHIP,values:List((id:O,text:3rd%252B%2520degree%2520connections,selectionType:INCLUDED))),(type:POSTED_ON_LINKEDIN,values:List((id:RPOL,text:Posted%2520on%2520LinkedIn,selectionType:INCLUDED)))))&sessionId=7PDP%2FfqwRIe1fIP96wVAIg%3D%3D&viewAllFilters=true",""
"c668de3b-459f-4fec-9dd4-a607099f6aa8","7946dcc3-0639-4de2-aea0-80fc20c6e5b6",2,"pending","INDUSTRY","55",,"","https://www.linkedin.com/sales/search/people?query=(recentSearchParam:(id:5752546450,doLogHistory:true),filters:List((type:INDUSTRY,values:List((id:55,selectionType:INCLUDED))),(type:GEOGRAPHY,values:List((id:91000010,selectionType:INCLUDED))),(type:FOLLOWS_YOUR_COMPANY,values:List((id:CF,text:Following%2520your%2520company,selectionType:INCLUDED))),(type:RECENTLY_CHANGED_JOBS,values:List((id:RPC,text:Changed%2520jobs,selectionType:INCLUDED))),(type:RELATIONSHIP,values:List((id:O,text:3rd%252B%2520degree%2520connections,selectionType:INCLUDED))),(type:POSTED_ON_LINKEDIN,values:List((id:RPOL,text:Posted%2520on%2520LinkedIn,selectionType:INCLUDED)))))&sessionId=7PDP%2FfqwRIe1fIP96wVAIg%3D%3D&viewAllFilters=true",""
"a3dfa5d3-8892-4ae4-ae2f-1b72939f0ae3","7946dcc3-0639-4de2-aea0-80fc20c6e5b6",2,"pending","INDUSTRY","56",,"","https://www.linkedin.com/sales/search/people?query=(recentSearchParam:(id:5752546450,doLogHistory:true),filters:List((type:INDUSTRY,values:List((id:56,selectionType:INCLUDED))),(type:GEOGRAPHY,values:List((id:91000010,selectionType:INCLUDED))),(type:FOLLOWS_YOUR_COMPANY,values:List((id:CF,text:Following%2520your%2520company,selectionType:INCLUDED))),(type:RECENTLY_CHANGED_JOBS,values:List((id:RPC,text:Changed%2520jobs,selectionType:INCLUDED))),(type:RELATIONSHIP,values:List((id:O,text:3rd%252B%2520degree%2520connections,selectionType:INCLUDED))),(type:POSTED_ON_LINKEDIN,values:List((id:RPOL,text:Posted%2520on%2520LinkedIn,selectionType:INCLUDED)))))&sessionId=7PDP%2FfqwRIe1fIP96wVAIg%3D%3D&viewAllFilters=true",""
"65124fd2-0a43-4a3a-83fd-44693633a4bb","7946dcc3-0639-4de2-aea0-80fc20c6e5b6",2,"pending","INDUSTRY","57",,"","https://www.linkedin.com/sales/search/people?query=(recentSearchParam:(id:5752546450,doLogHistory:true),filters:List((type:INDUSTRY,values:List((id:57,selectionType:INCLUDED))),(type:GEOGRAPHY,values:List((id:91000010,selectionType:INCLUDED))),(type:FOLLOWS_YOUR_COMPANY,values:List((id:CF,text:Following%2520your%2520company,selectionType:INCLUDED))),(type:RECENTLY_CHANGED_JOBS,values:List((id:RPC,text:Changed%2520jobs,selectionType:INCLUDED))),(type:RELATIONSHIP,values:List((id:O,text:3rd%252B%2520degree%2520connections,selectionType:INCLUDED))),(type:POSTED_ON_LINKEDIN,values:List((id:RPOL,text:Posted%2520on%2520LinkedIn,selectionType:INCLUDED)))))&sessionId=7PDP%2FfqwRIe1fIP96wVAIg%3D%3D&viewAllFilters=true",""
"3afc7d73-c2d4-42bc-9ee9-e5677690610a","7946dcc3-0639-4de2-aea0-80fc20c6e5b6",2,"pending","INDUSTRY","58",,"","https://www.linkedin.com/sales/search/people?query=(recentSearchParam:(id:5752546450,doLogHistory:true),filters:List((type:INDUSTRY,values:List((id:58,selectionType:INCLUDED))),(type:GEOGRAPHY,values:List((id:91000010,selectionType:INCLUDED))),(type:FOLLOWS_YOUR_COMPANY,values:List((id:CF,text:Following%2520your%2520company,selectionType:INCLUDED))),(type:RECENTLY_CHANGED_JOBS,values:List((id:RPC,text:Changed%2520jobs,selectionType:INCLUDED))),(type:RELATIONSHIP,values:List((id:O,text:3rd%252B%2520degree%2520connections,selectionType:INCLUDED))),(type:POSTED_ON_LINKEDIN,values:List((id:RPOL,text:Posted%2520on%2520LinkedIn,selectionType:INCLUDED)))))&sessionId=7PDP%2FfqwRIe1fIP96wVAIg%3D%3D&viewAllFilters=true",""
"61f2eebf-9ce9-45f3-a95e-2c410a77ac7d","7946dcc3-0639-4de2-aea0-80fc20c6e5b6",2,"pending","INDUSTRY","59",,"","https://www.linkedin.com/sales/search/people?query=(recentSearchParam:(id:5752546450,doLogHistory:true),filters:List((type:INDUSTRY,values:List((id:59,selectionType:INCLUDED))),(type:GEOGRAPHY,values:List((id:91000010,selectionType:INCLUDED))),(type:FOLLOWS_YOUR_COMPANY,values:List((id:CF,text:Following%2520your%2520company,selectionType:INCLUDED))),(type:RECENTLY_CHANGED_JOBS,values:List((id:RPC,text:Changed%2520jobs,selectionType:INCLUDED))),(type:RELATIONSHIP,values:List((id:O,text:3rd%252B%2520degree%2520connections,selectionType:INCLUDED))),(type:POSTED_ON_LINKEDIN,values:List((id:RPOL,text:Posted%2520on%2520LinkedIn,selectionType:INCLUDED)))))&sessionId=7PDP%2FfqwRIe1fIP96wVAIg%3D%3D&viewAllFilters=true",""
"43712b4a-5488-4949-b71c-bc9cbe055364","7946dcc3-0639-4de2-aea0-80fc20c6e5b6",2,"pending","INDUSTRY","60",,"","https://www.linkedin.com/sales/search/people?query=(recentSearchParam:(id:5752546450,doLogHistory:true),filters:List((type:INDUSTRY,values:List((id:60,selectionType:INCLUDED))),(type:GEOGRAPHY,values:List((id:91000010,selectionType:INCLUDED))),(type:FOLLOWS_YOUR_COMPANY,values:List((id:CF,text:Following%2520your%2520company,selectionType:INCLUDED))),(type:RECENTLY_CHANGED_JOBS,values:List((id:RPC,text:Changed%2520jobs,selectionType:INCLUDED))),(type:RELATIONSHIP,values:List((id:O,text:3rd%252B%2520degree%2520connections,selectionType:INCLUDED))),(type:POSTED_ON_LINKEDIN,values:List((id:RPOL,text:Posted%2520on%2520LinkedIn,selectionType:INCLUDED)))))&sessionId=7PDP%2FfqwRIe1fIP96wVAIg%3D%3D&viewAllFilters=true",""
"5f1af8ba-acf7-402e-8b3f-4e4c8568f041","7946dcc3-0639-4de2-aea0-80fc20c6e5b6",2,"pending","INDUSTRY","61",,"","https://www.linkedin.com/sales/search/people?query=(recentSearchParam:(id:5752546450,doLogHistory:true),filters:List((type:INDUSTRY,values:List((id:61,selectionType:INCLUDED))),(type:GEOGRAPHY,values:List((id:91000010,selectionType:INCLUDED))),(type:FOLLOWS_YOUR_COMPANY,values:List((id:CF,text:Following%2520your%2520company,selectionType:INCLUDED))),(type:RECENTLY_CHANGED_JOBS,values:List((id:RPC,text:Changed%2520jobs,selectionType:INCLUDED))),(type:RELATIONSHIP,values:List((id:O,text:3rd%252B%2520degree%2520connections,selectionType:INCLUDED))),(type:POSTED_ON_LINKEDIN,values:List((id:RPOL,text:Posted%2520on%2520LinkedIn,selectionType:INCLUDED)))))&sessionId=7PDP%2FfqwRIe1fIP96wVAIg%3D%3D&viewAllFilters=true",""
"2754e1d8-4b68-4782-91f0-2fca7adff0d8","7946dcc3-0639-4de2-aea0-80fc20c6e5b6",2,"pending","INDUSTRY","62",,"","https://www.linkedin.com/sales/search/people?query=(recentSearchParam:(id:5752546450,doLogHistory:true),filters:List((type:INDUSTRY,values:List((id:62,selectionType:INCLUDED))),(type:GEOGRAPHY,values:List((id:91000010,selectionType:INCLUDED))),(type:FOLLOWS_YOUR_COMPANY,values:List((id:CF,text:Following%2520your%2520company,selectionType:INCLUDED))),(type:RECENTLY_CHANGED_JOBS,values:List((id:RPC,text:Changed%2520jobs,selectionType:INCLUDED))),(type:RELATIONSHIP,values:List((id:O,text:3rd%252B%2520degree%2520connections,selectionType:INCLUDED))),(type:POSTED_ON_LINKEDIN,values:List((id:RPOL,text:Posted%2520on%2520LinkedIn,selectionType:INCLUDED)))))&sessionId=7PDP%2FfqwRIe1fIP96wVAIg%3D%3D&viewAllFilters=true",""
"9211fb3d-059c-454e-bd3e-7095de0e33e4","7946dcc3-0639-4de2-aea0-80fc20c6e5b6",2,"pending","INDUSTRY","63",,"","https://www.linkedin.com/sales/search/people?query=(recentSearchParam:(id:5752546450,doLogHistory:true),filters:List((type:INDUSTRY,values:List((id:63,selectionType:INCLUDED))),(type:GEOGRAPHY,values:List((id:91000010,selectionType:INCLUDED))),(type:FOLLOWS_YOUR_COMPANY,values:List((id:CF,text:Following%2520your%2520company,selectionType:INCLUDED))),(type:RECENTLY_CHANGED_JOBS,values:List((id:RPC,text:Changed%2520jobs,selectionType:INCLUDED))),(type:RELATIONSHIP,values:List((id:O,text:3rd%252B%2520degree%2520connections,selectionType:INCLUDED))),(type:POSTED_ON_LINKEDIN,values:List((id:RPOL,text:Posted%2520on%2520LinkedIn,selectionType:INCLUDED)))))&sessionId=7PDP%2FfqwRIe1fIP96wVAIg%3D%3D&viewAllFilters=true",""
"c39a0506-bf5a-46e4-b09f-ea637e7784b1","7946dcc3-0639-4de2-aea0-80fc20c6e5b6",2,"pending","INDUSTRY","64",,"","https://www.linkedin.com/sales/search/people?query=(recentSearchParam:(id:5752546450,doLogHistory:true),filters:List((type:INDUSTRY,values:List((id:64,selectionType:INCLUDED))),(type:GEOGRAPHY,values:List((id:91000010,selectionType:INCLUDED))),(type:FOLLOWS_YOUR_COMPANY,values:List((id:CF,text:Following%2520your%2520company,selectionType:INCLUDED))),(type:RECENTLY_CHANGED_JOBS,values:List((id:RPC,text:Changed%2520jobs,selectionType:INCLUDED))),(type:RELATIONSHIP,values:List((id:O,text:3rd%252B%2520degree%2520connections,selectionType:INCLUDED))),(type:POSTED_ON_LINKEDIN,values:List((id:RPOL,text:Posted%2520on%2520LinkedIn,selectionType:INCLUDED)))))&sessionId=7PDP%2FfqwRIe1fIP96wVAIg%3D%3D&viewAllFilters=true",""
"dbb97833-3207-42af-bd86-b0ff882dcbe8","7946dcc3-0639-4de2-aea0-80fc20c6e5b6",2,"pending","INDUSTRY","65",,"","https://www.linkedin.com/sales/search/people?query=(recentSearchParam:(id:5752546450,doLogHistory:true),filters:List((type:INDUSTRY,values:List((id:65,selectionType:INCLUDED))),(type:GEOGRAPHY,values:List((id:91000010,selectionType:INCLUDED))),(type:FOLLOWS_YOUR_COMPANY,values:List((id:CF,text:Following%2520your%2520company,selectionType:INCLUDED))),(type:RECENTLY_CHANGED_JOBS,values:List((id:RPC,text:Changed%2520jobs,selectionType:INCLUDED))),(type:RELATIONSHIP,values:List((id:O,text:3rd%252B%2520degree%2520connections,selectionType:INCLUDED))),(type:POSTED_ON_LINKEDIN,values:List((id:RPOL,text:Posted%2520on%2520LinkedIn,selectionType:INCLUDED)))))&sessionId=7PDP%2FfqwRIe1fIP96wVAIg%3D%3D&viewAllFilters=true",""
"4ed3414e-2502-4b8f-a794-b7797d67d225","7946dcc3-0639-4de2-aea0-80fc20c6e5b6",2,"pending","INDUSTRY","66",,"","https://www.linkedin.com/sales/search/people?query=(recentSearchParam:(id:5752546450,doLogHistory:true),filters:List((type:INDUSTRY,values:List((id:66,selectionType:INCLUDED))),(type:GEOGRAPHY,values:List((id:91000010,selectionType:INCLUDED))),(type:FOLLOWS_YOUR_COMPANY,values:List((id:CF,text:Following%2520your%2520company,selectionType:INCLUDED))),(type:RECENTLY_CHANGED_JOBS,values:List((id:RPC,text:Changed%2520jobs,selectionType:INCLUDED))),(type:RELATIONSHIP,values:List((id:O,text:3rd%252B%2520degree%2520connections,selectionType:INCLUDED))),(type:POSTED_ON_LINKEDIN,values:List((id:RPOL,text:Posted%2520on%2520LinkedIn,selectionType:INCLUDED)))))&sessionId=7PDP%2FfqwRIe1fIP96wVAIg%3D%3D&viewAllFilters=true",""
"4244a362-898d-49ec-9851-e3382d669225","7946dcc3-0639-4de2-aea0-80fc20c6e5b6",2,"pending","INDUSTRY","67",,"","https://www.linkedin.com/sales/search/people?query=(recentSearchParam:(id:5752546450,doLogHistory:true),filters:List((type:INDUSTRY,values:List((id:67,selectionType:INCLUDED))),(type:GEOGRAPHY,values:List((id:91000010,selectionType:INCLUDED))),(type:FOLLOWS_YOUR_COMPANY,values:List((id:CF,text:Following%2520your%2520company,selectionType:INCLUDED))),(type:RECENTLY_CHANGED_JOBS,values:List((id:RPC,text:Changed%2520jobs,selectionType:INCLUDED))),(type:RELATIONSHIP,values:List((id:O,text:3rd%252B%2520degree%2520connections,selectionType:INCLUDED))),(type:POSTED_ON_LINKEDIN,values:List((id:RPOL,text:Posted%2520on%2520LinkedIn,selectionType:INCLUDED)))))&sessionId=7PDP%2FfqwRIe1fIP96wVAIg%3D%3D&viewAllFilters=true",""
"b9a4c22e-7635-45c4-9fe5-184b949a16e8","7946dcc3-0639-4de2-aea0-80fc20c6e5b6",2,"pending","INDUSTRY","68",,"","https://www.linkedin.com/sales/search/people?query=(recentSearchParam:(id:5752546450,doLogHistory:true),filters:List((type:INDUSTRY,values:List((id:68,selectionType:INCLUDED))),(type:GEOGRAPHY,values:List((id:91000010,selectionType:INCLUDED))),(type:FOLLOWS_YOUR_COMPANY,values:List((id:CF,text:Following%2520your%2520company,selectionType:INCLUDED))),(type:RECENTLY_CHANGED_JOBS,values:List((id:RPC,text:Changed%2520jobs,selectionType:INCLUDED))),(type:RELATIONSHIP,values:List((id:O,text:3rd%252B%2520degree%2520connections,selectionType:INCLUDED))),(type:POSTED_ON_LINKEDIN,values:List((id:RPOL,text:Posted%2520on%2520LinkedIn,selectionType:INCLUDED)))))&sessionId=7PDP%2FfqwRIe1fIP96wVAIg%3D%3D&viewAllFilters=true",""
"e9816dfb-9675-4d4a-ae3f-7dd76a36b8c8","7946dcc3-0639-4de2-aea0-80fc20c6e5b6",2,"pending","INDUSTRY","69",,"","https://www.linkedin.com/sales/search/people?query=(recentSearchParam:(id:5752546450,doLogHistory:true),filters:List((type:INDUSTRY,values:List((id:69,selectionType:INCLUDED))),(type:GEOGRAPHY,values:List((id:91000010,selectionType:INCLUDED))),(type:FOLLOWS_YOUR_COMPANY,values:List((id:CF,text:Following%2520your%2520company,selectionType:INCLUDED))),(type:RECENTLY_CHANGED_JOBS,values:List((id:RPC,text:Changed%2520jobs,selectionType:INCLUDED))),(type:RELATIONSHIP,values:List((id:O,text:3rd%252B%2520degree%2520connections,selectionType:INCLUDED))),(type:POSTED_ON_LINKEDIN,values:List((id:RPOL,text:Posted%2520on%2520LinkedIn,selectionType:INCLUDED)))))&sessionId=7PDP%2FfqwRIe1fIP96wVAIg%3D%3D&viewAllFilters=true",""
"ce297149-3192-428d-b35c-19cb46220f09","0fd0e7cf-b5c4-4613-abc5-848ea81e49d0",2,"pending","INDUSTRY","1",,"","https://www.linkedin.com/sales/search/people?query=(recentSearchParam:(id:5752546450,doLogHistory:true),filters:List((type:INDUSTRY,values:List((id:1,selectionType:INCLUDED))),(type:GEOGRAPHY,values:List((id:104514572,selectionType:INCLUDED))),(type:FOLLOWS_YOUR_COMPANY,values:List((id:CF,text:Following%2520your%2520company,selectionType:INCLUDED))),(type:RECENTLY_CHANGED_JOBS,values:List((id:RPC,text:Changed%2520jobs,selectionType:INCLUDED))),(type:RELATIONSHIP,values:List((id:O,text:3rd%252B%2520degree%2520connections,selectionType:INCLUDED))),(type:POSTED_ON_LINKEDIN,values:List((id:RPOL,text:Posted%2520on%2520LinkedIn,selectionType:INCLUDED)))))&sessionId=7PDP%2FfqwRIe1fIP96wVAIg%3D%3D&viewAllFilters=true",""
"5fe24ca8-9c54-4edb-93de-662f105e6208","0fd0e7cf-b5c4-4613-abc5-848ea81e49d0",2,"pending","INDUSTRY","3",,"","https://www.linkedin.com/sales/search/people?query=(recentSearchParam:(id:5752546450,doLogHistory:true),filters:List((type:INDUSTRY,values:List((id:3,selectionType:INCLUDED))),(type:GEOGRAPHY,values:List((id:104514572,selectionType:INCLUDED))),(type:FOLLOWS_YOUR_COMPANY,values:List((id:CF,text:Following%2520your%2520company,selectionType:INCLUDED))),(type:RECENTLY_CHANGED_JOBS,values:List((id:RPC,text:Changed%2520jobs,selectionType:INCLUDED))),(type:RELATIONSHIP,values:List((id:O,text:3rd%252B%2520degree%2520connections,selectionType:INCLUDED))),(type:POSTED_ON_LINKEDIN,values:List((id:RPOL,text:Posted%2520on%2520LinkedIn,selectionType:INCLUDED)))))&sessionId=7PDP%2FfqwRIe1fIP96wVAIg%3D%3D&viewAllFilters=true",""
"8c6e8fe1-b87d-4c09-bc29-d4207b1c154d","0fd0e7cf-b5c4-4613-abc5-848ea81e49d0",2,"pending","INDUSTRY","4",,"","https://www.linkedin.com/sales/search/people?query=(recentSearchParam:(id:5752546450,doLogHistory:true),filters:List((type:INDUSTRY,values:List((id:4,selectionType:INCLUDED))),(type:GEOGRAPHY,values:List((id:104514572,selectionType:INCLUDED))),(type:FOLLOWS_YOUR_COMPANY,values:List((id:CF,text:Following%2520your%2520company,selectionType:INCLUDED))),(type:RECENTLY_CHANGED_JOBS,values:List((id:RPC,text:Changed%2520jobs,selectionType:INCLUDED))),(type:RELATIONSHIP,values:List((id:O,text:3rd%252B%2520degree%2520connections,selectionType:INCLUDED))),(type:POSTED_ON_LINKEDIN,values:List((id:RPOL,text:Posted%2520on%2520LinkedIn,selectionType:INCLUDED)))))&sessionId=7PDP%2FfqwRIe1fIP96wVAIg%3D%3D&viewAllFilters=true",""
"9e53cba2-1b5d-44f7-aec4-07519edc537a","0fd0e7cf-b5c4-4613-abc5-848ea81e49d0",2,"pending","INDUSTRY","5",,"","https://www.linkedin.com/sales/search/people?query=(recentSearchParam:(id:5752546450,doLogHistory:true),filters:List((type:INDUSTRY,values:List((id:5,selectionType:INCLUDED))),(type:GEOGRAPHY,values:List((id:104514572,selectionType:INCLUDED))),(type:FOLLOWS_YOUR_COMPANY,values:List((id:CF,text:Following%2520your%2520company,selectionType:INCLUDED))),(type:RECENTLY_CHANGED_JOBS,values:List((id:RPC,text:Changed%2520jobs,selectionType:INCLUDED))),(type:RELATIONSHIP,values:List((id:O,text:3rd%252B%2520degree%2520connections,selectionType:INCLUDED))),(type:POSTED_ON_LINKEDIN,values:List((id:RPOL,text:Posted%2520on%2520LinkedIn,selectionType:INCLUDED)))))&sessionId=7PDP%2FfqwRIe1fIP96wVAIg%3D%3D&viewAllFilters=true",""
"f7685ee0-3dc0-467f-a5b6-3789554ba3a7","0fd0e7cf-b5c4-4613-abc5-848ea81e49d0",2,"pending","INDUSTRY","6",,"","https://www.linkedin.com/sales/search/people?query=(recentSearchParam:(id:5752546450,doLogHistory:true),filters:List((type:INDUSTRY,values:List((id:6,selectionType:INCLUDED))),(type:GEOGRAPHY,values:List((id:104514572,selectionType:INCLUDED))),(type:FOLLOWS_YOUR_COMPANY,values:List((id:CF,text:Following%2520your%2520company,selectionType:INCLUDED))),(type:RECENTLY_CHANGED_JOBS,values:List((id:RPC,text:Changed%2520jobs,selectionType:INCLUDED))),(type:RELATIONSHIP,values:List((id:O,text:3rd%252B%2520degree%2520connections,selectionType:INCLUDED))),(type:POSTED_ON_LINKEDIN,values:List((id:RPOL,text:Posted%2520on%2520LinkedIn,selectionType:INCLUDED)))))&sessionId=7PDP%2FfqwRIe1fIP96wVAIg%3D%3D&viewAllFilters=true",""
"f44b105a-ae3b-4e1e-8ca2-ebfc3b012cca","0fd0e7cf-b5c4-4613-abc5-848ea81e49d0",2,"pending","INDUSTRY","7",,"","https://www.linkedin.com/sales/search/people?query=(recentSearchParam:(id:5752546450,doLogHistory:true),filters:List((type:INDUSTRY,values:List((id:7,selectionType:INCLUDED))),(type:GEOGRAPHY,values:List((id:104514572,selectionType:INCLUDED))),(type:FOLLOWS_YOUR_COMPANY,values:List((id:CF,text:Following%2520your%2520company,selectionType:INCLUDED))),(type:RECENTLY_CHANGED_JOBS,values:List((id:RPC,text:Changed%2520jobs,selectionType:INCLUDED))),(type:RELATIONSHIP,values:List((id:O,text:3rd%252B%2520degree%2520connections,selectionType:INCLUDED))),(type:POSTED_ON_LINKEDIN,values:List((id:RPOL,text:Posted%2520on%2520LinkedIn,selectionType:INCLUDED)))))&sessionId=7PDP%2FfqwRIe1fIP96wVAIg%3D%3D&viewAllFilters=true",""
"c249e5dd-1d8d-425c-8b6e-53c520dbf9fb","0fd0e7cf-b5c4-4613-abc5-848ea81e49d0",2,"pending","INDUSTRY","8",,"","https://www.linkedin.com/sales/search/people?query=(recentSearchParam:(id:5752546450,doLogHistory:true),filters:List((type:INDUSTRY,values:List((id:8,selectionType:INCLUDED))),(type:GEOGRAPHY,values:List((id:104514572,selectionType:INCLUDED))),(type:FOLLOWS_YOUR_COMPANY,values:List((id:CF,text:Following%2520your%2520company,selectionType:INCLUDED))),(type:RECENTLY_CHANGED_JOBS,values:List((id:RPC,text:Changed%2520jobs,selectionType:INCLUDED))),(type:RELATIONSHIP,values:List((id:O,text:3rd%252B%2520degree%2520connections,selectionType:INCLUDED))),(type:POSTED_ON_LINKEDIN,values:List((id:RPOL,text:Posted%2520on%2520LinkedIn,selectionType:INCLUDED)))))&sessionId=7PDP%2FfqwRIe1fIP96wVAIg%3D%3D&viewAllFilters=true",""
"47ecac1f-1841-44ba-b73f-3174fded7a3d","0fd0e7cf-b5c4-4613-abc5-848ea81e49d0",2,"pending","INDUSTRY","9",,"","https://www.linkedin.com/sales/search/people?query=(recentSearchParam:(id:5752546450,doLogHistory:true),filters:List((type:INDUSTRY,values:List((id:9,selectionType:INCLUDED))),(type:GEOGRAPHY,values:List((id:104514572,selectionType:INCLUDED))),(type:FOLLOWS_YOUR_COMPANY,values:List((id:CF,text:Following%2520your%2520company,selectionType:INCLUDED))),(type:RECENTLY_CHANGED_JOBS,values:List((id:RPC,text:Changed%2520jobs,selectionType:INCLUDED))),(type:RELATIONSHIP,values:List((id:O,text:3rd%252B%2520degree%2520connections,selectionType:INCLUDED))),(type:POSTED_ON_LINKEDIN,values:List((id:RPOL,text:Posted%2520on%2520LinkedIn,selectionType:INCLUDED)))))&sessionId=7PDP%2FfqwRIe1fIP96wVAIg%3D%3D&viewAllFilters=true",""
"4adeac0e-c133-4e37-801e-fe39ae14675f","0fd0e7cf-b5c4-4613-abc5-848ea81e49d0",2,"pending","INDUSTRY","10",,"","https://www.linkedin.com/sales/search/people?query=(recentSearchParam:(id:5752546450,doLogHistory:true),filters:List((type:INDUSTRY,values:List((id:10,selectionType:INCLUDED))),(type:GEOGRAPHY,values:List((id:104514572,selectionType:INCLUDED))),(type:FOLLOWS_YOUR_COMPANY,values:List((id:CF,text:Following%2520your%2520company,selectionType:INCLUDED))),(type:RECENTLY_CHANGED_JOBS,values:List((id:RPC,text:Changed%2520jobs,selectionType:INCLUDED))),(type:RELATIONSHIP,values:List((id:O,text:3rd%252B%2520degree%2520connections,selectionType:INCLUDED))),(type:POSTED_ON_LINKEDIN,values:List((id:RPOL,text:Posted%2520on%2520LinkedIn,selectionType:INCLUDED)))))&sessionId=7PDP%2FfqwRIe1fIP96wVAIg%3D%3D&viewAllFilters=true",""
"5358b3bb-c278-44cc-8f93-addb49dbbcbb","0fd0e7cf-b5c4-4613-abc5-848ea81e49d0",2,"pending","INDUSTRY","11",,"","https://www.linkedin.com/sales/search/people?query=(recentSearchParam:(id:5752546450,doLogHistory:true),filters:List((type:INDUSTRY,values:List((id:11,selectionType:INCLUDED))),(type:GEOGRAPHY,values:List((id:104514572,selectionType:INCLUDED))),(type:FOLLOWS_YOUR_COMPANY,values:List((id:CF,text:Following%2520your%2520company,selectionType:INCLUDED))),(type:RECENTLY_CHANGED_JOBS,values:List((id:RPC,text:Changed%2520jobs,selectionType:INCLUDED))),(type:RELATIONSHIP,values:List((id:O,text:3rd%252B%2520degree%2520connections,selectionType:INCLUDED))),(type:POSTED_ON_LINKEDIN,values:List((id:RPOL,text:Posted%2520on%2520LinkedIn,selectionType:INCLUDED)))))&sessionId=7PDP%2FfqwRIe1fIP96wVAIg%3D%3D&viewAllFilters=true",""
"2857eb72-bd13-463c-8e4d-d7cf4ab7b19b","0fd0e7cf-b5c4-4613-abc5-848ea81e49d0",2,"pending","INDUSTRY","12",,"","https://www.linkedin.com/sales/search/people?query=(recentSearchParam:(id:5752546450,doLogHistory:true),filters:List((type:INDUSTRY,values:List((id:12,selectionType:INCLUDED))),(type:GEOGRAPHY,values:List((id:104514572,selectionType:INCLUDED))),(type:FOLLOWS_YOUR_COMPANY,values:List((id:CF,text:Following%2520your%2520company,selectionType:INCLUDED))),(type:RECENTLY_CHANGED_JOBS,values:List((id:RPC,text:Changed%2520jobs,selectionType:INCLUDED))),(type:RELATIONSHIP,values:List((id:O,text:3rd%252B%2520degree%2520connections,selectionType:INCLUDED))),(type:POSTED_ON_LINKEDIN,values:List((id:RPOL,text:Posted%2520on%2520LinkedIn,selectionType:INCLUDED)))))&sessionId=7PDP%2FfqwRIe1fIP96wVAIg%3D%3D&viewAllFilters=true",""
"cd9e7774-676b-408d-af08-b777c64bbc40","0fd0e7cf-b5c4-4613-abc5-848ea81e49d0",2,"pending","INDUSTRY","13",,"","https://www.linkedin.com/sales/search/people?query=(recentSearchParam:(id:5752546450,doLogHistory:true),filters:List((type:INDUSTRY,values:List((id:13,selectionType:INCLUDED))),(type:GEOGRAPHY,values:List((id:104514572,selectionType:INCLUDED))),(type:FOLLOWS_YOUR_COMPANY,values:List((id:CF,text:Following%2520your%2520company,selectionType:INCLUDED))),(type:RECENTLY_CHANGED_JOBS,values:List((id:RPC,text:Changed%2520jobs,selectionType:INCLUDED))),(type:RELATIONSHIP,values:List((id:O,text:3rd%252B%2520degree%2520connections,selectionType:INCLUDED))),(type:POSTED_ON_LINKEDIN,values:List((id:RPOL,text:Posted%2520on%2520LinkedIn,selectionType:INCLUDED)))))&sessionId=7PDP%2FfqwRIe1fIP96wVAIg%3D%3D&viewAllFilters=true",""
"7db148a7-2df1-44c7-a015-1a8e90ddb80e","0fd0e7cf-b5c4-4613-abc5-848ea81e49d0",2,"pending","INDUSTRY","14",,"","https://www.linkedin.com/sales/search/people?query=(recentSearchParam:(id:5752546450,doLogHistory:true),filters:List((type:INDUSTRY,values:List((id:14,selectionType:INCLUDED))),(type:GEOGRAPHY,values:List((id:104514572,selectionType:INCLUDED))),(type:FOLLOWS_YOUR_COMPANY,values:List((id:CF,text:Following%2520your%2520company,selectionType:INCLUDED))),(type:RECENTLY_CHANGED_JOBS,values:List((id:RPC,text:Changed%2520jobs,selectionType:INCLUDED))),(type:RELATIONSHIP,values:List((id:O,text:3rd%252B%2520degree%2520connections,selectionType:INCLUDED))),(type:POSTED_ON_LINKEDIN,values:List((id:RPOL,text:Posted%2520on%2520LinkedIn,selectionType:INCLUDED)))))&sessionId=7PDP%2FfqwRIe1fIP96wVAIg%3D%3D&viewAllFilters=true",""
"fee5b6ad-e5bf-4283-85aa-bda0be2a26d0","0fd0e7cf-b5c4-4613-abc5-848ea81e49d0",2,"pending","INDUSTRY","15",,"","https://www.linkedin.com/sales/search/people?query=(recentSearchParam:(id:5752546450,doLogHistory:true),filters:List((type:INDUSTRY,values:List((id:15,selectionType:INCLUDED))),(type:GEOGRAPHY,values:List((id:104514572,selectionType:INCLUDED))),(type:FOLLOWS_YOUR_COMPANY,values:List((id:CF,text:Following%2520your%2520company,selectionType:INCLUDED))),(type:RECENTLY_CHANGED_JOBS,values:List((id:RPC,text:Changed%2520jobs,selectionType:INCLUDED))),(type:RELATIONSHIP,values:List((id:O,text:3rd%252B%2520degree%2520connections,selectionType:INCLUDED))),(type:POSTED_ON_LINKEDIN,values:List((id:RPOL,text:Posted%2520on%2520LinkedIn,selectionType:INCLUDED)))))&sessionId=7PDP%2FfqwRIe1fIP96wVAIg%3D%3D&viewAllFilters=true",""
"b5a0eae7-54a5-404a-b6fb-9f06a2e617fd","0fd0e7cf-b5c4-4613-abc5-848ea81e49d0",2,"pending","INDUSTRY","16",,"","https://www.linkedin.com/sales/search/people?query=(recentSearchParam:(id:5752546450,doLogHistory:true),filters:List((type:INDUSTRY,values:List((id:16,selectionType:INCLUDED))),(type:GEOGRAPHY,values:List((id:104514572,selectionType:INCLUDED))),(type:FOLLOWS_YOUR_COMPANY,values:List((id:CF,text:Following%2520your%2520company,selectionType:INCLUDED))),(type:RECENTLY_CHANGED_JOBS,values:List((id:RPC,text:Changed%2520jobs,selectionType:INCLUDED))),(type:RELATIONSHIP,values:List((id:O,text:3rd%252B%2520degree%2520connections,selectionType:INCLUDED))),(type:POSTED_ON_LINKEDIN,values:List((id:RPOL,text:Posted%2520on%2520LinkedIn,selectionType:INCLUDED)))))&sessionId=7PDP%2FfqwRIe1fIP96wVAIg%3D%3D&viewAllFilters=true",""
"c8f519c6-f40f-4439-99da-128d6978beb5","0fd0e7cf-b5c4-4613-abc5-848ea81e49d0",2,"pending","INDUSTRY","17",,"","https://www.linkedin.com/sales/search/people?query=(recentSearchParam:(id:5752546450,doLogHistory:true),filters:List((type:INDUSTRY,values:List((id:17,selectionType:INCLUDED))),(type:GEOGRAPHY,values:List((id:104514572,selectionType:INCLUDED))),(type:FOLLOWS_YOUR_COMPANY,values:List((id:CF,text:Following%2520your%2520company,selectionType:INCLUDED))),(type:RECENTLY_CHANGED_JOBS,values:List((id:RPC,text:Changed%2520jobs,selectionType:INCLUDED))),(type:RELATIONSHIP,values:List((id:O,text:3rd%252B%2520degree%2520connections,selectionType:INCLUDED))),(type:POSTED_ON_LINKEDIN,values:List((id:RPOL,text:Posted%2520on%2520LinkedIn,selectionType:INCLUDED)))))&sessionId=7PDP%2FfqwRIe1fIP96wVAIg%3D%3D&viewAllFilters=true",""
"a2a15b4c-a309-45e6-8a66-6ea01d583f35","0fd0e7cf-b5c4-4613-abc5-848ea81e49d0",2,"pending","INDUSTRY","18",,"","https://www.linkedin.com/sales/search/people?query=(recentSearchParam:(id:5752546450,doLogHistory:true),filters:List((type:INDUSTRY,values:List((id:18,selectionType:INCLUDED))),(type:GEOGRAPHY,values:List((id:104514572,selectionType:INCLUDED))),(type:FOLLOWS_YOUR_COMPANY,values:List((id:CF,text:Following%2520your%2520company,selectionType:INCLUDED))),(type:RECENTLY_CHANGED_JOBS,values:List((id:RPC,text:Changed%2520jobs,selectionType:INCLUDED))),(type:RELATIONSHIP,values:List((id:O,text:3rd%252B%2520degree%2520connections,selectionType:INCLUDED))),(type:POSTED_ON_LINKEDIN,values:List((id:RPOL,text:Posted%2520on%2520LinkedIn,selectionType:INCLUDED)))))&sessionId=7PDP%2FfqwRIe1fIP96wVAIg%3D%3D&viewAllFilters=true",""
"7499f96a-4c9d-43e5-af74-ee0c5922f02b","0fd0e7cf-b5c4-4613-abc5-848ea81e49d0",2,"pending","INDUSTRY","19",,"","https://www.linkedin.com/sales/search/people?query=(recentSearchParam:(id:5752546450,doLogHistory:true),filters:List((type:INDUSTRY,values:List((id:19,selectionType:INCLUDED))),(type:GEOGRAPHY,values:List((id:104514572,selectionType:INCLUDED))),(type:FOLLOWS_YOUR_COMPANY,values:List((id:CF,text:Following%2520your%2520company,selectionType:INCLUDED))),(type:RECENTLY_CHANGED_JOBS,values:List((id:RPC,text:Changed%2520jobs,selectionType:INCLUDED))),(type:RELATIONSHIP,values:List((id:O,text:3rd%252B%2520degree%2520connections,selectionType:INCLUDED))),(type:POSTED_ON_LINKEDIN,values:List((id:RPOL,text:Posted%2520on%2520LinkedIn,selectionType:INCLUDED)))))&sessionId=7PDP%2FfqwRIe1fIP96wVAIg%3D%3D&viewAllFilters=true",""
"a8685537-aa6c-440b-85db-bee64a7ed4b5","0fd0e7cf-b5c4-4613-abc5-848ea81e49d0",2,"pending","INDUSTRY","20",,"","https://www.linkedin.com/sales/search/people?query=(recentSearchParam:(id:5752546450,doLogHistory:true),filters:List((type:INDUSTRY,values:List((id:20,selectionType:INCLUDED))),(type:GEOGRAPHY,values:List((id:104514572,selectionType:INCLUDED))),(type:FOLLOWS_YOUR_COMPANY,values:List((id:CF,text:Following%2520your%2520company,selectionType:INCLUDED))),(type:RECENTLY_CHANGED_JOBS,values:List((id:RPC,text:Changed%2520jobs,selectionType:INCLUDED))),(type:RELATIONSHIP,values:List((id:O,text:3rd%252B%2520degree%2520connections,selectionType:INCLUDED))),(type:POSTED_ON_LINKEDIN,values:List((id:RPOL,text:Posted%2520on%2520LinkedIn,selectionType:INCLUDED)))))&sessionId=7PDP%2FfqwRIe1fIP96wVAIg%3D%3D&viewAllFilters=true",""
"e57eeb37-9261-44cc-a6e5-147de77c3759","0fd0e7cf-b5c4-4613-abc5-848ea81e49d0",2,"pending","INDUSTRY","21",,"","https://www.linkedin.com/sales/search/people?query=(recentSearchParam:(id:5752546450,doLogHistory:true),filters:List((type:INDUSTRY,values:List((id:21,selectionType:INCLUDED))),(type:GEOGRAPHY,values:List((id:104514572,selectionType:INCLUDED))),(type:FOLLOWS_YOUR_COMPANY,values:List((id:CF,text:Following%2520your%2520company,selectionType:INCLUDED))),(type:RECENTLY_CHANGED_JOBS,values:List((id:RPC,text:Changed%2520jobs,selectionType:INCLUDED))),(type:RELATIONSHIP,values:List((id:O,text:3rd%252B%2520degree%2520connections,selectionType:INCLUDED))),(type:POSTED_ON_LINKEDIN,values:List((id:RPOL,text:Posted%2520on%2520LinkedIn,selectionType:INCLUDED)))))&sessionId=7PDP%2FfqwRIe1fIP96wVAIg%3D%3D&viewAllFilters=true",""
"2f9517b7-9917-4e7c-ae0d-44d934d68047","0fd0e7cf-b5c4-4613-abc5-848ea81e49d0",2,"pending","INDUSTRY","22",,"","https://www.linkedin.com/sales/search/people?query=(recentSearchParam:(id:5752546450,doLogHistory:true),filters:List((type:INDUSTRY,values:List((id:22,selectionType:INCLUDED))),(type:GEOGRAPHY,values:List((id:104514572,selectionType:INCLUDED))),(type:FOLLOWS_YOUR_COMPANY,values:List((id:CF,text:Following%2520your%2520company,selectionType:INCLUDED))),(type:RECENTLY_CHANGED_JOBS,values:List((id:RPC,text:Changed%2520jobs,selectionType:INCLUDED))),(type:RELATIONSHIP,values:List((id:O,text:3rd%252B%2520degree%2520connections,selectionType:INCLUDED))),(type:POSTED_ON_LINKEDIN,values:List((id:RPOL,text:Posted%2520on%2520LinkedIn,selectionType:INCLUDED)))))&sessionId=7PDP%2FfqwRIe1fIP96wVAIg%3D%3D&viewAllFilters=true",""
"de745981-67e5-4d7b-92af-a841d5622772","0fd0e7cf-b5c4-4613-abc5-848ea81e49d0",2,"pending","INDUSTRY","23",,"","https://www.linkedin.com/sales/search/people?query=(recentSearchParam:(id:5752546450,doLogHistory:true),filters:List((type:INDUSTRY,values:List((id:23,selectionType:INCLUDED))),(type:GEOGRAPHY,values:List((id:104514572,selectionType:INCLUDED))),(type:FOLLOWS_YOUR_COMPANY,values:List((id:CF,text:Following%2520your%2520company,selectionType:INCLUDED))),(type:RECENTLY_CHANGED_JOBS,values:List((id:RPC,text:Changed%2520jobs,selectionType:INCLUDED))),(type:RELATIONSHIP,values:List((id:O,text:3rd%252B%2520degree%2520connections,selectionType:INCLUDED))),(type:POSTED_ON_LINKEDIN,values:List((id:RPOL,text:Posted%2520on%2520LinkedIn,selectionType:INCLUDED)))))&sessionId=7PDP%2FfqwRIe1fIP96wVAIg%3D%3D&viewAllFilters=true",""
"d291fb7a-76ff-4bb1-90a2-6a5652b71e9e","0fd0e7cf-b5c4-4613-abc5-848ea81e49d0",2,"pending","INDUSTRY","24",,"","https://www.linkedin.com/sales/search/people?query=(recentSearchParam:(id:5752546450,doLogHistory:true),filters:List((type:INDUSTRY,values:List((id:24,selectionType:INCLUDED))),(type:GEOGRAPHY,values:List((id:104514572,selectionType:INCLUDED))),(type:FOLLOWS_YOUR_COMPANY,values:List((id:CF,text:Following%2520your%2520company,selectionType:INCLUDED))),(type:RECENTLY_CHANGED_JOBS,values:List((id:RPC,text:Changed%2520jobs,selectionType:INCLUDED))),(type:RELATIONSHIP,values:List((id:O,text:3rd%252B%2520degree%2520connections,selectionType:INCLUDED))),(type:POSTED_ON_LINKEDIN,values:List((id:RPOL,text:Posted%2520on%2520LinkedIn,selectionType:INCLUDED)))))&sessionId=7PDP%2FfqwRIe1fIP96wVAIg%3D%3D&viewAllFilters=true",""
"1ea26fc9-5a86-44d6-a900-7be00e35b002","0fd0e7cf-b5c4-4613-abc5-848ea81e49d0",2,"pending","INDUSTRY","25",,"","https://www.linkedin.com/sales/search/people?query=(recentSearchParam:(id:5752546450,doLogHistory:true),filters:List((type:INDUSTRY,values:List((id:25,selectionType:INCLUDED))),(type:GEOGRAPHY,values:List((id:104514572,selectionType:INCLUDED))),(type:FOLLOWS_YOUR_COMPANY,values:List((id:CF,text:Following%2520your%2520company,selectionType:INCLUDED))),(type:RECENTLY_CHANGED_JOBS,values:List((id:RPC,text:Changed%2520jobs,selectionType:INCLUDED))),(type:RELATIONSHIP,values:List((id:O,text:3rd%252B%2520degree%2520connections,selectionType:INCLUDED))),(type:POSTED_ON_LINKEDIN,values:List((id:RPOL,text:Posted%2520on%2520LinkedIn,selectionType:INCLUDED)))))&sessionId=7PDP%2FfqwRIe1fIP96wVAIg%3D%3D&viewAllFilters=true",""
"c13ba459-be64-4f5e-baab-d7eb77763287","0fd0e7cf-b5c4-4613-abc5-848ea81e49d0",2,"pending","INDUSTRY","26",,"","https://www.linkedin.com/sales/search/people?query=(recentSearchParam:(id:5752546450,doLogHistory:true),filters:List((type:INDUSTRY,values:List((id:26,selectionType:INCLUDED))),(type:GEOGRAPHY,values:List((id:104514572,selectionType:INCLUDED))),(type:FOLLOWS_YOUR_COMPANY,values:List((id:CF,text:Following%2520your%2520company,selectionType:INCLUDED))),(type:RECENTLY_CHANGED_JOBS,values:List((id:RPC,text:Changed%2520jobs,selectionType:INCLUDED))),(type:RELATIONSHIP,values:List((id:O,text:3rd%252B%2520degree%2520connections,selectionType:INCLUDED))),(type:POSTED_ON_LINKEDIN,values:List((id:RPOL,text:Posted%2520on%2520LinkedIn,selectionType:INCLUDED)))))&sessionId=7PDP%2FfqwRIe1fIP96wVAIg%3D%3D&viewAllFilters=true",""
"2685c493-b983-4f41-b648-5ac0632d9460","0fd0e7cf-b5c4-4613-abc5-848ea81e49d0",2,"pending","INDUSTRY","27",,"","https://www.linkedin.com/sales/search/people?query=(recentSearchParam:(id:5752546450,doLogHistory:true),filters:List((type:INDUSTRY,values:List((id:27,selectionType:INCLUDED))),(type:GEOGRAPHY,values:List((id:104514572,selectionType:INCLUDED))),(type:FOLLOWS_YOUR_COMPANY,values:List((id:CF,text:Following%2520your%2520company,selectionType:INCLUDED))),(type:RECENTLY_CHANGED_JOBS,values:List((id:RPC,text:Changed%2520jobs,selectionType:INCLUDED))),(type:RELATIONSHIP,values:List((id:O,text:3rd%252B%2520degree%2520connections,selectionType:INCLUDED))),(type:POSTED_ON_LINKEDIN,values:List((id:RPOL,text:Posted%2520on%2520LinkedIn,selectionType:INCLUDED)))))&sessionId=7PDP%2FfqwRIe1fIP96wVAIg%3D%3D&viewAllFilters=true",""
"3da15d2b-06be-4396-a1ba-ceb9ee0c4ced","0fd0e7cf-b5c4-4613-abc5-848ea81e49d0",2,"pending","INDUSTRY","28",,"","https://www.linkedin.com/sales/search/people?query=(recentSearchParam:(id:5752546450,doLogHistory:true),filters:List((type:INDUSTRY,values:List((id:28,selectionType:INCLUDED))),(type:GEOGRAPHY,values:List((id:104514572,selectionType:INCLUDED))),(type:FOLLOWS_YOUR_COMPANY,values:List((id:CF,text:Following%2520your%2520company,selectionType:INCLUDED))),(type:RECENTLY_CHANGED_JOBS,values:List((id:RPC,text:Changed%2520jobs,selectionType:INCLUDED))),(type:RELATIONSHIP,values:List((id:O,text:3rd%252B%2520degree%2520connections,selectionType:INCLUDED))),(type:POSTED_ON_LINKEDIN,values:List((id:RPOL,text:Posted%2520on%2520LinkedIn,selectionType:INCLUDED)))))&sessionId=7PDP%2FfqwRIe1fIP96wVAIg%3D%3D&viewAllFilters=true",""
"10c130a1-961a-454e-9d7f-0cc4f7a29bbe","0fd0e7cf-b5c4-4613-abc5-848ea81e49d0",2,"pending","INDUSTRY","29",,"","https://www.linkedin.com/sales/search/people?query=(recentSearchParam:(id:5752546450,doLogHistory:true),filters:List((type:INDUSTRY,values:List((id:29,selectionType:INCLUDED))),(type:GEOGRAPHY,values:List((id:104514572,selectionType:INCLUDED))),(type:FOLLOWS_YOUR_COMPANY,values:List((id:CF,text:Following%2520your%2520company,selectionType:INCLUDED))),(type:RECENTLY_CHANGED_JOBS,values:List((id:RPC,text:Changed%2520jobs,selectionType:INCLUDED))),(type:RELATIONSHIP,values:List((id:O,text:3rd%252B%2520degree%2520connections,selectionType:INCLUDED))),(type:POSTED_ON_LINKEDIN,values:List((id:RPOL,text:Posted%2520on%2520LinkedIn,selectionType:INCLUDED)))))&sessionId=7PDP%2FfqwRIe1fIP96wVAIg%3D%3D&viewAllFilters=true",""
"e018a27b-c1a0-437d-a506-c560b9bd8891","0fd0e7cf-b5c4-4613-abc5-848ea81e49d0",2,"pending","INDUSTRY","30",,"","https://www.linkedin.com/sales/search/people?query=(recentSearchParam:(id:5752546450,doLogHistory:true),filters:List((type:INDUSTRY,values:List((id:30,selectionType:INCLUDED))),(type:GEOGRAPHY,values:List((id:104514572,selectionType:INCLUDED))),(type:FOLLOWS_YOUR_COMPANY,values:List((id:CF,text:Following%2520your%2520company,selectionType:INCLUDED))),(type:RECENTLY_CHANGED_JOBS,values:List((id:RPC,text:Changed%2520jobs,selectionType:INCLUDED))),(type:RELATIONSHIP,values:List((id:O,text:3rd%252B%2520degree%2520connections,selectionType:INCLUDED))),(type:POSTED_ON_LINKEDIN,values:List((id:RPOL,text:Posted%2520on%2520LinkedIn,selectionType:INCLUDED)))))&sessionId=7PDP%2FfqwRIe1fIP96wVAIg%3D%3D&viewAllFilters=true",""
"5ec783fe-0f01-417b-bb9e-5b07a75c5430","0fd0e7cf-b5c4-4613-abc5-848ea81e49d0",2,"pending","INDUSTRY","31",,"","https://www.linkedin.com/sales/search/people?query=(recentSearchParam:(id:5752546450,doLogHistory:true),filters:List((type:INDUSTRY,values:List((id:31,selectionType:INCLUDED))),(type:GEOGRAPHY,values:List((id:104514572,selectionType:INCLUDED))),(type:FOLLOWS_YOUR_COMPANY,values:List((id:CF,text:Following%2520your%2520company,selectionType:INCLUDED))),(type:RECENTLY_CHANGED_JOBS,values:List((id:RPC,text:Changed%2520jobs,selectionType:INCLUDED))),(type:RELATIONSHIP,values:List((id:O,text:3rd%252B%2520degree%2520connections,selectionType:INCLUDED))),(type:POSTED_ON_LINKEDIN,values:List((id:RPOL,text:Posted%2520on%2520LinkedIn,selectionType:INCLUDED)))))&sessionId=7PDP%2FfqwRIe1fIP96wVAIg%3D%3D&viewAllFilters=true",""
"6030bf5a-787b-4386-8290-e340cd033063","0fd0e7cf-b5c4-4613-abc5-848ea81e49d0",2,"pending","INDUSTRY","32",,"","https://www.linkedin.com/sales/search/people?query=(recentSearchParam:(id:5752546450,doLogHistory:true),filters:List((type:INDUSTRY,values:List((id:32,selectionType:INCLUDED))),(type:GEOGRAPHY,values:List((id:104514572,selectionType:INCLUDED))),(type:FOLLOWS_YOUR_COMPANY,values:List((id:CF,text:Following%2520your%2520company,selectionType:INCLUDED))),(type:RECENTLY_CHANGED_JOBS,values:List((id:RPC,text:Changed%2520jobs,selectionType:INCLUDED))),(type:RELATIONSHIP,values:List((id:O,text:3rd%252B%2520degree%2520connections,selectionType:INCLUDED))),(type:POSTED_ON_LINKEDIN,values:List((id:RPOL,text:Posted%2520on%2520LinkedIn,selectionType:INCLUDED)))))&sessionId=7PDP%2FfqwRIe1fIP96wVAIg%3D%3D&viewAllFilters=true",""
"8ae94b2a-7d31-48ae-b54a-a2fc31ea9e2d","0fd0e7cf-b5c4-4613-abc5-848ea81e49d0",2,"pending","INDUSTRY","33",,"","https://www.linkedin.com/sales/search/people?query=(recentSearchParam:(id:5752546450,doLogHistory:true),filters:List((type:INDUSTRY,values:List((id:33,selectionType:INCLUDED))),(type:GEOGRAPHY,values:List((id:104514572,selectionType:INCLUDED))),(type:FOLLOWS_YOUR_COMPANY,values:List((id:CF,text:Following%2520your%2520company,selectionType:INCLUDED))),(type:RECENTLY_CHANGED_JOBS,values:List((id:RPC,text:Changed%2520jobs,selectionType:INCLUDED))),(type:RELATIONSHIP,values:List((id:O,text:3rd%252B%2520degree%2520connections,selectionType:INCLUDED))),(type:POSTED_ON_LINKEDIN,values:List((id:RPOL,text:Posted%2520on%2520LinkedIn,selectionType:INCLUDED)))))&sessionId=7PDP%2FfqwRIe1fIP96wVAIg%3D%3D&viewAllFilters=true",""
"941c878f-6e8c-4d9f-a28c-984d0d12dcff","0fd0e7cf-b5c4-4613-abc5-848ea81e49d0",2,"pending","INDUSTRY","34",,"","https://www.linkedin.com/sales/search/people?query=(recentSearchParam:(id:5752546450,doLogHistory:true),filters:List((type:INDUSTRY,values:List((id:34,selectionType:INCLUDED))),(type:GEOGRAPHY,values:List((id:104514572,selectionType:INCLUDED))),(type:FOLLOWS_YOUR_COMPANY,values:List((id:CF,text:Following%2520your%2520company,selectionType:INCLUDED))),(type:RECENTLY_CHANGED_JOBS,values:List((id:RPC,text:Changed%2520jobs,selectionType:INCLUDED))),(type:RELATIONSHIP,values:List((id:O,text:3rd%252B%2520degree%2520connections,selectionType:INCLUDED))),(type:POSTED_ON_LINKEDIN,values:List((id:RPOL,text:Posted%2520on%2520LinkedIn,selectionType:INCLUDED)))))&sessionId=7PDP%2FfqwRIe1fIP96wVAIg%3D%3D&viewAllFilters=true",""
"276d3f8a-b898-46e8-a134-8eee9e6ed03c","0fd0e7cf-b5c4-4613-abc5-848ea81e49d0",2,"pending","INDUSTRY","35",,"","https://www.linkedin.com/sales/search/people?query=(recentSearchParam:(id:5752546450,doLogHistory:true),filters:List((type:INDUSTRY,values:List((id:35,selectionType:INCLUDED))),(type:GEOGRAPHY,values:List((id:104514572,selectionType:INCLUDED))),(type:FOLLOWS_YOUR_COMPANY,values:List((id:CF,text:Following%2520your%2520company,selectionType:INCLUDED))),(type:RECENTLY_CHANGED_JOBS,values:List((id:RPC,text:Changed%2520jobs,selectionType:INCLUDED))),(type:RELATIONSHIP,values:List((id:O,text:3rd%252B%2520degree%2520connections,selectionType:INCLUDED))),(type:POSTED_ON_LINKEDIN,values:List((id:RPOL,text:Posted%2520on%2520LinkedIn,selectionType:INCLUDED)))))&sessionId=7PDP%2FfqwRIe1fIP96wVAIg%3D%3D&viewAllFilters=true",""
"ce2af02a-1ccd-473e-ad10-b65ef1077ce8","0fd0e7cf-b5c4-4613-abc5-848ea81e49d0",2,"pending","INDUSTRY","36",,"","https://www.linkedin.com/sales/search/people?query=(recentSearchParam:(id:5752546450,doLogHistory:true),filters:List((type:INDUSTRY,values:List((id:36,selectionType:INCLUDED))),(type:GEOGRAPHY,values:List((id:104514572,selectionType:INCLUDED))),(type:FOLLOWS_YOUR_COMPANY,values:List((id:CF,text:Following%2520your%2520company,selectionType:INCLUDED))),(type:RECENTLY_CHANGED_JOBS,values:List((id:RPC,text:Changed%2520jobs,selectionType:INCLUDED))),(type:RELATIONSHIP,values:List((id:O,text:3rd%252B%2520degree%2520connections,selectionType:INCLUDED))),(type:POSTED_ON_LINKEDIN,values:List((id:RPOL,text:Posted%2520on%2520LinkedIn,selectionType:INCLUDED)))))&sessionId=7PDP%2FfqwRIe1fIP96wVAIg%3D%3D&viewAllFilters=true",""
"8a7e6efc-a444-42ff-b64c-a59d977e4e58","0fd0e7cf-b5c4-4613-abc5-848ea81e49d0",2,"pending","INDUSTRY","37",,"","https://www.linkedin.com/sales/search/people?query=(recentSearchParam:(id:5752546450,doLogHistory:true),filters:List((type:INDUSTRY,values:List((id:37,selectionType:INCLUDED))),(type:GEOGRAPHY,values:List((id:104514572,selectionType:INCLUDED))),(type:FOLLOWS_YOUR_COMPANY,values:List((id:CF,text:Following%2520your%2520company,selectionType:INCLUDED))),(type:RECENTLY_CHANGED_JOBS,values:List((id:RPC,text:Changed%2520jobs,selectionType:INCLUDED))),(type:RELATIONSHIP,values:List((id:O,text:3rd%252B%2520degree%2520connections,selectionType:INCLUDED))),(type:POSTED_ON_LINKEDIN,values:List((id:RPOL,text:Posted%2520on%2520LinkedIn,selectionType:INCLUDED)))))&sessionId=7PDP%2FfqwRIe1fIP96wVAIg%3D%3D&viewAllFilters=true",""
"46cec3b6-70c5-4b3b-b6b7-3fc555ac8537","0fd0e7cf-b5c4-4613-abc5-848ea81e49d0",2,"pending","INDUSTRY","38",,"","https://www.linkedin.com/sales/search/people?query=(recentSearchParam:(id:5752546450,doLogHistory:true),filters:List((type:INDUSTRY,values:List((id:38,selectionType:INCLUDED))),(type:GEOGRAPHY,values:List((id:104514572,selectionType:INCLUDED))),(type:FOLLOWS_YOUR_COMPANY,values:List((id:CF,text:Following%2520your%2520company,selectionType:INCLUDED))),(type:RECENTLY_CHANGED_JOBS,values:List((id:RPC,text:Changed%2520jobs,selectionType:INCLUDED))),(type:RELATIONSHIP,values:List((id:O,text:3rd%252B%2520degree%2520connections,selectionType:INCLUDED))),(type:POSTED_ON_LINKEDIN,values:List((id:RPOL,text:Posted%2520on%2520LinkedIn,selectionType:INCLUDED)))))&sessionId=7PDP%2FfqwRIe1fIP96wVAIg%3D%3D&viewAllFilters=true",""
"d642df43-ef29-4bbf-b50b-52e78570e903","0fd0e7cf-b5c4-4613-abc5-848ea81e49d0",2,"pending","INDUSTRY","39",,"","https://www.linkedin.com/sales/search/people?query=(recentSearchParam:(id:5752546450,doLogHistory:true),filters:List((type:INDUSTRY,values:List((id:39,selectionType:INCLUDED))),(type:GEOGRAPHY,values:List((id:104514572,selectionType:INCLUDED))),(type:FOLLOWS_YOUR_COMPANY,values:List((id:CF,text:Following%2520your%2520company,selectionType:INCLUDED))),(type:RECENTLY_CHANGED_JOBS,values:List((id:RPC,text:Changed%2520jobs,selectionType:INCLUDED))),(type:RELATIONSHIP,values:List((id:O,text:3rd%252B%2520degree%2520connections,selectionType:INCLUDED))),(type:POSTED_ON_LINKEDIN,values:List((id:RPOL,text:Posted%2520on%2520LinkedIn,selectionType:INCLUDED)))))&sessionId=7PDP%2FfqwRIe1fIP96wVAIg%3D%3D&viewAllFilters=true",""
"a7e449e0-f6b9-47d1-bdad-3f2b60316b61","0fd0e7cf-b5c4-4613-abc5-848ea81e49d0",2,"pending","INDUSTRY","40",,"","https://www.linkedin.com/sales/search/people?query=(recentSearchParam:(id:5752546450,doLogHistory:true),filters:List((type:INDUSTRY,values:List((id:40,selectionType:INCLUDED))),(type:GEOGRAPHY,values:List((id:104514572,selectionType:INCLUDED))),(type:FOLLOWS_YOUR_COMPANY,values:List((id:CF,text:Following%2520your%2520company,selectionType:INCLUDED))),(type:RECENTLY_CHANGED_JOBS,values:List((id:RPC,text:Changed%2520jobs,selectionType:INCLUDED))),(type:RELATIONSHIP,values:List((id:O,text:3rd%252B%2520degree%2520connections,selectionType:INCLUDED))),(type:POSTED_ON_LINKEDIN,values:List((id:RPOL,text:Posted%2520on%2520LinkedIn,selectionType:INCLUDED)))))&sessionId=7PDP%2FfqwRIe1fIP96wVAIg%3D%3D&viewAllFilters=true",""
"cae0d510-72ca-4cc4-a801-86f06d240634","0fd0e7cf-b5c4-4613-abc5-848ea81e49d0",2,"pending","INDUSTRY","41",,"","https://www.linkedin.com/sales/search/people?query=(recentSearchParam:(id:5752546450,doLogHistory:true),filters:List((type:INDUSTRY,values:List((id:41,selectionType:INCLUDED))),(type:GEOGRAPHY,values:List((id:104514572,selectionType:INCLUDED))),(type:FOLLOWS_YOUR_COMPANY,values:List((id:CF,text:Following%2520your%2520company,selectionType:INCLUDED))),(type:RECENTLY_CHANGED_JOBS,values:List((id:RPC,text:Changed%2520jobs,selectionType:INCLUDED))),(type:RELATIONSHIP,values:List((id:O,text:3rd%252B%2520degree%2520connections,selectionType:INCLUDED))),(type:POSTED_ON_LINKEDIN,values:List((id:RPOL,text:Posted%2520on%2520LinkedIn,selectionType:INCLUDED)))))&sessionId=7PDP%2FfqwRIe1fIP96wVAIg%3D%3D&viewAllFilters=true",""
"17361473-e1c5-465e-a2cf-49a1437e4d75","0fd0e7cf-b5c4-4613-abc5-848ea81e49d0",2,"pending","INDUSTRY","42",,"","https://www.linkedin.com/sales/search/people?query=(recentSearchParam:(id:5752546450,doLogHistory:true),filters:List((type:INDUSTRY,values:List((id:42,selectionType:INCLUDED))),(type:GEOGRAPHY,values:List((id:104514572,selectionType:INCLUDED))),(type:FOLLOWS_YOUR_COMPANY,values:List((id:CF,text:Following%2520your%2520company,selectionType:INCLUDED))),(type:RECENTLY_CHANGED_JOBS,values:List((id:RPC,text:Changed%2520jobs,selectionType:INCLUDED))),(type:RELATIONSHIP,values:List((id:O,text:3rd%252B%2520degree%2520connections,selectionType:INCLUDED))),(type:POSTED_ON_LINKEDIN,values:List((id:RPOL,text:Posted%2520on%2520LinkedIn,selectionType:INCLUDED)))))&sessionId=7PDP%2FfqwRIe1fIP96wVAIg%3D%3D&viewAllFilters=true",""
"c8e4a989-e496-48c2-839c-0650332bbd0b","0fd0e7cf-b5c4-4613-abc5-848ea81e49d0",2,"pending","INDUSTRY","43",,"","https://www.linkedin.com/sales/search/people?query=(recentSearchParam:(id:5752546450,doLogHistory:true),filters:List((type:INDUSTRY,values:List((id:43,selectionType:INCLUDED))),(type:GEOGRAPHY,values:List((id:104514572,selectionType:INCLUDED))),(type:FOLLOWS_YOUR_COMPANY,values:List((id:CF,text:Following%2520your%2520company,selectionType:INCLUDED))),(type:RECENTLY_CHANGED_JOBS,values:List((id:RPC,text:Changed%2520jobs,selectionType:INCLUDED))),(type:RELATIONSHIP,values:List((id:O,text:3rd%252B%2520degree%2520connections,selectionType:INCLUDED))),(type:POSTED_ON_LINKEDIN,values:List((id:RPOL,text:Posted%2520on%2520LinkedIn,selectionType:INCLUDED)))))&sessionId=7PDP%2FfqwRIe1fIP96wVAIg%3D%3D&viewAllFilters=true",""
"4ff3464f-81a1-44ed-9a59-f6179b78e542","0fd0e7cf-b5c4-4613-abc5-848ea81e49d0",2,"pending","INDUSTRY","44",,"","https://www.linkedin.com/sales/search/people?query=(recentSearchParam:(id:5752546450,doLogHistory:true),filters:List((type:INDUSTRY,values:List((id:44,selectionType:INCLUDED))),(type:GEOGRAPHY,values:List((id:104514572,selectionType:INCLUDED))),(type:FOLLOWS_YOUR_COMPANY,values:List((id:CF,text:Following%2520your%2520company,selectionType:INCLUDED))),(type:RECENTLY_CHANGED_JOBS,values:List((id:RPC,text:Changed%2520jobs,selectionType:INCLUDED))),(type:RELATIONSHIP,values:List((id:O,text:3rd%252B%2520degree%2520connections,selectionType:INCLUDED))),(type:POSTED_ON_LINKEDIN,values:List((id:RPOL,text:Posted%2520on%2520LinkedIn,selectionType:INCLUDED)))))&sessionId=7PDP%2FfqwRIe1fIP96wVAIg%3D%3D&viewAllFilters=true",""
"4f075d79-35e8-4aa4-a107-5c5850e64ad2","0fd0e7cf-b5c4-4613-abc5-848ea81e49d0",2,"pending","INDUSTRY","45",,"","https://www.linkedin.com/sales/search/people?query=(recentSearchParam:(id:5752546450,doLogHistory:true),filters:List((type:INDUSTRY,values:List((id:45,selectionType:INCLUDED))),(type:GEOGRAPHY,values:List((id:104514572,selectionType:INCLUDED))),(type:FOLLOWS_YOUR_COMPANY,values:List((id:CF,text:Following%2520your%2520company,selectionType:INCLUDED))),(type:RECENTLY_CHANGED_JOBS,values:List((id:RPC,text:Changed%2520jobs,selectionType:INCLUDED))),(type:RELATIONSHIP,values:List((id:O,text:3rd%252B%2520degree%2520connections,selectionType:INCLUDED))),(type:POSTED_ON_LINKEDIN,values:List((id:RPOL,text:Posted%2520on%2520LinkedIn,selectionType:INCLUDED)))))&sessionId=7PDP%2FfqwRIe1fIP96wVAIg%3D%3D&viewAllFilters=true",""
"9d2d9e7d-bb54-45db-88e3-932f3aa647dc","0fd0e7cf-b5c4-4613-abc5-848ea81e49d0",2,"pending","INDUSTRY","46",,"","https://www.linkedin.com/sales/search/people?query=(recentSearchParam:(id:5752546450,doLogHistory:true),filters:List((type:INDUSTRY,values:List((id:46,selectionType:INCLUDED))),(type:GEOGRAPHY,values:List((id:104514572,selectionType:INCLUDED))),(type:FOLLOWS_YOUR_COMPANY,values:List((id:CF,text:Following%2520your%2520company,selectionType:INCLUDED))),(type:RECENTLY_CHANGED_JOBS,values:List((id:RPC,text:Changed%2520jobs,selectionType:INCLUDED))),(type:RELATIONSHIP,values:List((id:O,text:3rd%252B%2520degree%2520connections,selectionType:INCLUDED))),(type:POSTED_ON_LINKEDIN,values:List((id:RPOL,text:Posted%2520on%2520LinkedIn,selectionType:INCLUDED)))))&sessionId=7PDP%2FfqwRIe1fIP96wVAIg%3D%3D&viewAllFilters=true",""
"d1045e26-6d88-48dc-ac6d-ec7109e09305","0fd0e7cf-b5c4-4613-abc5-848ea81e49d0",2,"pending","INDUSTRY","47",,"","https://www.linkedin.com/sales/search/people?query=(recentSearchParam:(id:5752546450,doLogHistory:true),filters:List((type:INDUSTRY,values:List((id:47,selectionType:INCLUDED))),(type:GEOGRAPHY,values:List((id:104514572,selectionType:INCLUDED))),(type:FOLLOWS_YOUR_COMPANY,values:List((id:CF,text:Following%2520your%2520company,selectionType:INCLUDED))),(type:RECENTLY_CHANGED_JOBS,values:List((id:RPC,text:Changed%2520jobs,selectionType:INCLUDED))),(type:RELATIONSHIP,values:List((id:O,text:3rd%252B%2520degree%2520connections,selectionType:INCLUDED))),(type:POSTED_ON_LINKEDIN,values:List((id:RPOL,text:Posted%2520on%2520LinkedIn,selectionType:INCLUDED)))))&sessionId=7PDP%2FfqwRIe1fIP96wVAIg%3D%3D&viewAllFilters=true",""
"3dd8f096-431f-4e4f-8a40-8dd28d8c54b6","0fd0e7cf-b5c4-4613-abc5-848ea81e49d0",2,"pending","INDUSTRY","48",,"","https://www.linkedin.com/sales/search/people?query=(recentSearchParam:(id:5752546450,doLogHistory:true),filters:List((type:INDUSTRY,values:List((id:48,selectionType:INCLUDED))),(type:GEOGRAPHY,values:List((id:104514572,selectionType:INCLUDED))),(type:FOLLOWS_YOUR_COMPANY,values:List((id:CF,text:Following%2520your%2520company,selectionType:INCLUDED))),(type:RECENTLY_CHANGED_JOBS,values:List((id:RPC,text:Changed%2520jobs,selectionType:INCLUDED))),(type:RELATIONSHIP,values:List((id:O,text:3rd%252B%2520degree%2520connections,selectionType:INCLUDED))),(type:POSTED_ON_LINKEDIN,values:List((id:RPOL,text:Posted%2520on%2520LinkedIn,selectionType:INCLUDED)))))&sessionId=7PDP%2FfqwRIe1fIP96wVAIg%3D%3D&viewAllFilters=true",""
"890401d6-3e71-4be1-90cd-50677dff2b43","0fd0e7cf-b5c4-4613-abc5-848ea81e49d0",2,"pending","INDUSTRY","49",,"","https://www.linkedin.com/sales/search/people?query=(recentSearchParam:(id:5752546450,doLogHistory:true),filters:List((type:INDUSTRY,values:List((id:49,selectionType:INCLUDED))),(type:GEOGRAPHY,values:List((id:104514572,selectionType:INCLUDED))),(type:FOLLOWS_YOUR_COMPANY,values:List((id:CF,text:Following%2520your%2520company,selectionType:INCLUDED))),(type:RECENTLY_CHANGED_JOBS,values:List((id:RPC,text:Changed%2520jobs,selectionType:INCLUDED))),(type:RELATIONSHIP,values:List((id:O,text:3rd%252B%2520degree%2520connections,selectionType:INCLUDED))),(type:POSTED_ON_LINKEDIN,values:List((id:RPOL,text:Posted%2520on%2520LinkedIn,selectionType:INCLUDED)))))&sessionId=7PDP%2FfqwRIe1fIP96wVAIg%3D%3D&viewAllFilters=true",""
"e10f4b71-6892-4592-a864-da8670d4028e","0fd0e7cf-b5c4-4613-abc5-848ea81e49d0",2,"pending","INDUSTRY","50",,"","https://www.linkedin.com/sales/search/people?query=(recentSearchParam:(id:5752546450,doLogHistory:true),filters:List((type:INDUSTRY,values:List((id:50,selectionType:INCLUDED))),(type:GEOGRAPHY,values:List((id:104514572,selectionType:INCLUDED))),(type:FOLLOWS_YOUR_COMPANY,values:List((id:CF,text:Following%2520your%2520company,selectionType:INCLUDED))),(type:RECENTLY_CHANGED_JOBS,values:List((id:RPC,text:Changed%2520jobs,selectionType:INCLUDED))),(type:RELATIONSHIP,values:List((id:O,text:3rd%252B%2520degree%2520connections,selectionType:INCLUDED))),(type:POSTED_ON_LINKEDIN,values:List((id:RPOL,text:Posted%2520on%2520LinkedIn,selectionType:INCLUDED)))))&sessionId=7PDP%2FfqwRIe1fIP96wVAIg%3D%3D&viewAllFilters=true",""
"b0f7f5c8-fde1-4c24-946f-a62372955d64","0fd0e7cf-b5c4-4613-abc5-848ea81e49d0",2,"pending","INDUSTRY","51",,"","https://www.linkedin.com/sales/search/people?query=(recentSearchParam:(id:5752546450,doLogHistory:true),filters:List((type:INDUSTRY,values:List((id:51,selectionType:INCLUDED))),(type:GEOGRAPHY,values:List((id:104514572,selectionType:INCLUDED))),(type:FOLLOWS_YOUR_COMPANY,values:List((id:CF,text:Following%2520your%2520company,selectionType:INCLUDED))),(type:RECENTLY_CHANGED_JOBS,values:List((id:RPC,text:Changed%2520jobs,selectionType:INCLUDED))),(type:RELATIONSHIP,values:List((id:O,text:3rd%252B%2520degree%2520connections,selectionType:INCLUDED))),(type:POSTED_ON_LINKEDIN,values:List((id:RPOL,text:Posted%2520on%2520LinkedIn,selectionType:INCLUDED)))))&sessionId=7PDP%2FfqwRIe1fIP96wVAIg%3D%3D&viewAllFilters=true",""
"681b7c62-4aaf-484e-a6d3-dbd4d5eb3307","0fd0e7cf-b5c4-4613-abc5-848ea81e49d0",2,"pending","INDUSTRY","52",,"","https://www.linkedin.com/sales/search/people?query=(recentSearchParam:(id:5752546450,doLogHistory:true),filters:List((type:INDUSTRY,values:List((id:52,selectionType:INCLUDED))),(type:GEOGRAPHY,values:List((id:104514572,selectionType:INCLUDED))),(type:FOLLOWS_YOUR_COMPANY,values:List((id:CF,text:Following%2520your%2520company,selectionType:INCLUDED))),(type:RECENTLY_CHANGED_JOBS,values:List((id:RPC,text:Changed%2520jobs,selectionType:INCLUDED))),(type:RELATIONSHIP,values:List((id:O,text:3rd%252B%2520degree%2520connections,selectionType:INCLUDED))),(type:POSTED_ON_LINKEDIN,values:List((id:RPOL,text:Posted%2520on%2520LinkedIn,selectionType:INCLUDED)))))&sessionId=7PDP%2FfqwRIe1fIP96wVAIg%3D%3D&viewAllFilters=true",""
"0ddcdd45-a158-4924-9842-c0d9d4c5ed69","0fd0e7cf-b5c4-4613-abc5-848ea81e49d0",2,"pending","INDUSTRY","53",,"","https://www.linkedin.com/sales/search/people?query=(recentSearchParam:(id:5752546450,doLogHistory:true),filters:List((type:INDUSTRY,values:List((id:53,selectionType:INCLUDED))),(type:GEOGRAPHY,values:List((id:104514572,selectionType:INCLUDED))),(type:FOLLOWS_YOUR_COMPANY,values:List((id:CF,text:Following%2520your%2520company,selectionType:INCLUDED))),(type:RECENTLY_CHANGED_JOBS,values:List((id:RPC,text:Changed%2520jobs,selectionType:INCLUDED))),(type:RELATIONSHIP,values:List((id:O,text:3rd%252B%2520degree%2520connections,selectionType:INCLUDED))),(type:POSTED_ON_LINKEDIN,values:List((id:RPOL,text:Posted%2520on%2520LinkedIn,selectionType:INCLUDED)))))&sessionId=7PDP%2FfqwRIe1fIP96wVAIg%3D%3D&viewAllFilters=true",""
"f2efe107-baca-4332-8c12-c15c5d994df5","0fd0e7cf-b5c4-4613-abc5-848ea81e49d0",2,"pending","INDUSTRY","54",,"","https://www.linkedin.com/sales/search/people?query=(recentSearchParam:(id:5752546450,doLogHistory:true),filters:List((type:INDUSTRY,values:List((id:54,selectionType:INCLUDED))),(type:GEOGRAPHY,values:List((id:104514572,selectionType:INCLUDED))),(type:FOLLOWS_YOUR_COMPANY,values:List((id:CF,text:Following%2520your%2520company,selectionType:INCLUDED))),(type:RECENTLY_CHANGED_JOBS,values:List((id:RPC,text:Changed%2520jobs,selectionType:INCLUDED))),(type:RELATIONSHIP,values:List((id:O,text:3rd%252B%2520degree%2520connections,selectionType:INCLUDED))),(type:POSTED_ON_LINKEDIN,values:List((id:RPOL,text:Posted%2520on%2520LinkedIn,selectionType:INCLUDED)))))&sessionId=7PDP%2FfqwRIe1fIP96wVAIg%3D%3D&viewAllFilters=true",""
"2501b79d-1673-45f4-a3cc-60202c2d0eea","0fd0e7cf-b5c4-4613-abc5-848ea81e49d0",2,"pending","INDUSTRY","55",,"","https://www.linkedin.com/sales/search/people?query=(recentSearchParam:(id:5752546450,doLogHistory:true),filters:List((type:INDUSTRY,values:List((id:55,selectionType:INCLUDED))),(type:GEOGRAPHY,values:List((id:104514572,selectionType:INCLUDED))),(type:FOLLOWS_YOUR_COMPANY,values:List((id:CF,text:Following%2520your%2520company,selectionType:INCLUDED))),(type:RECENTLY_CHANGED_JOBS,values:List((id:RPC,text:Changed%2520jobs,selectionType:INCLUDED))),(type:RELATIONSHIP,values:List((id:O,text:3rd%252B%2520degree%2520connections,selectionType:INCLUDED))),(type:POSTED_ON_LINKEDIN,values:List((id:RPOL,text:Posted%2520on%2520LinkedIn,selectionType:INCLUDED)))))&sessionId=7PDP%2FfqwRIe1fIP96wVAIg%3D%3D&viewAllFilters=true",""
"f5166b77-f58e-4a0f-b03e-30381155a026","0fd0e7cf-b5c4-4613-abc5-848ea81e49d0",2,"pending","INDUSTRY","56",,"","https://www.linkedin.com/sales/search/people?query=(recentSearchParam:(id:5752546450,doLogHistory:true),filters:List((type:INDUSTRY,values:List((id:56,selectionType:INCLUDED))),(type:GEOGRAPHY,values:List((id:104514572,selectionType:INCLUDED))),(type:FOLLOWS_YOUR_COMPANY,values:List((id:CF,text:Following%2520your%2520company,selectionType:INCLUDED))),(type:RECENTLY_CHANGED_JOBS,values:List((id:RPC,text:Changed%2520jobs,selectionType:INCLUDED))),(type:RELATIONSHIP,values:List((id:O,text:3rd%252B%2520degree%2520connections,selectionType:INCLUDED))),(type:POSTED_ON_LINKEDIN,values:List((id:RPOL,text:Posted%2520on%2520LinkedIn,selectionType:INCLUDED)))))&sessionId=7PDP%2FfqwRIe1fIP96wVAIg%3D%3D&viewAllFilters=true",""
"a5a75396-5518-46e2-8575-ceae6b344678","0fd0e7cf-b5c4-4613-abc5-848ea81e49d0",2,"pending","INDUSTRY","57",,"","https://www.linkedin.com/sales/search/people?query=(recentSearchParam:(id:5752546450,doLogHistory:true),filters:List((type:INDUSTRY,values:List((id:57,selectionType:INCLUDED))),(type:GEOGRAPHY,values:List((id:104514572,selectionType:INCLUDED))),(type:FOLLOWS_YOUR_COMPANY,values:List((id:CF,text:Following%2520your%2520company,selectionType:INCLUDED))),(type:RECENTLY_CHANGED_JOBS,values:List((id:RPC,text:Changed%2520jobs,selectionType:INCLUDED))),(type:RELATIONSHIP,values:List((id:O,text:3rd%252B%2520degree%2520connections,selectionType:INCLUDED))),(type:POSTED_ON_LINKEDIN,values:List((id:RPOL,text:Posted%2520on%2520LinkedIn,selectionType:INCLUDED)))))&sessionId=7PDP%2FfqwRIe1fIP96wVAIg%3D%3D&viewAllFilters=true",""
"df60b69f-40f1-4400-a0dc-26549956e519","0fd0e7cf-b5c4-4613-abc5-848ea81e49d0",2,"pending","INDUSTRY","58",,"","https://www.linkedin.com/sales/search/people?query=(recentSearchParam:(id:5752546450,doLogHistory:true),filters:List((type:INDUSTRY,values:List((id:58,selectionType:INCLUDED))),(type:GEOGRAPHY,values:List((id:104514572,selectionType:INCLUDED))),(type:FOLLOWS_YOUR_COMPANY,values:List((id:CF,text:Following%2520your%2520company,selectionType:INCLUDED))),(type:RECENTLY_CHANGED_JOBS,values:List((id:RPC,text:Changed%2520jobs,selectionType:INCLUDED))),(type:RELATIONSHIP,values:List((id:O,text:3rd%252B%2520degree%2520connections,selectionType:INCLUDED))),(type:POSTED_ON_LINKEDIN,values:List((id:RPOL,text:Posted%2520on%2520LinkedIn,selectionType:INCLUDED)))))&sessionId=7PDP%2FfqwRIe1fIP96wVAIg%3D%3D&viewAllFilters=true",""
"255f3f0e-58ea-4d7d-be81-08883a5443b4","0fd0e7cf-b5c4-4613-abc5-848ea81e49d0",2,"pending","INDUSTRY","59",,"","https://www.linkedin.com/sales/search/people?query=(recentSearchParam:(id:5752546450,doLogHistory:true),filters:List((type:INDUSTRY,values:List((id:59,selectionType:INCLUDED))),(type:GEOGRAPHY,values:List((id:104514572,selectionType:INCLUDED))),(type:FOLLOWS_YOUR_COMPANY,values:List((id:CF,text:Following%2520your%2520company,selectionType:INCLUDED))),(type:RECENTLY_CHANGED_JOBS,values:List((id:RPC,text:Changed%2520jobs,selectionType:INCLUDED))),(type:RELATIONSHIP,values:List((id:O,text:3rd%252B%2520degree%2520connections,selectionType:INCLUDED))),(type:POSTED_ON_LINKEDIN,values:List((id:RPOL,text:Posted%2520on%2520LinkedIn,selectionType:INCLUDED)))))&sessionId=7PDP%2FfqwRIe1fIP96wVAIg%3D%3D&viewAllFilters=true",""
"1fc5a274-f892-47a6-9e0a-35c100ac365a","0fd0e7cf-b5c4-4613-abc5-848ea81e49d0",2,"pending","INDUSTRY","60",,"","https://www.linkedin.com/sales/search/people?query=(recentSearchParam:(id:5752546450,doLogHistory:true),filters:List((type:INDUSTRY,values:List((id:60,selectionType:INCLUDED))),(type:GEOGRAPHY,values:List((id:104514572,selectionType:INCLUDED))),(type:FOLLOWS_YOUR_COMPANY,values:List((id:CF,text:Following%2520your%2520company,selectionType:INCLUDED))),(type:RECENTLY_CHANGED_JOBS,values:List((id:RPC,text:Changed%2520jobs,selectionType:INCLUDED))),(type:RELATIONSHIP,values:List((id:O,text:3rd%252B%2520degree%2520connections,selectionType:INCLUDED))),(type:POSTED_ON_LINKEDIN,values:List((id:RPOL,text:Posted%2520on%2520LinkedIn,selectionType:INCLUDED)))))&sessionId=7PDP%2FfqwRIe1fIP96wVAIg%3D%3D&viewAllFilters=true",""
"951f95cc-1d55-4532-ad2f-8053dd19ff41","0fd0e7cf-b5c4-4613-abc5-848ea81e49d0",2,"pending","INDUSTRY","61",,"","https://www.linkedin.com/sales/search/people?query=(recentSearchParam:(id:5752546450,doLogHistory:true),filters:List((type:INDUSTRY,values:List((id:61,selectionType:INCLUDED))),(type:GEOGRAPHY,values:List((id:104514572,selectionType:INCLUDED))),(type:FOLLOWS_YOUR_COMPANY,values:List((id:CF,text:Following%2520your%2520company,selectionType:INCLUDED))),(type:RECENTLY_CHANGED_JOBS,values:List((id:RPC,text:Changed%2520jobs,selectionType:INCLUDED))),(type:RELATIONSHIP,values:List((id:O,text:3rd%252B%2520degree%2520connections,selectionType:INCLUDED))),(type:POSTED_ON_LINKEDIN,values:List((id:RPOL,text:Posted%2520on%2520LinkedIn,selectionType:INCLUDED)))))&sessionId=7PDP%2FfqwRIe1fIP96wVAIg%3D%3D&viewAllFilters=true",""
"3c2decbe-3424-47ab-8ecd-60c3e238c596","0fd0e7cf-b5c4-4613-abc5-848ea81e49d0",2,"pending","INDUSTRY","62",,"","https://www.linkedin.com/sales/search/people?query=(recentSearchParam:(id:5752546450,doLogHistory:true),filters:List((type:INDUSTRY,values:List((id:62,selectionType:INCLUDED))),(type:GEOGRAPHY,values:List((id:104514572,selectionType:INCLUDED))),(type:FOLLOWS_YOUR_COMPANY,values:List((id:CF,text:Following%2520your%2520company,selectionType:INCLUDED))),(type:RECENTLY_CHANGED_JOBS,values:List((id:RPC,text:Changed%2520jobs,selectionType:INCLUDED))),(type:RELATIONSHIP,values:List((id:O,text:3rd%252B%2520degree%2520connections,selectionType:INCLUDED))),(type:POSTED_ON_LINKEDIN,values:List((id:RPOL,text:Posted%2520on%2520LinkedIn,selectionType:INCLUDED)))))&sessionId=7PDP%2FfqwRIe1fIP96wVAIg%3D%3D&viewAllFilters=true",""
"9a9fbe05-4b05-4a83-b361-0dd711e9de7f","0fd0e7cf-b5c4-4613-abc5-848ea81e49d0",2,"pending","INDUSTRY","63",,"","https://www.linkedin.com/sales/search/people?query=(recentSearchParam:(id:5752546450,doLogHistory:true),filters:List((type:INDUSTRY,values:List((id:63,selectionType:INCLUDED))),(type:GEOGRAPHY,values:List((id:104514572,selectionType:INCLUDED))),(type:FOLLOWS_YOUR_COMPANY,values:List((id:CF,text:Following%2520your%2520company,selectionType:INCLUDED))),(type:RECENTLY_CHANGED_JOBS,values:List((id:RPC,text:Changed%2520jobs,selectionType:INCLUDED))),(type:RELATIONSHIP,values:List((id:O,text:3rd%252B%2520degree%2520connections,selectionType:INCLUDED))),(type:POSTED_ON_LINKEDIN,values:List((id:RPOL,text:Posted%2520on%2520LinkedIn,selectionType:INCLUDED)))))&sessionId=7PDP%2FfqwRIe1fIP96wVAIg%3D%3D&viewAllFilters=true",""
"f0dc6793-0bd7-48d6-aad5-c4bcfc1188e2","0fd0e7cf-b5c4-4613-abc5-848ea81e49d0",2,"pending","INDUSTRY","64",,"","https://www.linkedin.com/sales/search/people?query=(recentSearchParam:(id:5752546450,doLogHistory:true),filters:List((type:INDUSTRY,values:List((id:64,selectionType:INCLUDED))),(type:GEOGRAPHY,values:List((id:104514572,selectionType:INCLUDED))),(type:FOLLOWS_YOUR_COMPANY,values:List((id:CF,text:Following%2520your%2520company,selectionType:INCLUDED))),(type:RECENTLY_CHANGED_JOBS,values:List((id:RPC,text:Changed%2520jobs,selectionType:INCLUDED))),(type:RELATIONSHIP,values:List((id:O,text:3rd%252B%2520degree%2520connections,selectionType:INCLUDED))),(type:POSTED_ON_LINKEDIN,values:List((id:RPOL,text:Posted%2520on%2520LinkedIn,selectionType:INCLUDED)))))&sessionId=7PDP%2FfqwRIe1fIP96wVAIg%3D%3D&viewAllFilters=true",""
"acbb1945-a61e-471d-b90f-8da24c33d690","0fd0e7cf-b5c4-4613-abc5-848ea81e49d0",2,"pending","INDUSTRY","65",,"","https://www.linkedin.com/sales/search/people?query=(recentSearchParam:(id:5752546450,doLogHistory:true),filters:List((type:INDUSTRY,values:List((id:65,selectionType:INCLUDED))),(type:GEOGRAPHY,values:List((id:104514572,selectionType:INCLUDED))),(type:FOLLOWS_YOUR_COMPANY,values:List((id:CF,text:Following%2520your%2520company,selectionType:INCLUDED))),(type:RECENTLY_CHANGED_JOBS,values:List((id:RPC,text:Changed%2520jobs,selectionType:INCLUDED))),(type:RELATIONSHIP,values:List((id:O,text:3rd%252B%2520degree%2520connections,selectionType:INCLUDED))),(type:POSTED_ON_LINKEDIN,values:List((id:RPOL,text:Posted%2520on%2520LinkedIn,selectionType:INCLUDED)))))&sessionId=7PDP%2FfqwRIe1fIP96wVAIg%3D%3D&viewAllFilters=true",""
"e2ada954-40aa-458e-90a5-493a770e8b9f","0fd0e7cf-b5c4-4613-abc5-848ea81e49d0",2,"pending","INDUSTRY","66",,"","https://www.linkedin.com/sales/search/people?query=(recentSearchParam:(id:5752546450,doLogHistory:true),filters:List((type:INDUSTRY,values:List((id:66,selectionType:INCLUDED))),(type:GEOGRAPHY,values:List((id:104514572,selectionType:INCLUDED))),(type:FOLLOWS_YOUR_COMPANY,values:List((id:CF,text:Following%2520your%2520company,selectionType:INCLUDED))),(type:RECENTLY_CHANGED_JOBS,values:List((id:RPC,text:Changed%2520jobs,selectionType:INCLUDED))),(type:RELATIONSHIP,values:List((id:O,text:3rd%252B%2520degree%2520connections,selectionType:INCLUDED))),(type:POSTED_ON_LINKEDIN,values:List((id:RPOL,text:Posted%2520on%2520LinkedIn,selectionType:INCLUDED)))))&sessionId=7PDP%2FfqwRIe1fIP96wVAIg%3D%3D&viewAllFilters=true",""
"5413b8f6-7fa4-4434-b837-5bb63e2de1ad","0fd0e7cf-b5c4-4613-abc5-848ea81e49d0",2,"pending","INDUSTRY","67",,"","https://www.linkedin.com/sales/search/people?query=(recentSearchParam:(id:5752546450,doLogHistory:true),filters:List((type:INDUSTRY,values:List((id:67,selectionType:INCLUDED))),(type:GEOGRAPHY,values:List((id:104514572,selectionType:INCLUDED))),(type:FOLLOWS_YOUR_COMPANY,values:List((id:CF,text:Following%2520your%2520company,selectionType:INCLUDED))),(type:RECENTLY_CHANGED_JOBS,values:List((id:RPC,text:Changed%2520jobs,selectionType:INCLUDED))),(type:RELATIONSHIP,values:List((id:O,text:3rd%252B%2520degree%2520connections,selectionType:INCLUDED))),(type:POSTED_ON_LINKEDIN,values:List((id:RPOL,text:Posted%2520on%2520LinkedIn,selectionType:INCLUDED)))))&sessionId=7PDP%2FfqwRIe1fIP96wVAIg%3D%3D&viewAllFilters=true",""
"2591d4e4-3917-462a-b888-d89dd1a1fe58","0fd0e7cf-b5c4-4613-abc5-848ea81e49d0",2,"pending","INDUSTRY","68",,"","https://www.linkedin.com/sales/search/people?query=(recentSearchParam:(id:5752546450,doLogHistory:true),filters:List((type:INDUSTRY,values:List((id:68,selectionType:INCLUDED))),(type:GEOGRAPHY,values:List((id:104514572,selectionType:INCLUDED))),(type:FOLLOWS_YOUR_COMPANY,values:List((id:CF,text:Following%2520your%2520company,selectionType:INCLUDED))),(type:RECENTLY_CHANGED_JOBS,values:List((id:RPC,text:Changed%2520jobs,selectionType:INCLUDED))),(type:RELATIONSHIP,values:List((id:O,text:3rd%252B%2520degree%2520connections,selectionType:INCLUDED))),(type:POSTED_ON_LINKEDIN,values:List((id:RPOL,text:Posted%2520on%2520LinkedIn,selectionType:INCLUDED)))))&sessionId=7PDP%2FfqwRIe1fIP96wVAIg%3D%3D&viewAllFilters=true",""
"5ca0a19b-0e71-4214-b8b1-73dcda7d8c3a","0fd0e7cf-b5c4-4613-abc5-848ea81e49d0",2,"pending","INDUSTRY","69",,"","https://www.linkedin.com/sales/search/people?query=(recentSearchParam:(id:5752546450,doLogHistory:true),filters:List((type:INDUSTRY,values:List((id:69,selectionType:INCLUDED))),(type:GEOGRAPHY,values:List((id:104514572,selectionType:INCLUDED))),(type:FOLLOWS_YOUR_COMPANY,values:List((id:CF,text:Following%2520your%2520company,selectionType:INCLUDED))),(type:RECENTLY_CHANGED_JOBS,values:List((id:RPC,text:Changed%2520jobs,selectionType:INCLUDED))),(type:RELATIONSHIP,values:List((id:O,text:3rd%252B%2520degree%2520connections,selectionType:INCLUDED))),(type:POSTED_ON_LINKEDIN,values:List((id:RPOL,text:Posted%2520on%2520LinkedIn,selectionType:INCLUDED)))))&sessionId=7PDP%2FfqwRIe1fIP96wVAIg%3D%3D&viewAllFilters=true",""
"3b864158-7963-4bcf-b401-ee18056530e6","43208d49-2c51-406f-937e-4ad9f99d787a",2,"pending","INDUSTRY","1",,"","https://www.linkedin.com/sales/search/people?query=(recentSearchParam:(id:5752546450,doLogHistory:true),filters:List((type:INDUSTRY,values:List((id:1,selectionType:INCLUDED))),(type:GEOGRAPHY,values:List((id:103537801,selectionType:INCLUDED))),(type:FOLLOWS_YOUR_COMPANY,values:List((id:CF,text:Following%2520your%2520company,selectionType:INCLUDED))),(type:RECENTLY_CHANGED_JOBS,values:List((id:RPC,text:Changed%2520jobs,selectionType:INCLUDED))),(type:RELATIONSHIP,values:List((id:O,text:3rd%252B%2520degree%2520connections,selectionType:INCLUDED))),(type:POSTED_ON_LINKEDIN,values:List((id:RPOL,text:Posted%2520on%2520LinkedIn,selectionType:INCLUDED)))))&sessionId=7PDP%2FfqwRIe1fIP96wVAIg%3D%3D&viewAllFilters=true",""
"9a72377e-b73f-41e4-adb1-111c60d1380d","43208d49-2c51-406f-937e-4ad9f99d787a",2,"pending","INDUSTRY","3",,"","https://www.linkedin.com/sales/search/people?query=(recentSearchParam:(id:5752546450,doLogHistory:true),filters:List((type:INDUSTRY,values:List((id:3,selectionType:INCLUDED))),(type:GEOGRAPHY,values:List((id:103537801,selectionType:INCLUDED))),(type:FOLLOWS_YOUR_COMPANY,values:List((id:CF,text:Following%2520your%2520company,selectionType:INCLUDED))),(type:RECENTLY_CHANGED_JOBS,values:List((id:RPC,text:Changed%2520jobs,selectionType:INCLUDED))),(type:RELATIONSHIP,values:List((id:O,text:3rd%252B%2520degree%2520connections,selectionType:INCLUDED))),(type:POSTED_ON_LINKEDIN,values:List((id:RPOL,text:Posted%2520on%2520LinkedIn,selectionType:INCLUDED)))))&sessionId=7PDP%2FfqwRIe1fIP96wVAIg%3D%3D&viewAllFilters=true",""
"8c97e21a-f5b6-4cb3-9170-c88065326fd7","43208d49-2c51-406f-937e-4ad9f99d787a",2,"pending","INDUSTRY","4",,"","https://www.linkedin.com/sales/search/people?query=(recentSearchParam:(id:5752546450,doLogHistory:true),filters:List((type:INDUSTRY,values:List((id:4,selectionType:INCLUDED))),(type:GEOGRAPHY,values:List((id:103537801,selectionType:INCLUDED))),(type:FOLLOWS_YOUR_COMPANY,values:List((id:CF,text:Following%2520your%2520company,selectionType:INCLUDED))),(type:RECENTLY_CHANGED_JOBS,values:List((id:RPC,text:Changed%2520jobs,selectionType:INCLUDED))),(type:RELATIONSHIP,values:List((id:O,text:3rd%252B%2520degree%2520connections,selectionType:INCLUDED))),(type:POSTED_ON_LINKEDIN,values:List((id:RPOL,text:Posted%2520on%2520LinkedIn,selectionType:INCLUDED)))))&sessionId=7PDP%2FfqwRIe1fIP96wVAIg%3D%3D&viewAllFilters=true",""
"3ad1a81b-20fb-47fc-b784-02b158013a2e","43208d49-2c51-406f-937e-4ad9f99d787a",2,"pending","INDUSTRY","5",,"","https://www.linkedin.com/sales/search/people?query=(recentSearchParam:(id:5752546450,doLogHistory:true),filters:List((type:INDUSTRY,values:List((id:5,selectionType:INCLUDED))),(type:GEOGRAPHY,values:List((id:103537801,selectionType:INCLUDED))),(type:FOLLOWS_YOUR_COMPANY,values:List((id:CF,text:Following%2520your%2520company,selectionType:INCLUDED))),(type:RECENTLY_CHANGED_JOBS,values:List((id:RPC,text:Changed%2520jobs,selectionType:INCLUDED))),(type:RELATIONSHIP,values:List((id:O,text:3rd%252B%2520degree%2520connections,selectionType:INCLUDED))),(type:POSTED_ON_LINKEDIN,values:List((id:RPOL,text:Posted%2520on%2520LinkedIn,selectionType:INCLUDED)))))&sessionId=7PDP%2FfqwRIe1fIP96wVAIg%3D%3D&viewAllFilters=true",""
"365b0076-0e55-47b8-af24-502bbf74e715","43208d49-2c51-406f-937e-4ad9f99d787a",2,"pending","INDUSTRY","6",,"","https://www.linkedin.com/sales/search/people?query=(recentSearchParam:(id:5752546450,doLogHistory:true),filters:List((type:INDUSTRY,values:List((id:6,selectionType:INCLUDED))),(type:GEOGRAPHY,values:List((id:103537801,selectionType:INCLUDED))),(type:FOLLOWS_YOUR_COMPANY,values:List((id:CF,text:Following%2520your%2520company,selectionType:INCLUDED))),(type:RECENTLY_CHANGED_JOBS,values:List((id:RPC,text:Changed%2520jobs,selectionType:INCLUDED))),(type:RELATIONSHIP,values:List((id:O,text:3rd%252B%2520degree%2520connections,selectionType:INCLUDED))),(type:POSTED_ON_LINKEDIN,values:List((id:RPOL,text:Posted%2520on%2520LinkedIn,selectionType:INCLUDED)))))&sessionId=7PDP%2FfqwRIe1fIP96wVAIg%3D%3D&viewAllFilters=true",""
"c98cae30-0d11-47f7-a89a-26b50d0d2f55","43208d49-2c51-406f-937e-4ad9f99d787a",2,"pending","INDUSTRY","7",,"","https://www.linkedin.com/sales/search/people?query=(recentSearchParam:(id:5752546450,doLogHistory:true),filters:List((type:INDUSTRY,values:List((id:7,selectionType:INCLUDED))),(type:GEOGRAPHY,values:List((id:103537801,selectionType:INCLUDED))),(type:FOLLOWS_YOUR_COMPANY,values:List((id:CF,text:Following%2520your%2520company,selectionType:INCLUDED))),(type:RECENTLY_CHANGED_JOBS,values:List((id:RPC,text:Changed%2520jobs,selectionType:INCLUDED))),(type:RELATIONSHIP,values:List((id:O,text:3rd%252B%2520degree%2520connections,selectionType:INCLUDED))),(type:POSTED_ON_LINKEDIN,values:List((id:RPOL,text:Posted%2520on%2520LinkedIn,selectionType:INCLUDED)))))&sessionId=7PDP%2FfqwRIe1fIP96wVAIg%3D%3D&viewAllFilters=true",""
"5f36f120-b59c-4676-9615-dd3017e9451b","43208d49-2c51-406f-937e-4ad9f99d787a",2,"pending","INDUSTRY","8",,"","https://www.linkedin.com/sales/search/people?query=(recentSearchParam:(id:5752546450,doLogHistory:true),filters:List((type:INDUSTRY,values:List((id:8,selectionType:INCLUDED))),(type:GEOGRAPHY,values:List((id:103537801,selectionType:INCLUDED))),(type:FOLLOWS_YOUR_COMPANY,values:List((id:CF,text:Following%2520your%2520company,selectionType:INCLUDED))),(type:RECENTLY_CHANGED_JOBS,values:List((id:RPC,text:Changed%2520jobs,selectionType:INCLUDED))),(type:RELATIONSHIP,values:List((id:O,text:3rd%252B%2520degree%2520connections,selectionType:INCLUDED))),(type:POSTED_ON_LINKEDIN,values:List((id:RPOL,text:Posted%2520on%2520LinkedIn,selectionType:INCLUDED)))))&sessionId=7PDP%2FfqwRIe1fIP96wVAIg%3D%3D&viewAllFilters=true",""
"1e835fe8-8026-47b0-8e0f-217f1a25cafe","43208d49-2c51-406f-937e-4ad9f99d787a",2,"pending","INDUSTRY","9",,"","https://www.linkedin.com/sales/search/people?query=(recentSearchParam:(id:5752546450,doLogHistory:true),filters:List((type:INDUSTRY,values:List((id:9,selectionType:INCLUDED))),(type:GEOGRAPHY,values:List((id:103537801,selectionType:INCLUDED))),(type:FOLLOWS_YOUR_COMPANY,values:List((id:CF,text:Following%2520your%2520company,selectionType:INCLUDED))),(type:RECENTLY_CHANGED_JOBS,values:List((id:RPC,text:Changed%2520jobs,selectionType:INCLUDED))),(type:RELATIONSHIP,values:List((id:O,text:3rd%252B%2520degree%2520connections,selectionType:INCLUDED))),(type:POSTED_ON_LINKEDIN,values:List((id:RPOL,text:Posted%2520on%2520LinkedIn,selectionType:INCLUDED)))))&sessionId=7PDP%2FfqwRIe1fIP96wVAIg%3D%3D&viewAllFilters=true",""
"514f7014-a9a6-4407-bc93-8b816b9040cd","43208d49-2c51-406f-937e-4ad9f99d787a",2,"pending","INDUSTRY","10",,"","https://www.linkedin.com/sales/search/people?query=(recentSearchParam:(id:5752546450,doLogHistory:true),filters:List((type:INDUSTRY,values:List((id:10,selectionType:INCLUDED))),(type:GEOGRAPHY,values:List((id:103537801,selectionType:INCLUDED))),(type:FOLLOWS_YOUR_COMPANY,values:List((id:CF,text:Following%2520your%2520company,selectionType:INCLUDED))),(type:RECENTLY_CHANGED_JOBS,values:List((id:RPC,text:Changed%2520jobs,selectionType:INCLUDED))),(type:RELATIONSHIP,values:List((id:O,text:3rd%252B%2520degree%2520connections,selectionType:INCLUDED))),(type:POSTED_ON_LINKEDIN,values:List((id:RPOL,text:Posted%2520on%2520LinkedIn,selectionType:INCLUDED)))))&sessionId=7PDP%2FfqwRIe1fIP96wVAIg%3D%3D&viewAllFilters=true",""
"0d07e087-fcf3-4ff2-979e-6aa08dfe0094","43208d49-2c51-406f-937e-4ad9f99d787a",2,"pending","INDUSTRY","11",,"","https://www.linkedin.com/sales/search/people?query=(recentSearchParam:(id:5752546450,doLogHistory:true),filters:List((type:INDUSTRY,values:List((id:11,selectionType:INCLUDED))),(type:GEOGRAPHY,values:List((id:103537801,selectionType:INCLUDED))),(type:FOLLOWS_YOUR_COMPANY,values:List((id:CF,text:Following%2520your%2520company,selectionType:INCLUDED))),(type:RECENTLY_CHANGED_JOBS,values:List((id:RPC,text:Changed%2520jobs,selectionType:INCLUDED))),(type:RELATIONSHIP,values:List((id:O,text:3rd%252B%2520degree%2520connections,selectionType:INCLUDED))),(type:POSTED_ON_LINKEDIN,values:List((id:RPOL,text:Posted%2520on%2520LinkedIn,selectionType:INCLUDED)))))&sessionId=7PDP%2FfqwRIe1fIP96wVAIg%3D%3D&viewAllFilters=true",""
"fc6568bc-c18c-4370-8a7b-8449bd838ac2","43208d49-2c51-406f-937e-4ad9f99d787a",2,"pending","INDUSTRY","12",,"","https://www.linkedin.com/sales/search/people?query=(recentSearchParam:(id:5752546450,doLogHistory:true),filters:List((type:INDUSTRY,values:List((id:12,selectionType:INCLUDED))),(type:GEOGRAPHY,values:List((id:103537801,selectionType:INCLUDED))),(type:FOLLOWS_YOUR_COMPANY,values:List((id:CF,text:Following%2520your%2520company,selectionType:INCLUDED))),(type:RECENTLY_CHANGED_JOBS,values:List((id:RPC,text:Changed%2520jobs,selectionType:INCLUDED))),(type:RELATIONSHIP,values:List((id:O,text:3rd%252B%2520degree%2520connections,selectionType:INCLUDED))),(type:POSTED_ON_LINKEDIN,values:List((id:RPOL,text:Posted%2520on%2520LinkedIn,selectionType:INCLUDED)))))&sessionId=7PDP%2FfqwRIe1fIP96wVAIg%3D%3D&viewAllFilters=true",""
"84572f81-5725-4f3b-8423-7073ba80cdc1","43208d49-2c51-406f-937e-4ad9f99d787a",2,"pending","INDUSTRY","13",,"","https://www.linkedin.com/sales/search/people?query=(recentSearchParam:(id:5752546450,doLogHistory:true),filters:List((type:INDUSTRY,values:List((id:13,selectionType:INCLUDED))),(type:GEOGRAPHY,values:List((id:103537801,selectionType:INCLUDED))),(type:FOLLOWS_YOUR_COMPANY,values:List((id:CF,text:Following%2520your%2520company,selectionType:INCLUDED))),(type:RECENTLY_CHANGED_JOBS,values:List((id:RPC,text:Changed%2520jobs,selectionType:INCLUDED))),(type:RELATIONSHIP,values:List((id:O,text:3rd%252B%2520degree%2520connections,selectionType:INCLUDED))),(type:POSTED_ON_LINKEDIN,values:List((id:RPOL,text:Posted%2520on%2520LinkedIn,selectionType:INCLUDED)))))&sessionId=7PDP%2FfqwRIe1fIP96wVAIg%3D%3D&viewAllFilters=true",""
"4e4aac38-c28f-4739-ba49-25b76a4002eb","43208d49-2c51-406f-937e-4ad9f99d787a",2,"pending","INDUSTRY","14",,"","https://www.linkedin.com/sales/search/people?query=(recentSearchParam:(id:5752546450,doLogHistory:true),filters:List((type:INDUSTRY,values:List((id:14,selectionType:INCLUDED))),(type:GEOGRAPHY,values:List((id:103537801,selectionType:INCLUDED))),(type:FOLLOWS_YOUR_COMPANY,values:List((id:CF,text:Following%2520your%2520company,selectionType:INCLUDED))),(type:RECENTLY_CHANGED_JOBS,values:List((id:RPC,text:Changed%2520jobs,selectionType:INCLUDED))),(type:RELATIONSHIP,values:List((id:O,text:3rd%252B%2520degree%2520connections,selectionType:INCLUDED))),(type:POSTED_ON_LINKEDIN,values:List((id:RPOL,text:Posted%2520on%2520LinkedIn,selectionType:INCLUDED)))))&sessionId=7PDP%2FfqwRIe1fIP96wVAIg%3D%3D&viewAllFilters=true",""
"687a61f5-1d84-4533-a438-bda5096a0e29","43208d49-2c51-406f-937e-4ad9f99d787a",2,"pending","INDUSTRY","15",,"","https://www.linkedin.com/sales/search/people?query=(recentSearchParam:(id:5752546450,doLogHistory:true),filters:List((type:INDUSTRY,values:List((id:15,selectionType:INCLUDED))),(type:GEOGRAPHY,values:List((id:103537801,selectionType:INCLUDED))),(type:FOLLOWS_YOUR_COMPANY,values:List((id:CF,text:Following%2520your%2520company,selectionType:INCLUDED))),(type:RECENTLY_CHANGED_JOBS,values:List((id:RPC,text:Changed%2520jobs,selectionType:INCLUDED))),(type:RELATIONSHIP,values:List((id:O,text:3rd%252B%2520degree%2520connections,selectionType:INCLUDED))),(type:POSTED_ON_LINKEDIN,values:List((id:RPOL,text:Posted%2520on%2520LinkedIn,selectionType:INCLUDED)))))&sessionId=7PDP%2FfqwRIe1fIP96wVAIg%3D%3D&viewAllFilters=true",""
"ca419527-5282-4b44-8998-73db3c61c26a","43208d49-2c51-406f-937e-4ad9f99d787a",2,"pending","INDUSTRY","16",,"","https://www.linkedin.com/sales/search/people?query=(recentSearchParam:(id:5752546450,doLogHistory:true),filters:List((type:INDUSTRY,values:List((id:16,selectionType:INCLUDED))),(type:GEOGRAPHY,values:List((id:103537801,selectionType:INCLUDED))),(type:FOLLOWS_YOUR_COMPANY,values:List((id:CF,text:Following%2520your%2520company,selectionType:INCLUDED))),(type:RECENTLY_CHANGED_JOBS,values:List((id:RPC,text:Changed%2520jobs,selectionType:INCLUDED))),(type:RELATIONSHIP,values:List((id:O,text:3rd%252B%2520degree%2520connections,selectionType:INCLUDED))),(type:POSTED_ON_LINKEDIN,values:List((id:RPOL,text:Posted%2520on%2520LinkedIn,selectionType:INCLUDED)))))&sessionId=7PDP%2FfqwRIe1fIP96wVAIg%3D%3D&viewAllFilters=true",""
"81161c7d-082e-42f9-bea0-4a3737c7a75b","43208d49-2c51-406f-937e-4ad9f99d787a",2,"pending","INDUSTRY","17",,"","https://www.linkedin.com/sales/search/people?query=(recentSearchParam:(id:5752546450,doLogHistory:true),filters:List((type:INDUSTRY,values:List((id:17,selectionType:INCLUDED))),(type:GEOGRAPHY,values:List((id:103537801,selectionType:INCLUDED))),(type:FOLLOWS_YOUR_COMPANY,values:List((id:CF,text:Following%2520your%2520company,selectionType:INCLUDED))),(type:RECENTLY_CHANGED_JOBS,values:List((id:RPC,text:Changed%2520jobs,selectionType:INCLUDED))),(type:RELATIONSHIP,values:List((id:O,text:3rd%252B%2520degree%2520connections,selectionType:INCLUDED))),(type:POSTED_ON_LINKEDIN,values:List((id:RPOL,text:Posted%2520on%2520LinkedIn,selectionType:INCLUDED)))))&sessionId=7PDP%2FfqwRIe1fIP96wVAIg%3D%3D&viewAllFilters=true",""
"ba0575cc-40fb-471a-a3ff-0d5a3c4f7ec7","43208d49-2c51-406f-937e-4ad9f99d787a",2,"pending","INDUSTRY","18",,"","https://www.linkedin.com/sales/search/people?query=(recentSearchParam:(id:5752546450,doLogHistory:true),filters:List((type:INDUSTRY,values:List((id:18,selectionType:INCLUDED))),(type:GEOGRAPHY,values:List((id:103537801,selectionType:INCLUDED))),(type:FOLLOWS_YOUR_COMPANY,values:List((id:CF,text:Following%2520your%2520company,selectionType:INCLUDED))),(type:RECENTLY_CHANGED_JOBS,values:List((id:RPC,text:Changed%2520jobs,selectionType:INCLUDED))),(type:RELATIONSHIP,values:List((id:O,text:3rd%252B%2520degree%2520connections,selectionType:INCLUDED))),(type:POSTED_ON_LINKEDIN,values:List((id:RPOL,text:Posted%2520on%2520LinkedIn,selectionType:INCLUDED)))))&sessionId=7PDP%2FfqwRIe1fIP96wVAIg%3D%3D&viewAllFilters=true",""
"79aa1b6c-56ef-49ce-8c34-3d03ecaa8e14","43208d49-2c51-406f-937e-4ad9f99d787a",2,"pending","INDUSTRY","19",,"","https://www.linkedin.com/sales/search/people?query=(recentSearchParam:(id:5752546450,doLogHistory:true),filters:List((type:INDUSTRY,values:List((id:19,selectionType:INCLUDED))),(type:GEOGRAPHY,values:List((id:103537801,selectionType:INCLUDED))),(type:FOLLOWS_YOUR_COMPANY,values:List((id:CF,text:Following%2520your%2520company,selectionType:INCLUDED))),(type:RECENTLY_CHANGED_JOBS,values:List((id:RPC,text:Changed%2520jobs,selectionType:INCLUDED))),(type:RELATIONSHIP,values:List((id:O,text:3rd%252B%2520degree%2520connections,selectionType:INCLUDED))),(type:POSTED_ON_LINKEDIN,values:List((id:RPOL,text:Posted%2520on%2520LinkedIn,selectionType:INCLUDED)))))&sessionId=7PDP%2FfqwRIe1fIP96wVAIg%3D%3D&viewAllFilters=true",""
"237eb810-1310-4928-8dc9-75cfdcea3b09","43208d49-2c51-406f-937e-4ad9f99d787a",2,"pending","INDUSTRY","20",,"","https://www.linkedin.com/sales/search/people?query=(recentSearchParam:(id:5752546450,doLogHistory:true),filters:List((type:INDUSTRY,values:List((id:20,selectionType:INCLUDED))),(type:GEOGRAPHY,values:List((id:103537801,selectionType:INCLUDED))),(type:FOLLOWS_YOUR_COMPANY,values:List((id:CF,text:Following%2520your%2520company,selectionType:INCLUDED))),(type:RECENTLY_CHANGED_JOBS,values:List((id:RPC,text:Changed%2520jobs,selectionType:INCLUDED))),(type:RELATIONSHIP,values:List((id:O,text:3rd%252B%2520degree%2520connections,selectionType:INCLUDED))),(type:POSTED_ON_LINKEDIN,values:List((id:RPOL,text:Posted%2520on%2520LinkedIn,selectionType:INCLUDED)))))&sessionId=7PDP%2FfqwRIe1fIP96wVAIg%3D%3D&viewAllFilters=true",""
"7e9eaf7f-d2d2-42d4-a93e-8926961568d6","43208d49-2c51-406f-937e-4ad9f99d787a",2,"pending","INDUSTRY","21",,"","https://www.linkedin.com/sales/search/people?query=(recentSearchParam:(id:5752546450,doLogHistory:true),filters:List((type:INDUSTRY,values:List((id:21,selectionType:INCLUDED))),(type:GEOGRAPHY,values:List((id:103537801,selectionType:INCLUDED))),(type:FOLLOWS_YOUR_COMPANY,values:List((id:CF,text:Following%2520your%2520company,selectionType:INCLUDED))),(type:RECENTLY_CHANGED_JOBS,values:List((id:RPC,text:Changed%2520jobs,selectionType:INCLUDED))),(type:RELATIONSHIP,values:List((id:O,text:3rd%252B%2520degree%2520connections,selectionType:INCLUDED))),(type:POSTED_ON_LINKEDIN,values:List((id:RPOL,text:Posted%2520on%2520LinkedIn,selectionType:INCLUDED)))))&sessionId=7PDP%2FfqwRIe1fIP96wVAIg%3D%3D&viewAllFilters=true",""
"c9c9e77e-50dc-40f8-94a0-3e5a20794a1a","43208d49-2c51-406f-937e-4ad9f99d787a",2,"pending","INDUSTRY","22",,"","https://www.linkedin.com/sales/search/people?query=(recentSearchParam:(id:5752546450,doLogHistory:true),filters:List((type:INDUSTRY,values:List((id:22,selectionType:INCLUDED))),(type:GEOGRAPHY,values:List((id:103537801,selectionType:INCLUDED))),(type:FOLLOWS_YOUR_COMPANY,values:List((id:CF,text:Following%2520your%2520company,selectionType:INCLUDED))),(type:RECENTLY_CHANGED_JOBS,values:List((id:RPC,text:Changed%2520jobs,selectionType:INCLUDED))),(type:RELATIONSHIP,values:List((id:O,text:3rd%252B%2520degree%2520connections,selectionType:INCLUDED))),(type:POSTED_ON_LINKEDIN,values:List((id:RPOL,text:Posted%2520on%2520LinkedIn,selectionType:INCLUDED)))))&sessionId=7PDP%2FfqwRIe1fIP96wVAIg%3D%3D&viewAllFilters=true",""
"c99e22ce-1d93-4a36-87f5-f6ead228c790","43208d49-2c51-406f-937e-4ad9f99d787a",2,"pending","INDUSTRY","23",,"","https://www.linkedin.com/sales/search/people?query=(recentSearchParam:(id:5752546450,doLogHistory:true),filters:List((type:INDUSTRY,values:List((id:23,selectionType:INCLUDED))),(type:GEOGRAPHY,values:List((id:103537801,selectionType:INCLUDED))),(type:FOLLOWS_YOUR_COMPANY,values:List((id:CF,text:Following%2520your%2520company,selectionType:INCLUDED))),(type:RECENTLY_CHANGED_JOBS,values:List((id:RPC,text:Changed%2520jobs,selectionType:INCLUDED))),(type:RELATIONSHIP,values:List((id:O,text:3rd%252B%2520degree%2520connections,selectionType:INCLUDED))),(type:POSTED_ON_LINKEDIN,values:List((id:RPOL,text:Posted%2520on%2520LinkedIn,selectionType:INCLUDED)))))&sessionId=7PDP%2FfqwRIe1fIP96wVAIg%3D%3D&viewAllFilters=true",""
"1b4a58ff-e0eb-4e28-8751-0ac505d9c19c","43208d49-2c51-406f-937e-4ad9f99d787a",2,"pending","INDUSTRY","24",,"","https://www.linkedin.com/sales/search/people?query=(recentSearchParam:(id:5752546450,doLogHistory:true),filters:List((type:INDUSTRY,values:List((id:24,selectionType:INCLUDED))),(type:GEOGRAPHY,values:List((id:103537801,selectionType:INCLUDED))),(type:FOLLOWS_YOUR_COMPANY,values:List((id:CF,text:Following%2520your%2520company,selectionType:INCLUDED))),(type:RECENTLY_CHANGED_JOBS,values:List((id:RPC,text:Changed%2520jobs,selectionType:INCLUDED))),(type:RELATIONSHIP,values:List((id:O,text:3rd%252B%2520degree%2520connections,selectionType:INCLUDED))),(type:POSTED_ON_LINKEDIN,values:List((id:RPOL,text:Posted%2520on%2520LinkedIn,selectionType:INCLUDED)))))&sessionId=7PDP%2FfqwRIe1fIP96wVAIg%3D%3D&viewAllFilters=true",""
"1bd4205d-1c41-46ee-bb98-70e48fd8d7ca","43208d49-2c51-406f-937e-4ad9f99d787a",2,"pending","INDUSTRY","25",,"","https://www.linkedin.com/sales/search/people?query=(recentSearchParam:(id:5752546450,doLogHistory:true),filters:List((type:INDUSTRY,values:List((id:25,selectionType:INCLUDED))),(type:GEOGRAPHY,values:List((id:103537801,selectionType:INCLUDED))),(type:FOLLOWS_YOUR_COMPANY,values:List((id:CF,text:Following%2520your%2520company,selectionType:INCLUDED))),(type:RECENTLY_CHANGED_JOBS,values:List((id:RPC,text:Changed%2520jobs,selectionType:INCLUDED))),(type:RELATIONSHIP,values:List((id:O,text:3rd%252B%2520degree%2520connections,selectionType:INCLUDED))),(type:POSTED_ON_LINKEDIN,values:List((id:RPOL,text:Posted%2520on%2520LinkedIn,selectionType:INCLUDED)))))&sessionId=7PDP%2FfqwRIe1fIP96wVAIg%3D%3D&viewAllFilters=true",""
"d0ae2766-5342-4857-bc1e-93bb3d00629c","43208d49-2c51-406f-937e-4ad9f99d787a",2,"pending","INDUSTRY","26",,"","https://www.linkedin.com/sales/search/people?query=(recentSearchParam:(id:5752546450,doLogHistory:true),filters:List((type:INDUSTRY,values:List((id:26,selectionType:INCLUDED))),(type:GEOGRAPHY,values:List((id:103537801,selectionType:INCLUDED))),(type:FOLLOWS_YOUR_COMPANY,values:List((id:CF,text:Following%2520your%2520company,selectionType:INCLUDED))),(type:RECENTLY_CHANGED_JOBS,values:List((id:RPC,text:Changed%2520jobs,selectionType:INCLUDED))),(type:RELATIONSHIP,values:List((id:O,text:3rd%252B%2520degree%2520connections,selectionType:INCLUDED))),(type:POSTED_ON_LINKEDIN,values:List((id:RPOL,text:Posted%2520on%2520LinkedIn,selectionType:INCLUDED)))))&sessionId=7PDP%2FfqwRIe1fIP96wVAIg%3D%3D&viewAllFilters=true",""
"ad5875e3-c313-4c8c-9c46-8ed18dc92c83","43208d49-2c51-406f-937e-4ad9f99d787a",2,"pending","INDUSTRY","27",,"","https://www.linkedin.com/sales/search/people?query=(recentSearchParam:(id:5752546450,doLogHistory:true),filters:List((type:INDUSTRY,values:List((id:27,selectionType:INCLUDED))),(type:GEOGRAPHY,values:List((id:103537801,selectionType:INCLUDED))),(type:FOLLOWS_YOUR_COMPANY,values:List((id:CF,text:Following%2520your%2520company,selectionType:INCLUDED))),(type:RECENTLY_CHANGED_JOBS,values:List((id:RPC,text:Changed%2520jobs,selectionType:INCLUDED))),(type:RELATIONSHIP,values:List((id:O,text:3rd%252B%2520degree%2520connections,selectionType:INCLUDED))),(type:POSTED_ON_LINKEDIN,values:List((id:RPOL,text:Posted%2520on%2520LinkedIn,selectionType:INCLUDED)))))&sessionId=7PDP%2FfqwRIe1fIP96wVAIg%3D%3D&viewAllFilters=true",""
"3b2036a8-6c27-43fe-87b8-e9585f3bada3","43208d49-2c51-406f-937e-4ad9f99d787a",2,"pending","INDUSTRY","28",,"","https://www.linkedin.com/sales/search/people?query=(recentSearchParam:(id:5752546450,doLogHistory:true),filters:List((type:INDUSTRY,values:List((id:28,selectionType:INCLUDED))),(type:GEOGRAPHY,values:List((id:103537801,selectionType:INCLUDED))),(type:FOLLOWS_YOUR_COMPANY,values:List((id:CF,text:Following%2520your%2520company,selectionType:INCLUDED))),(type:RECENTLY_CHANGED_JOBS,values:List((id:RPC,text:Changed%2520jobs,selectionType:INCLUDED))),(type:RELATIONSHIP,values:List((id:O,text:3rd%252B%2520degree%2520connections,selectionType:INCLUDED))),(type:POSTED_ON_LINKEDIN,values:List((id:RPOL,text:Posted%2520on%2520LinkedIn,selectionType:INCLUDED)))))&sessionId=7PDP%2FfqwRIe1fIP96wVAIg%3D%3D&viewAllFilters=true",""
"221a6f68-f0c4-4e0f-9405-2366a1e238a3","43208d49-2c51-406f-937e-4ad9f99d787a",2,"pending","INDUSTRY","29",,"","https://www.linkedin.com/sales/search/people?query=(recentSearchParam:(id:5752546450,doLogHistory:true),filters:List((type:INDUSTRY,values:List((id:29,selectionType:INCLUDED))),(type:GEOGRAPHY,values:List((id:103537801,selectionType:INCLUDED))),(type:FOLLOWS_YOUR_COMPANY,values:List((id:CF,text:Following%2520your%2520company,selectionType:INCLUDED))),(type:RECENTLY_CHANGED_JOBS,values:List((id:RPC,text:Changed%2520jobs,selectionType:INCLUDED))),(type:RELATIONSHIP,values:List((id:O,text:3rd%252B%2520degree%2520connections,selectionType:INCLUDED))),(type:POSTED_ON_LINKEDIN,values:List((id:RPOL,text:Posted%2520on%2520LinkedIn,selectionType:INCLUDED)))))&sessionId=7PDP%2FfqwRIe1fIP96wVAIg%3D%3D&viewAllFilters=true",""
"da20315c-7e1d-4ef6-82c1-d06b6e9d9a20","43208d49-2c51-406f-937e-4ad9f99d787a",2,"pending","INDUSTRY","30",,"","https://www.linkedin.com/sales/search/people?query=(recentSearchParam:(id:5752546450,doLogHistory:true),filters:List((type:INDUSTRY,values:List((id:30,selectionType:INCLUDED))),(type:GEOGRAPHY,values:List((id:103537801,selectionType:INCLUDED))),(type:FOLLOWS_YOUR_COMPANY,values:List((id:CF,text:Following%2520your%2520company,selectionType:INCLUDED))),(type:RECENTLY_CHANGED_JOBS,values:List((id:RPC,text:Changed%2520jobs,selectionType:INCLUDED))),(type:RELATIONSHIP,values:List((id:O,text:3rd%252B%2520degree%2520connections,selectionType:INCLUDED))),(type:POSTED_ON_LINKEDIN,values:List((id:RPOL,text:Posted%2520on%2520LinkedIn,selectionType:INCLUDED)))))&sessionId=7PDP%2FfqwRIe1fIP96wVAIg%3D%3D&viewAllFilters=true",""
"bfcca372-8d06-4aa8-9b13-5101af6e6902","43208d49-2c51-406f-937e-4ad9f99d787a",2,"pending","INDUSTRY","31",,"","https://www.linkedin.com/sales/search/people?query=(recentSearchParam:(id:5752546450,doLogHistory:true),filters:List((type:INDUSTRY,values:List((id:31,selectionType:INCLUDED))),(type:GEOGRAPHY,values:List((id:103537801,selectionType:INCLUDED))),(type:FOLLOWS_YOUR_COMPANY,values:List((id:CF,text:Following%2520your%2520company,selectionType:INCLUDED))),(type:RECENTLY_CHANGED_JOBS,values:List((id:RPC,text:Changed%2520jobs,selectionType:INCLUDED))),(type:RELATIONSHIP,values:List((id:O,text:3rd%252B%2520degree%2520connections,selectionType:INCLUDED))),(type:POSTED_ON_LINKEDIN,values:List((id:RPOL,text:Posted%2520on%2520LinkedIn,selectionType:INCLUDED)))))&sessionId=7PDP%2FfqwRIe1fIP96wVAIg%3D%3D&viewAllFilters=true",""
"5e8105ad-4031-4b35-bfda-95e03d10d1f6","43208d49-2c51-406f-937e-4ad9f99d787a",2,"pending","INDUSTRY","32",,"","https://www.linkedin.com/sales/search/people?query=(recentSearchParam:(id:5752546450,doLogHistory:true),filters:List((type:INDUSTRY,values:List((id:32,selectionType:INCLUDED))),(type:GEOGRAPHY,values:List((id:103537801,selectionType:INCLUDED))),(type:FOLLOWS_YOUR_COMPANY,values:List((id:CF,text:Following%2520your%2520company,selectionType:INCLUDED))),(type:RECENTLY_CHANGED_JOBS,values:List((id:RPC,text:Changed%2520jobs,selectionType:INCLUDED))),(type:RELATIONSHIP,values:List((id:O,text:3rd%252B%2520degree%2520connections,selectionType:INCLUDED))),(type:POSTED_ON_LINKEDIN,values:List((id:RPOL,text:Posted%2520on%2520LinkedIn,selectionType:INCLUDED)))))&sessionId=7PDP%2FfqwRIe1fIP96wVAIg%3D%3D&viewAllFilters=true",""
"365348fc-aab6-44f9-a0eb-cd9d032633ae","43208d49-2c51-406f-937e-4ad9f99d787a",2,"pending","INDUSTRY","33",,"","https://www.linkedin.com/sales/search/people?query=(recentSearchParam:(id:5752546450,doLogHistory:true),filters:List((type:INDUSTRY,values:List((id:33,selectionType:INCLUDED))),(type:GEOGRAPHY,values:List((id:103537801,selectionType:INCLUDED))),(type:FOLLOWS_YOUR_COMPANY,values:List((id:CF,text:Following%2520your%2520company,selectionType:INCLUDED))),(type:RECENTLY_CHANGED_JOBS,values:List((id:RPC,text:Changed%2520jobs,selectionType:INCLUDED))),(type:RELATIONSHIP,values:List((id:O,text:3rd%252B%2520degree%2520connections,selectionType:INCLUDED))),(type:POSTED_ON_LINKEDIN,values:List((id:RPOL,text:Posted%2520on%2520LinkedIn,selectionType:INCLUDED)))))&sessionId=7PDP%2FfqwRIe1fIP96wVAIg%3D%3D&viewAllFilters=true",""
"698a74d4-20fb-4b9e-91bb-26df256c520f","43208d49-2c51-406f-937e-4ad9f99d787a",2,"pending","INDUSTRY","34",,"","https://www.linkedin.com/sales/search/people?query=(recentSearchParam:(id:5752546450,doLogHistory:true),filters:List((type:INDUSTRY,values:List((id:34,selectionType:INCLUDED))),(type:GEOGRAPHY,values:List((id:103537801,selectionType:INCLUDED))),(type:FOLLOWS_YOUR_COMPANY,values:List((id:CF,text:Following%2520your%2520company,selectionType:INCLUDED))),(type:RECENTLY_CHANGED_JOBS,values:List((id:RPC,text:Changed%2520jobs,selectionType:INCLUDED))),(type:RELATIONSHIP,values:List((id:O,text:3rd%252B%2520degree%2520connections,selectionType:INCLUDED))),(type:POSTED_ON_LINKEDIN,values:List((id:RPOL,text:Posted%2520on%2520LinkedIn,selectionType:INCLUDED)))))&sessionId=7PDP%2FfqwRIe1fIP96wVAIg%3D%3D&viewAllFilters=true",""
"ad39e1de-9b61-4474-92d6-93b1127d3a3c","43208d49-2c51-406f-937e-4ad9f99d787a",2,"pending","INDUSTRY","35",,"","https://www.linkedin.com/sales/search/people?query=(recentSearchParam:(id:5752546450,doLogHistory:true),filters:List((type:INDUSTRY,values:List((id:35,selectionType:INCLUDED))),(type:GEOGRAPHY,values:List((id:103537801,selectionType:INCLUDED))),(type:FOLLOWS_YOUR_COMPANY,values:List((id:CF,text:Following%2520your%2520company,selectionType:INCLUDED))),(type:RECENTLY_CHANGED_JOBS,values:List((id:RPC,text:Changed%2520jobs,selectionType:INCLUDED))),(type:RELATIONSHIP,values:List((id:O,text:3rd%252B%2520degree%2520connections,selectionType:INCLUDED))),(type:POSTED_ON_LINKEDIN,values:List((id:RPOL,text:Posted%2520on%2520LinkedIn,selectionType:INCLUDED)))))&sessionId=7PDP%2FfqwRIe1fIP96wVAIg%3D%3D&viewAllFilters=true",""
"6affad2d-2d6c-444a-b2f0-bb212583a2d6","43208d49-2c51-406f-937e-4ad9f99d787a",2,"pending","INDUSTRY","36",,"","https://www.linkedin.com/sales/search/people?query=(recentSearchParam:(id:5752546450,doLogHistory:true),filters:List((type:INDUSTRY,values:List((id:36,selectionType:INCLUDED))),(type:GEOGRAPHY,values:List((id:103537801,selectionType:INCLUDED))),(type:FOLLOWS_YOUR_COMPANY,values:List((id:CF,text:Following%2520your%2520company,selectionType:INCLUDED))),(type:RECENTLY_CHANGED_JOBS,values:List((id:RPC,text:Changed%2520jobs,selectionType:INCLUDED))),(type:RELATIONSHIP,values:List((id:O,text:3rd%252B%2520degree%2520connections,selectionType:INCLUDED))),(type:POSTED_ON_LINKEDIN,values:List((id:RPOL,text:Posted%2520on%2520LinkedIn,selectionType:INCLUDED)))))&sessionId=7PDP%2FfqwRIe1fIP96wVAIg%3D%3D&viewAllFilters=true",""
"50fdfea9-a518-4611-ac13-ecde26ba0f45","43208d49-2c51-406f-937e-4ad9f99d787a",2,"pending","INDUSTRY","37",,"","https://www.linkedin.com/sales/search/people?query=(recentSearchParam:(id:5752546450,doLogHistory:true),filters:List((type:INDUSTRY,values:List((id:37,selectionType:INCLUDED))),(type:GEOGRAPHY,values:List((id:103537801,selectionType:INCLUDED))),(type:FOLLOWS_YOUR_COMPANY,values:List((id:CF,text:Following%2520your%2520company,selectionType:INCLUDED))),(type:RECENTLY_CHANGED_JOBS,values:List((id:RPC,text:Changed%2520jobs,selectionType:INCLUDED))),(type:RELATIONSHIP,values:List((id:O,text:3rd%252B%2520degree%2520connections,selectionType:INCLUDED))),(type:POSTED_ON_LINKEDIN,values:List((id:RPOL,text:Posted%2520on%2520LinkedIn,selectionType:INCLUDED)))))&sessionId=7PDP%2FfqwRIe1fIP96wVAIg%3D%3D&viewAllFilters=true",""
"8baa6bb2-399f-41e9-a717-ae981cb138dd","43208d49-2c51-406f-937e-4ad9f99d787a",2,"pending","INDUSTRY","38",,"","https://www.linkedin.com/sales/search/people?query=(recentSearchParam:(id:5752546450,doLogHistory:true),filters:List((type:INDUSTRY,values:List((id:38,selectionType:INCLUDED))),(type:GEOGRAPHY,values:List((id:103537801,selectionType:INCLUDED))),(type:FOLLOWS_YOUR_COMPANY,values:List((id:CF,text:Following%2520your%2520company,selectionType:INCLUDED))),(type:RECENTLY_CHANGED_JOBS,values:List((id:RPC,text:Changed%2520jobs,selectionType:INCLUDED))),(type:RELATIONSHIP,values:List((id:O,text:3rd%252B%2520degree%2520connections,selectionType:INCLUDED))),(type:POSTED_ON_LINKEDIN,values:List((id:RPOL,text:Posted%2520on%2520LinkedIn,selectionType:INCLUDED)))))&sessionId=7PDP%2FfqwRIe1fIP96wVAIg%3D%3D&viewAllFilters=true",""
"563af140-8ec6-435c-a8cb-5e44f51d9cf8","43208d49-2c51-406f-937e-4ad9f99d787a",2,"pending","INDUSTRY","39",,"","https://www.linkedin.com/sales/search/people?query=(recentSearchParam:(id:5752546450,doLogHistory:true),filters:List((type:INDUSTRY,values:List((id:39,selectionType:INCLUDED))),(type:GEOGRAPHY,values:List((id:103537801,selectionType:INCLUDED))),(type:FOLLOWS_YOUR_COMPANY,values:List((id:CF,text:Following%2520your%2520company,selectionType:INCLUDED))),(type:RECENTLY_CHANGED_JOBS,values:List((id:RPC,text:Changed%2520jobs,selectionType:INCLUDED))),(type:RELATIONSHIP,values:List((id:O,text:3rd%252B%2520degree%2520connections,selectionType:INCLUDED))),(type:POSTED_ON_LINKEDIN,values:List((id:RPOL,text:Posted%2520on%2520LinkedIn,selectionType:INCLUDED)))))&sessionId=7PDP%2FfqwRIe1fIP96wVAIg%3D%3D&viewAllFilters=true",""
"3612103e-ea6a-4608-a27b-10c17c598cb4","43208d49-2c51-406f-937e-4ad9f99d787a",2,"pending","INDUSTRY","40",,"","https://www.linkedin.com/sales/search/people?query=(recentSearchParam:(id:5752546450,doLogHistory:true),filters:List((type:INDUSTRY,values:List((id:40,selectionType:INCLUDED))),(type:GEOGRAPHY,values:List((id:103537801,selectionType:INCLUDED))),(type:FOLLOWS_YOUR_COMPANY,values:List((id:CF,text:Following%2520your%2520company,selectionType:INCLUDED))),(type:RECENTLY_CHANGED_JOBS,values:List((id:RPC,text:Changed%2520jobs,selectionType:INCLUDED))),(type:RELATIONSHIP,values:List((id:O,text:3rd%252B%2520degree%2520connections,selectionType:INCLUDED))),(type:POSTED_ON_LINKEDIN,values:List((id:RPOL,text:Posted%2520on%2520LinkedIn,selectionType:INCLUDED)))))&sessionId=7PDP%2FfqwRIe1fIP96wVAIg%3D%3D&viewAllFilters=true",""
"a49248b2-6bef-46fb-87b3-515d96231f91","43208d49-2c51-406f-937e-4ad9f99d787a",2,"pending","INDUSTRY","41",,"","https://www.linkedin.com/sales/search/people?query=(recentSearchParam:(id:5752546450,doLogHistory:true),filters:List((type:INDUSTRY,values:List((id:41,selectionType:INCLUDED))),(type:GEOGRAPHY,values:List((id:103537801,selectionType:INCLUDED))),(type:FOLLOWS_YOUR_COMPANY,values:List((id:CF,text:Following%2520your%2520company,selectionType:INCLUDED))),(type:RECENTLY_CHANGED_JOBS,values:List((id:RPC,text:Changed%2520jobs,selectionType:INCLUDED))),(type:RELATIONSHIP,values:List((id:O,text:3rd%252B%2520degree%2520connections,selectionType:INCLUDED))),(type:POSTED_ON_LINKEDIN,values:List((id:RPOL,text:Posted%2520on%2520LinkedIn,selectionType:INCLUDED)))))&sessionId=7PDP%2FfqwRIe1fIP96wVAIg%3D%3D&viewAllFilters=true",""
"b69f98bb-5d32-4a62-b0f9-a4d85e85393d","43208d49-2c51-406f-937e-4ad9f99d787a",2,"pending","INDUSTRY","42",,"","https://www.linkedin.com/sales/search/people?query=(recentSearchParam:(id:5752546450,doLogHistory:true),filters:List((type:INDUSTRY,values:List((id:42,selectionType:INCLUDED))),(type:GEOGRAPHY,values:List((id:103537801,selectionType:INCLUDED))),(type:FOLLOWS_YOUR_COMPANY,values:List((id:CF,text:Following%2520your%2520company,selectionType:INCLUDED))),(type:RECENTLY_CHANGED_JOBS,values:List((id:RPC,text:Changed%2520jobs,selectionType:INCLUDED))),(type:RELATIONSHIP,values:List((id:O,text:3rd%252B%2520degree%2520connections,selectionType:INCLUDED))),(type:POSTED_ON_LINKEDIN,values:List((id:RPOL,text:Posted%2520on%2520LinkedIn,selectionType:INCLUDED)))))&sessionId=7PDP%2FfqwRIe1fIP96wVAIg%3D%3D&viewAllFilters=true",""
"93c7305e-6e2b-486d-9ff1-65aeceb8a061","43208d49-2c51-406f-937e-4ad9f99d787a",2,"pending","INDUSTRY","43",,"","https://www.linkedin.com/sales/search/people?query=(recentSearchParam:(id:5752546450,doLogHistory:true),filters:List((type:INDUSTRY,values:List((id:43,selectionType:INCLUDED))),(type:GEOGRAPHY,values:List((id:103537801,selectionType:INCLUDED))),(type:FOLLOWS_YOUR_COMPANY,values:List((id:CF,text:Following%2520your%2520company,selectionType:INCLUDED))),(type:RECENTLY_CHANGED_JOBS,values:List((id:RPC,text:Changed%2520jobs,selectionType:INCLUDED))),(type:RELATIONSHIP,values:List((id:O,text:3rd%252B%2520degree%2520connections,selectionType:INCLUDED))),(type:POSTED_ON_LINKEDIN,values:List((id:RPOL,text:Posted%2520on%2520LinkedIn,selectionType:INCLUDED)))))&sessionId=7PDP%2FfqwRIe1fIP96wVAIg%3D%3D&viewAllFilters=true",""
"36cb2a2d-34e3-441b-87a3-087ab6b5e602","43208d49-2c51-406f-937e-4ad9f99d787a",2,"pending","INDUSTRY","44",,"","https://www.linkedin.com/sales/search/people?query=(recentSearchParam:(id:5752546450,doLogHistory:true),filters:List((type:INDUSTRY,values:List((id:44,selectionType:INCLUDED))),(type:GEOGRAPHY,values:List((id:103537801,selectionType:INCLUDED))),(type:FOLLOWS_YOUR_COMPANY,values:List((id:CF,text:Following%2520your%2520company,selectionType:INCLUDED))),(type:RECENTLY_CHANGED_JOBS,values:List((id:RPC,text:Changed%2520jobs,selectionType:INCLUDED))),(type:RELATIONSHIP,values:List((id:O,text:3rd%252B%2520degree%2520connections,selectionType:INCLUDED))),(type:POSTED_ON_LINKEDIN,values:List((id:RPOL,text:Posted%2520on%2520LinkedIn,selectionType:INCLUDED)))))&sessionId=7PDP%2FfqwRIe1fIP96wVAIg%3D%3D&viewAllFilters=true",""
"d981b84d-4191-443d-9c63-ea3227b89e3b","43208d49-2c51-406f-937e-4ad9f99d787a",2,"pending","INDUSTRY","45",,"","https://www.linkedin.com/sales/search/people?query=(recentSearchParam:(id:5752546450,doLogHistory:true),filters:List((type:INDUSTRY,values:List((id:45,selectionType:INCLUDED))),(type:GEOGRAPHY,values:List((id:103537801,selectionType:INCLUDED))),(type:FOLLOWS_YOUR_COMPANY,values:List((id:CF,text:Following%2520your%2520company,selectionType:INCLUDED))),(type:RECENTLY_CHANGED_JOBS,values:List((id:RPC,text:Changed%2520jobs,selectionType:INCLUDED))),(type:RELATIONSHIP,values:List((id:O,text:3rd%252B%2520degree%2520connections,selectionType:INCLUDED))),(type:POSTED_ON_LINKEDIN,values:List((id:RPOL,text:Posted%2520on%2520LinkedIn,selectionType:INCLUDED)))))&sessionId=7PDP%2FfqwRIe1fIP96wVAIg%3D%3D&viewAllFilters=true",""
"6e14db23-84e1-49bd-a50c-9dc404330c23","43208d49-2c51-406f-937e-4ad9f99d787a",2,"pending","INDUSTRY","46",,"","https://www.linkedin.com/sales/search/people?query=(recentSearchParam:(id:5752546450,doLogHistory:true),filters:List((type:INDUSTRY,values:List((id:46,selectionType:INCLUDED))),(type:GEOGRAPHY,values:List((id:103537801,selectionType:INCLUDED))),(type:FOLLOWS_YOUR_COMPANY,values:List((id:CF,text:Following%2520your%2520company,selectionType:INCLUDED))),(type:RECENTLY_CHANGED_JOBS,values:List((id:RPC,text:Changed%2520jobs,selectionType:INCLUDED))),(type:RELATIONSHIP,values:List((id:O,text:3rd%252B%2520degree%2520connections,selectionType:INCLUDED))),(type:POSTED_ON_LINKEDIN,values:List((id:RPOL,text:Posted%2520on%2520LinkedIn,selectionType:INCLUDED)))))&sessionId=7PDP%2FfqwRIe1fIP96wVAIg%3D%3D&viewAllFilters=true",""
"fb7ebe64-8f71-4129-b45c-602b1e59ed48","43208d49-2c51-406f-937e-4ad9f99d787a",2,"pending","INDUSTRY","47",,"","https://www.linkedin.com/sales/search/people?query=(recentSearchParam:(id:5752546450,doLogHistory:true),filters:List((type:INDUSTRY,values:List((id:47,selectionType:INCLUDED))),(type:GEOGRAPHY,values:List((id:103537801,selectionType:INCLUDED))),(type:FOLLOWS_YOUR_COMPANY,values:List((id:CF,text:Following%2520your%2520company,selectionType:INCLUDED))),(type:RECENTLY_CHANGED_JOBS,values:List((id:RPC,text:Changed%2520jobs,selectionType:INCLUDED))),(type:RELATIONSHIP,values:List((id:O,text:3rd%252B%2520degree%2520connections,selectionType:INCLUDED))),(type:POSTED_ON_LINKEDIN,values:List((id:RPOL,text:Posted%2520on%2520LinkedIn,selectionType:INCLUDED)))))&sessionId=7PDP%2FfqwRIe1fIP96wVAIg%3D%3D&viewAllFilters=true",""
"7839d80b-4fe9-4745-aaa3-7b2fc9eadc43","43208d49-2c51-406f-937e-4ad9f99d787a",2,"pending","INDUSTRY","48",,"","https://www.linkedin.com/sales/search/people?query=(recentSearchParam:(id:5752546450,doLogHistory:true),filters:List((type:INDUSTRY,values:List((id:48,selectionType:INCLUDED))),(type:GEOGRAPHY,values:List((id:103537801,selectionType:INCLUDED))),(type:FOLLOWS_YOUR_COMPANY,values:List((id:CF,text:Following%2520your%2520company,selectionType:INCLUDED))),(type:RECENTLY_CHANGED_JOBS,values:List((id:RPC,text:Changed%2520jobs,selectionType:INCLUDED))),(type:RELATIONSHIP,values:List((id:O,text:3rd%252B%2520degree%2520connections,selectionType:INCLUDED))),(type:POSTED_ON_LINKEDIN,values:List((id:RPOL,text:Posted%2520on%2520LinkedIn,selectionType:INCLUDED)))))&sessionId=7PDP%2FfqwRIe1fIP96wVAIg%3D%3D&viewAllFilters=true",""
"8ddb6954-ee64-4abb-82fd-df7a8dc6faa6","43208d49-2c51-406f-937e-4ad9f99d787a",2,"pending","INDUSTRY","49",,"","https://www.linkedin.com/sales/search/people?query=(recentSearchParam:(id:5752546450,doLogHistory:true),filters:List((type:INDUSTRY,values:List((id:49,selectionType:INCLUDED))),(type:GEOGRAPHY,values:List((id:103537801,selectionType:INCLUDED))),(type:FOLLOWS_YOUR_COMPANY,values:List((id:CF,text:Following%2520your%2520company,selectionType:INCLUDED))),(type:RECENTLY_CHANGED_JOBS,values:List((id:RPC,text:Changed%2520jobs,selectionType:INCLUDED))),(type:RELATIONSHIP,values:List((id:O,text:3rd%252B%2520degree%2520connections,selectionType:INCLUDED))),(type:POSTED_ON_LINKEDIN,values:List((id:RPOL,text:Posted%2520on%2520LinkedIn,selectionType:INCLUDED)))))&sessionId=7PDP%2FfqwRIe1fIP96wVAIg%3D%3D&viewAllFilters=true",""
"abdd3e01-26aa-4e01-b0ef-f982ad404a5b","43208d49-2c51-406f-937e-4ad9f99d787a",2,"pending","INDUSTRY","50",,"","https://www.linkedin.com/sales/search/people?query=(recentSearchParam:(id:5752546450,doLogHistory:true),filters:List((type:INDUSTRY,values:List((id:50,selectionType:INCLUDED))),(type:GEOGRAPHY,values:List((id:103537801,selectionType:INCLUDED))),(type:FOLLOWS_YOUR_COMPANY,values:List((id:CF,text:Following%2520your%2520company,selectionType:INCLUDED))),(type:RECENTLY_CHANGED_JOBS,values:List((id:RPC,text:Changed%2520jobs,selectionType:INCLUDED))),(type:RELATIONSHIP,values:List((id:O,text:3rd%252B%2520degree%2520connections,selectionType:INCLUDED))),(type:POSTED_ON_LINKEDIN,values:List((id:RPOL,text:Posted%2520on%2520LinkedIn,selectionType:INCLUDED)))))&sessionId=7PDP%2FfqwRIe1fIP96wVAIg%3D%3D&viewAllFilters=true",""
"7828e7c3-dfa6-4012-9134-3e570810d1fd","43208d49-2c51-406f-937e-4ad9f99d787a",2,"pending","INDUSTRY","51",,"","https://www.linkedin.com/sales/search/people?query=(recentSearchParam:(id:5752546450,doLogHistory:true),filters:List((type:INDUSTRY,values:List((id:51,selectionType:INCLUDED))),(type:GEOGRAPHY,values:List((id:103537801,selectionType:INCLUDED))),(type:FOLLOWS_YOUR_COMPANY,values:List((id:CF,text:Following%2520your%2520company,selectionType:INCLUDED))),(type:RECENTLY_CHANGED_JOBS,values:List((id:RPC,text:Changed%2520jobs,selectionType:INCLUDED))),(type:RELATIONSHIP,values:List((id:O,text:3rd%252B%2520degree%2520connections,selectionType:INCLUDED))),(type:POSTED_ON_LINKEDIN,values:List((id:RPOL,text:Posted%2520on%2520LinkedIn,selectionType:INCLUDED)))))&sessionId=7PDP%2FfqwRIe1fIP96wVAIg%3D%3D&viewAllFilters=true",""
"058d7b69-f784-4848-b994-d1e0843e2d1d","43208d49-2c51-406f-937e-4ad9f99d787a",2,"pending","INDUSTRY","52",,"","https://www.linkedin.com/sales/search/people?query=(recentSearchParam:(id:5752546450,doLogHistory:true),filters:List((type:INDUSTRY,values:List((id:52,selectionType:INCLUDED))),(type:GEOGRAPHY,values:List((id:103537801,selectionType:INCLUDED))),(type:FOLLOWS_YOUR_COMPANY,values:List((id:CF,text:Following%2520your%2520company,selectionType:INCLUDED))),(type:RECENTLY_CHANGED_JOBS,values:List((id:RPC,text:Changed%2520jobs,selectionType:INCLUDED))),(type:RELATIONSHIP,values:List((id:O,text:3rd%252B%2520degree%2520connections,selectionType:INCLUDED))),(type:POSTED_ON_LINKEDIN,values:List((id:RPOL,text:Posted%2520on%2520LinkedIn,selectionType:INCLUDED)))))&sessionId=7PDP%2FfqwRIe1fIP96wVAIg%3D%3D&viewAllFilters=true",""
"543865c3-57e8-4600-956d-30d4fe3ef465","43208d49-2c51-406f-937e-4ad9f99d787a",2,"pending","INDUSTRY","53",,"","https://www.linkedin.com/sales/search/people?query=(recentSearchParam:(id:5752546450,doLogHistory:true),filters:List((type:INDUSTRY,values:List((id:53,selectionType:INCLUDED))),(type:GEOGRAPHY,values:List((id:103537801,selectionType:INCLUDED))),(type:FOLLOWS_YOUR_COMPANY,values:List((id:CF,text:Following%2520your%2520company,selectionType:INCLUDED))),(type:RECENTLY_CHANGED_JOBS,values:List((id:RPC,text:Changed%2520jobs,selectionType:INCLUDED))),(type:RELATIONSHIP,values:List((id:O,text:3rd%252B%2520degree%2520connections,selectionType:INCLUDED))),(type:POSTED_ON_LINKEDIN,values:List((id:RPOL,text:Posted%2520on%2520LinkedIn,selectionType:INCLUDED)))))&sessionId=7PDP%2FfqwRIe1fIP96wVAIg%3D%3D&viewAllFilters=true",""
"7d82fa88-9944-4043-98d2-f9a79b249f2a","43208d49-2c51-406f-937e-4ad9f99d787a",2,"pending","INDUSTRY","54",,"","https://www.linkedin.com/sales/search/people?query=(recentSearchParam:(id:5752546450,doLogHistory:true),filters:List((type:INDUSTRY,values:List((id:54,selectionType:INCLUDED))),(type:GEOGRAPHY,values:List((id:103537801,selectionType:INCLUDED))),(type:FOLLOWS_YOUR_COMPANY,values:List((id:CF,text:Following%2520your%2520company,selectionType:INCLUDED))),(type:RECENTLY_CHANGED_JOBS,values:List((id:RPC,text:Changed%2520jobs,selectionType:INCLUDED))),(type:RELATIONSHIP,values:List((id:O,text:3rd%252B%2520degree%2520connections,selectionType:INCLUDED))),(type:POSTED_ON_LINKEDIN,values:List((id:RPOL,text:Posted%2520on%2520LinkedIn,selectionType:INCLUDED)))))&sessionId=7PDP%2FfqwRIe1fIP96wVAIg%3D%3D&viewAllFilters=true",""
"5abfd8e1-de04-45fe-bb39-00a119cc901d","43208d49-2c51-406f-937e-4ad9f99d787a",2,"pending","INDUSTRY","55",,"","https://www.linkedin.com/sales/search/people?query=(recentSearchParam:(id:5752546450,doLogHistory:true),filters:List((type:INDUSTRY,values:List((id:55,selectionType:INCLUDED))),(type:GEOGRAPHY,values:List((id:103537801,selectionType:INCLUDED))),(type:FOLLOWS_YOUR_COMPANY,values:List((id:CF,text:Following%2520your%2520company,selectionType:INCLUDED))),(type:RECENTLY_CHANGED_JOBS,values:List((id:RPC,text:Changed%2520jobs,selectionType:INCLUDED))),(type:RELATIONSHIP,values:List((id:O,text:3rd%252B%2520degree%2520connections,selectionType:INCLUDED))),(type:POSTED_ON_LINKEDIN,values:List((id:RPOL,text:Posted%2520on%2520LinkedIn,selectionType:INCLUDED)))))&sessionId=7PDP%2FfqwRIe1fIP96wVAIg%3D%3D&viewAllFilters=true",""
"d778a87c-6ecf-4c5a-87bf-4b7e51cb2482","43208d49-2c51-406f-937e-4ad9f99d787a",2,"pending","INDUSTRY","56",,"","https://www.linkedin.com/sales/search/people?query=(recentSearchParam:(id:5752546450,doLogHistory:true),filters:List((type:INDUSTRY,values:List((id:56,selectionType:INCLUDED))),(type:GEOGRAPHY,values:List((id:103537801,selectionType:INCLUDED))),(type:FOLLOWS_YOUR_COMPANY,values:List((id:CF,text:Following%2520your%2520company,selectionType:INCLUDED))),(type:RECENTLY_CHANGED_JOBS,values:List((id:RPC,text:Changed%2520jobs,selectionType:INCLUDED))),(type:RELATIONSHIP,values:List((id:O,text:3rd%252B%2520degree%2520connections,selectionType:INCLUDED))),(type:POSTED_ON_LINKEDIN,values:List((id:RPOL,text:Posted%2520on%2520LinkedIn,selectionType:INCLUDED)))))&sessionId=7PDP%2FfqwRIe1fIP96wVAIg%3D%3D&viewAllFilters=true",""
"c13d761f-98b5-452b-bab6-da0d2f7f217f","43208d49-2c51-406f-937e-4ad9f99d787a",2,"pending","INDUSTRY","57",,"","https://www.linkedin.com/sales/search/people?query=(recentSearchParam:(id:5752546450,doLogHistory:true),filters:List((type:INDUSTRY,values:List((id:57,selectionType:INCLUDED))),(type:GEOGRAPHY,values:List((id:103537801,selectionType:INCLUDED))),(type:FOLLOWS_YOUR_COMPANY,values:List((id:CF,text:Following%2520your%2520company,selectionType:INCLUDED))),(type:RECENTLY_CHANGED_JOBS,values:List((id:RPC,text:Changed%2520jobs,selectionType:INCLUDED))),(type:RELATIONSHIP,values:List((id:O,text:3rd%252B%2520degree%2520connections,selectionType:INCLUDED))),(type:POSTED_ON_LINKEDIN,values:List((id:RPOL,text:Posted%2520on%2520LinkedIn,selectionType:INCLUDED)))))&sessionId=7PDP%2FfqwRIe1fIP96wVAIg%3D%3D&viewAllFilters=true",""
"68a498f0-7215-43fc-ba51-e6abaec68e17","43208d49-2c51-406f-937e-4ad9f99d787a",2,"pending","INDUSTRY","58",,"","https://www.linkedin.com/sales/search/people?query=(recentSearchParam:(id:5752546450,doLogHistory:true),filters:List((type:INDUSTRY,values:List((id:58,selectionType:INCLUDED))),(type:GEOGRAPHY,values:List((id:103537801,selectionType:INCLUDED))),(type:FOLLOWS_YOUR_COMPANY,values:List((id:CF,text:Following%2520your%2520company,selectionType:INCLUDED))),(type:RECENTLY_CHANGED_JOBS,values:List((id:RPC,text:Changed%2520jobs,selectionType:INCLUDED))),(type:RELATIONSHIP,values:List((id:O,text:3rd%252B%2520degree%2520connections,selectionType:INCLUDED))),(type:POSTED_ON_LINKEDIN,values:List((id:RPOL,text:Posted%2520on%2520LinkedIn,selectionType:INCLUDED)))))&sessionId=7PDP%2FfqwRIe1fIP96wVAIg%3D%3D&viewAllFilters=true",""
"ebc0a375-940c-4b97-beed-ca7326caef69","43208d49-2c51-406f-937e-4ad9f99d787a",2,"pending","INDUSTRY","59",,"","https://www.linkedin.com/sales/search/people?query=(recentSearchParam:(id:5752546450,doLogHistory:true),filters:List((type:INDUSTRY,values:List((id:59,selectionType:INCLUDED))),(type:GEOGRAPHY,values:List((id:103537801,selectionType:INCLUDED))),(type:FOLLOWS_YOUR_COMPANY,values:List((id:CF,text:Following%2520your%2520company,selectionType:INCLUDED))),(type:RECENTLY_CHANGED_JOBS,values:List((id:RPC,text:Changed%2520jobs,selectionType:INCLUDED))),(type:RELATIONSHIP,values:List((id:O,text:3rd%252B%2520degree%2520connections,selectionType:INCLUDED))),(type:POSTED_ON_LINKEDIN,values:List((id:RPOL,text:Posted%2520on%2520LinkedIn,selectionType:INCLUDED)))))&sessionId=7PDP%2FfqwRIe1fIP96wVAIg%3D%3D&viewAllFilters=true",""
"c2ff1831-ef1d-4987-9502-e5f9e0ea9489","43208d49-2c51-406f-937e-4ad9f99d787a",2,"pending","INDUSTRY","60",,"","https://www.linkedin.com/sales/search/people?query=(recentSearchParam:(id:5752546450,doLogHistory:true),filters:List((type:INDUSTRY,values:List((id:60,selectionType:INCLUDED))),(type:GEOGRAPHY,values:List((id:103537801,selectionType:INCLUDED))),(type:FOLLOWS_YOUR_COMPANY,values:List((id:CF,text:Following%2520your%2520company,selectionType:INCLUDED))),(type:RECENTLY_CHANGED_JOBS,values:List((id:RPC,text:Changed%2520jobs,selectionType:INCLUDED))),(type:RELATIONSHIP,values:List((id:O,text:3rd%252B%2520degree%2520connections,selectionType:INCLUDED))),(type:POSTED_ON_LINKEDIN,values:List((id:RPOL,text:Posted%2520on%2520LinkedIn,selectionType:INCLUDED)))))&sessionId=7PDP%2FfqwRIe1fIP96wVAIg%3D%3D&viewAllFilters=true",""
"ec00f345-1f31-4018-8d7a-5769af19da9d","43208d49-2c51-406f-937e-4ad9f99d787a",2,"pending","INDUSTRY","61",,"","https://www.linkedin.com/sales/search/people?query=(recentSearchParam:(id:5752546450,doLogHistory:true),filters:List((type:INDUSTRY,values:List((id:61,selectionType:INCLUDED))),(type:GEOGRAPHY,values:List((id:103537801,selectionType:INCLUDED))),(type:FOLLOWS_YOUR_COMPANY,values:List((id:CF,text:Following%2520your%2520company,selectionType:INCLUDED))),(type:RECENTLY_CHANGED_JOBS,values:List((id:RPC,text:Changed%2520jobs,selectionType:INCLUDED))),(type:RELATIONSHIP,values:List((id:O,text:3rd%252B%2520degree%2520connections,selectionType:INCLUDED))),(type:POSTED_ON_LINKEDIN,values:List((id:RPOL,text:Posted%2520on%2520LinkedIn,selectionType:INCLUDED)))))&sessionId=7PDP%2FfqwRIe1fIP96wVAIg%3D%3D&viewAllFilters=true",""
"a9c44e33-40c9-4a9c-9657-274427a2cc3f","43208d49-2c51-406f-937e-4ad9f99d787a",2,"pending","INDUSTRY","62",,"","https://www.linkedin.com/sales/search/people?query=(recentSearchParam:(id:5752546450,doLogHistory:true),filters:List((type:INDUSTRY,values:List((id:62,selectionType:INCLUDED))),(type:GEOGRAPHY,values:List((id:103537801,selectionType:INCLUDED))),(type:FOLLOWS_YOUR_COMPANY,values:List((id:CF,text:Following%2520your%2520company,selectionType:INCLUDED))),(type:RECENTLY_CHANGED_JOBS,values:List((id:RPC,text:Changed%2520jobs,selectionType:INCLUDED))),(type:RELATIONSHIP,values:List((id:O,text:3rd%252B%2520degree%2520connections,selectionType:INCLUDED))),(type:POSTED_ON_LINKEDIN,values:List((id:RPOL,text:Posted%2520on%2520LinkedIn,selectionType:INCLUDED)))))&sessionId=7PDP%2FfqwRIe1fIP96wVAIg%3D%3D&viewAllFilters=true",""
"5475f38b-0db5-4e17-b622-6c2b80394238","43208d49-2c51-406f-937e-4ad9f99d787a",2,"pending","INDUSTRY","63",,"","https://www.linkedin.com/sales/search/people?query=(recentSearchParam:(id:5752546450,doLogHistory:true),filters:List((type:INDUSTRY,values:List((id:63,selectionType:INCLUDED))),(type:GEOGRAPHY,values:List((id:103537801,selectionType:INCLUDED))),(type:FOLLOWS_YOUR_COMPANY,values:List((id:CF,text:Following%2520your%2520company,selectionType:INCLUDED))),(type:RECENTLY_CHANGED_JOBS,values:List((id:RPC,text:Changed%2520jobs,selectionType:INCLUDED))),(type:RELATIONSHIP,values:List((id:O,text:3rd%252B%2520degree%2520connections,selectionType:INCLUDED))),(type:POSTED_ON_LINKEDIN,values:List((id:RPOL,text:Posted%2520on%2520LinkedIn,selectionType:INCLUDED)))))&sessionId=7PDP%2FfqwRIe1fIP96wVAIg%3D%3D&viewAllFilters=true",""
"6caf5f1e-ee88-4850-b1f9-538659c93ef7","43208d49-2c51-406f-937e-4ad9f99d787a",2,"pending","INDUSTRY","64",,"","https://www.linkedin.com/sales/search/people?query=(recentSearchParam:(id:5752546450,doLogHistory:true),filters:List((type:INDUSTRY,values:List((id:64,selectionType:INCLUDED))),(type:GEOGRAPHY,values:List((id:103537801,selectionType:INCLUDED))),(type:FOLLOWS_YOUR_COMPANY,values:List((id:CF,text:Following%2520your%2520company,selectionType:INCLUDED))),(type:RECENTLY_CHANGED_JOBS,values:List((id:RPC,text:Changed%2520jobs,selectionType:INCLUDED))),(type:RELATIONSHIP,values:List((id:O,text:3rd%252B%2520degree%2520connections,selectionType:INCLUDED))),(type:POSTED_ON_LINKEDIN,values:List((id:RPOL,text:Posted%2520on%2520LinkedIn,selectionType:INCLUDED)))))&sessionId=7PDP%2FfqwRIe1fIP96wVAIg%3D%3D&viewAllFilters=true",""
"e52b67d2-455c-4dc9-8ed9-98bd88e426bf","43208d49-2c51-406f-937e-4ad9f99d787a",2,"pending","INDUSTRY","65",,"","https://www.linkedin.com/sales/search/people?query=(recentSearchParam:(id:5752546450,doLogHistory:true),filters:List((type:INDUSTRY,values:List((id:65,selectionType:INCLUDED))),(type:GEOGRAPHY,values:List((id:103537801,selectionType:INCLUDED))),(type:FOLLOWS_YOUR_COMPANY,values:List((id:CF,text:Following%2520your%2520company,selectionType:INCLUDED))),(type:RECENTLY_CHANGED_JOBS,values:List((id:RPC,text:Changed%2520jobs,selectionType:INCLUDED))),(type:RELATIONSHIP,values:List((id:O,text:3rd%252B%2520degree%2520connections,selectionType:INCLUDED))),(type:POSTED_ON_LINKEDIN,values:List((id:RPOL,text:Posted%2520on%2520LinkedIn,selectionType:INCLUDED)))))&sessionId=7PDP%2FfqwRIe1fIP96wVAIg%3D%3D&viewAllFilters=true",""
"00848847-0183-41c2-a5c2-0247b75452b0","43208d49-2c51-406f-937e-4ad9f99d787a",2,"pending","INDUSTRY","66",,"","https://www.linkedin.com/sales/search/people?query=(recentSearchParam:(id:5752546450,doLogHistory:true),filters:List((type:INDUSTRY,values:List((id:66,selectionType:INCLUDED))),(type:GEOGRAPHY,values:List((id:103537801,selectionType:INCLUDED))),(type:FOLLOWS_YOUR_COMPANY,values:List((id:CF,text:Following%2520your%2520company,selectionType:INCLUDED))),(type:RECENTLY_CHANGED_JOBS,values:List((id:RPC,text:Changed%2520jobs,selectionType:INCLUDED))),(type:RELATIONSHIP,values:List((id:O,text:3rd%252B%2520degree%2520connections,selectionType:INCLUDED))),(type:POSTED_ON_LINKEDIN,values:List((id:RPOL,text:Posted%2520on%2520LinkedIn,selectionType:INCLUDED)))))&sessionId=7PDP%2FfqwRIe1fIP96wVAIg%3D%3D&viewAllFilters=true",""
"44b7ed43-3947-49a9-97f4-03177bbbe80d","43208d49-2c51-406f-937e-4ad9f99d787a",2,"pending","INDUSTRY","67",,"","https://www.linkedin.com/sales/search/people?query=(recentSearchParam:(id:5752546450,doLogHistory:true),filters:List((type:INDUSTRY,values:List((id:67,selectionType:INCLUDED))),(type:GEOGRAPHY,values:List((id:103537801,selectionType:INCLUDED))),(type:FOLLOWS_YOUR_COMPANY,values:List((id:CF,text:Following%2520your%2520company,selectionType:INCLUDED))),(type:RECENTLY_CHANGED_JOBS,values:List((id:RPC,text:Changed%2520jobs,selectionType:INCLUDED))),(type:RELATIONSHIP,values:List((id:O,text:3rd%252B%2520degree%2520connections,selectionType:INCLUDED))),(type:POSTED_ON_LINKEDIN,values:List((id:RPOL,text:Posted%2520on%2520LinkedIn,selectionType:INCLUDED)))))&sessionId=7PDP%2FfqwRIe1fIP96wVAIg%3D%3D&viewAllFilters=true",""
"a5f9bb5b-ba08-419c-af1b-f4b89500dd8a","43208d49-2c51-406f-937e-4ad9f99d787a",2,"pending","INDUSTRY","68",,"","https://www.linkedin.com/sales/search/people?query=(recentSearchParam:(id:5752546450,doLogHistory:true),filters:List((type:INDUSTRY,values:List((id:68,selectionType:INCLUDED))),(type:GEOGRAPHY,values:List((id:103537801,selectionType:INCLUDED))),(type:FOLLOWS_YOUR_COMPANY,values:List((id:CF,text:Following%2520your%2520company,selectionType:INCLUDED))),(type:RECENTLY_CHANGED_JOBS,values:List((id:RPC,text:Changed%2520jobs,selectionType:INCLUDED))),(type:RELATIONSHIP,values:List((id:O,text:3rd%252B%2520degree%2520connections,selectionType:INCLUDED))),(type:POSTED_ON_LINKEDIN,values:List((id:RPOL,text:Posted%2520on%2520LinkedIn,selectionType:INCLUDED)))))&sessionId=7PDP%2FfqwRIe1fIP96wVAIg%3D%3D&viewAllFilters=true",""
"03b4a67c-8e67-4fbe-84a1-08cbd1d638b6","43208d49-2c51-406f-937e-4ad9f99d787a",2,"pending","INDUSTRY","69",,"","https://www.linkedin.com/sales/search/people?query=(recentSearchParam:(id:5752546450,doLogHistory:true),filters:List((type:INDUSTRY,values:List((id:69,selectionType:INCLUDED))),(type:GEOGRAPHY,values:List((id:103537801,selectionType:INCLUDED))),(type:FOLLOWS_YOUR_COMPANY,values:List((id:CF,text:Following%2520your%2520company,selectionType:INCLUDED))),(type:RECENTLY_CHANGED_JOBS,values:List((id:RPC,text:Changed%2520jobs,selectionType:INCLUDED))),(type:RELATIONSHIP,values:List((id:O,text:3rd%252B%2520degree%2520connections,selectionType:INCLUDED))),(type:POSTED_ON_LINKEDIN,values:List((id:RPOL,text:Posted%2520on%2520LinkedIn,selectionType:INCLUDED)))))&sessionId=7PDP%2FfqwRIe1fIP96wVAIg%3D%3D&viewAllFilters=true",""
